ordinal,category,program_type,display_name,device,elapsed_ms,est_ops,est_mem,source_start,source_end,source_count,source_category_counts,source_category_basis,metadata
0,other,CompiledRunner,E_192_4_8_16_4,METAL,0.014749937690794468,0,3145732,0,0,1,"{""other"": 1}",unclassified_source_item_metadata,[]
1,other,CompiledRunner,r_1536_16_16,METAL,0.0038750004023313522,811008,1579008,1,1,1,"{""other"": 1}",unclassified_source_item_metadata,[]
2,other,CompiledRunner,r_16_96,METAL,0.0033333199098706245,3392,6148,2,2,1,"{""other"": 1}",unclassified_source_item_metadata,[]
3,other,CompiledRunner,r_256_16_96,METAL,0.004999921657145023,1253376,404484,3,3,1,"{""other"": 1}",unclassified_source_item_metadata,[]
4,other,CompiledRunner,r_16_16,METAL,0.0024583423510193825,832,1028,4,4,1,"{""other"": 1}",unclassified_source_item_metadata,[]
5,other,CompiledRunner,E_2_32_4,METAL,0.007708324119448662,8768,2564,5,5,1,"{""other"": 1}",unclassified_source_item_metadata,[]
6,other,CompiledRunner,E_192_4_8_16_4,METAL,0.00300002284348011,0,3145732,6,6,1,"{""other"": 1}",unclassified_source_item_metadata,[]
7,other,CompiledRunner,r_1536_16_16,METAL,0.0040833838284015656,811008,1579008,7,7,1,"{""other"": 1}",unclassified_source_item_metadata,[]
8,other,CompiledRunner,r_16_96,METAL,0.003125052899122238,3392,6148,8,8,1,"{""other"": 1}",unclassified_source_item_metadata,[]
9,other,CompiledRunner,r_256_16_96,METAL,0.06750004831701517,1253376,404484,9,9,1,"{""other"": 1}",unclassified_source_item_metadata,[]
10,other,CompiledRunner,r_16_16,METAL,0.12308324221521616,832,1028,10,10,1,"{""other"": 1}",unclassified_source_item_metadata,[]
11,other,CompiledRunner,E_2_32_4n1,METAL,0.002500019036233425,256,2052,11,11,1,"{""other"": 1}",unclassified_source_item_metadata,[]
12,other,CompiledRunner,E_192_4_8_16_4,METAL,0.003500026650726795,0,3145732,12,12,1,"{""other"": 1}",unclassified_source_item_metadata,[]
13,other,CompiledRunner,E_1120_4_8_16_4,METAL,0.006249989382922649,0,18350084,13,13,1,"{""other"": 1}",unclassified_source_item_metadata,[]
14,other,CompiledRunner,r_1536_16_16,METAL,0.0038750004023313522,811008,1579008,14,14,1,"{""other"": 1}",unclassified_source_item_metadata,[]
15,other,CompiledRunner,r_16_96,METAL,0.003249966539442539,3392,6148,15,15,1,"{""other"": 1}",unclassified_source_item_metadata,[]
16,other,CompiledRunner,r_70_32_4_384_4,METAL,0.05250005051493645,27543040,13840384,16,16,1,"{""other"": 1}",unclassified_source_item_metadata,[]
17,other,CompiledRunner,r_2048_16_96,METAL,0.012958305887877941,10027008,3171332,17,17,1,"{""other"": 1}",unclassified_source_item_metadata,[]
18,other,CompiledRunner,r_35_16_16,METAL,0.00241666566580534,29120,35980,18,18,1,"{""other"": 1}",unclassified_source_item_metadata,[]
19,other,CompiledRunner,r_8_16_16,METAL,0.002249958924949169,6656,8224,19,19,1,"{""other"": 1}",unclassified_source_item_metadata,[]
20,other,CompiledRunner,E_16_2_16_4,METAL,0.003500026650726795,37888,16928,20,20,1,"{""other"": 1}",unclassified_source_item_metadata,[]
21,other,CompiledRunner,r_4_32_4_2_4_32,METAL,0.009541749022901058,2097152,548864,21,21,1,"{""other"": 1}",unclassified_source_item_metadata,[]
22,other,CompiledRunner,r_8_16_32,METAL,0.002374988980591297,12288,16416,22,22,1,"{""other"": 1}",unclassified_source_item_metadata,[]
23,other,CompiledRunner,r_8_16_32n1,METAL,0.002875109203159809,18560,16448,23,23,1,"{""other"": 1}",unclassified_source_item_metadata,[]
24,other,CompiledRunner,r_2_32_4_2_4_64,METAL,0.016125035472214222,2197504,548928,24,24,1,"{""other"": 1}",unclassified_source_item_metadata,[]
25,other,CompiledRunner,r_1536_16_128,METAL,0.010541640222072601,6709248,3166208,25,25,1,"{""other"": 1}",unclassified_source_item_metadata,[]
26,other,CompiledRunner,r_16_96,METAL,0.003374996595084667,3392,6148,26,26,1,"{""other"": 1}",unclassified_source_item_metadata,[]
27,other,CompiledRunner,E_16_32_3,METAL,0.002500019036233425,4608,21508,27,27,1,"{""other"": 1}",unclassified_source_item_metadata,[]
28,other,CompiledRunner,r_16_96,METAL,0.003125052899122238,3392,6148,28,28,1,"{""other"": 1}",unclassified_source_item_metadata,[]
29,other,CompiledRunner,r_128_32_3_384_4,METAL,0.057416618801653385,44064768,18981892,29,29,1,"{""other"": 1}",unclassified_source_item_metadata,[]
30,other,CompiledRunner,r_1536_16_384,METAL,0.0431666849181056,113664000,9498624,30,30,1,"{""other"": 1}",unclassified_source_item_metadata,[]
31,other,CompiledRunner,r_16_96,METAL,0.0029999064281582832,3392,6148,31,31,1,"{""other"": 1}",unclassified_source_item_metadata,[]
32,other,CompiledRunner,E_16_32_3,METAL,0.002500019036233425,4608,21508,32,32,1,"{""other"": 1}",unclassified_source_item_metadata,[]
33,other,CompiledRunner,r_256_16_16_1536,METAL,0.02520834095776081,12779520,680588,33,33,1,"{""other"": 1}",unclassified_source_item_metadata,[]
34,other,CompiledRunner,r_1536_16_16n1,METAL,0.003666733391582966,1204224,406528,34,34,1,"{""other"": 1}",unclassified_source_item_metadata,[]
35,other,CompiledRunner,r_16_96,METAL,0.0030833762139081955,3392,6148,35,35,1,"{""other"": 1}",unclassified_source_item_metadata,[]
36,other,CompiledRunner,E_16_32_3n1,METAL,0.002541579306125641,6144,21510,36,36,1,"{""other"": 1}",unclassified_source_item_metadata,[]
37,other,CompiledRunner,r_16_96,METAL,0.003166729584336281,3392,6148,37,37,1,"{""other"": 1}",unclassified_source_item_metadata,[]
38,other,CompiledRunner,r_256_16_96,METAL,0.005124951712787151,1253376,404484,38,38,1,"{""other"": 1}",unclassified_source_item_metadata,[]
39,other,CompiledRunner,r_16_16,METAL,0.002250075340270996,832,1028,39,39,1,"{""other"": 1}",unclassified_source_item_metadata,[]
40,other,CompiledRunner,E_2_32_4,METAL,0.0072499969974160194,8768,2564,40,40,1,"{""other"": 1}",unclassified_source_item_metadata,[]
41,other,CompiledRunner,E_192_4_8_16_4,METAL,0.003374996595084667,0,3145732,41,41,1,"{""other"": 1}",unclassified_source_item_metadata,[]
42,other,CompiledRunner,E_1120_4_8_16_4,METAL,0.006375019438564777,0,18350084,42,42,1,"{""other"": 1}",unclassified_source_item_metadata,[]
43,other,CompiledRunner,r_1536_16_16,METAL,0.00400003045797348,811008,1579008,43,43,1,"{""other"": 1}",unclassified_source_item_metadata,[]
44,other,CompiledRunner,r_16_96,METAL,0.0031249364838004112,3392,6148,44,44,1,"{""other"": 1}",unclassified_source_item_metadata,[]
45,other,CompiledRunner,r_70_32_4_384_4,METAL,0.10412500705569983,27543040,13840384,45,45,1,"{""other"": 1}",unclassified_source_item_metadata,[]
46,other,CompiledRunner,r_2048_16_96,METAL,0.0914999982342124,10027008,3171332,46,46,1,"{""other"": 1}",unclassified_source_item_metadata,[]
47,other,CompiledRunner,r_35_16_16,METAL,0.0027082860469818115,29120,35980,47,47,1,"{""other"": 1}",unclassified_source_item_metadata,[]
48,other,CompiledRunner,r_8_16_16,METAL,0.00241666566580534,6656,8224,48,48,1,"{""other"": 1}",unclassified_source_item_metadata,[]
49,other,CompiledRunner,E_16_2_16_4,METAL,0.0035833800211548805,37888,16928,49,49,1,"{""other"": 1}",unclassified_source_item_metadata,[]
50,other,CompiledRunner,r_4_32_4_2_4_32,METAL,0.009083421900868416,2097152,548864,50,50,1,"{""other"": 1}",unclassified_source_item_metadata,[]
51,other,CompiledRunner,r_8_16_32,METAL,0.0024583423510193825,12288,16416,51,51,1,"{""other"": 1}",unclassified_source_item_metadata,[]
52,other,CompiledRunner,r_8_16_32n1,METAL,0.00300002284348011,18560,16448,52,52,1,"{""other"": 1}",unclassified_source_item_metadata,[]
53,other,CompiledRunner,r_2_32_4_2_4_64,METAL,0.015749945305287838,2197504,548928,53,53,1,"{""other"": 1}",unclassified_source_item_metadata,[]
54,other,CompiledRunner,r_1536_16_128,METAL,0.009916722774505615,6709248,3166208,54,54,1,"{""other"": 1}",unclassified_source_item_metadata,[]
55,other,CompiledRunner,r_16_96,METAL,0.0034582335501909256,3392,6148,55,55,1,"{""other"": 1}",unclassified_source_item_metadata,[]
56,other,CompiledRunner,E_16_32_3,METAL,0.0024583423510193825,4608,21508,56,56,1,"{""other"": 1}",unclassified_source_item_metadata,[]
57,other,CompiledRunner,r_16_96,METAL,0.003249966539442539,3392,6148,57,57,1,"{""other"": 1}",unclassified_source_item_metadata,[]
58,other,CompiledRunner,r_128_32_3_384_4,METAL,0.05687493830919266,44064768,18981892,58,58,1,"{""other"": 1}",unclassified_source_item_metadata,[]
59,other,CompiledRunner,r_1536_16_384,METAL,0.0435833353549242,113664000,9498624,59,59,1,"{""other"": 1}",unclassified_source_item_metadata,[]
60,other,CompiledRunner,r_16_96,METAL,0.003125052899122238,3392,6148,60,60,1,"{""other"": 1}",unclassified_source_item_metadata,[]
61,other,CompiledRunner,E_16_32_3,METAL,0.002500019036233425,4608,21508,61,61,1,"{""other"": 1}",unclassified_source_item_metadata,[]
62,other,CompiledRunner,r_256_16_16_1536,METAL,0.02537504769861698,12779520,680588,62,62,1,"{""other"": 1}",unclassified_source_item_metadata,[]
63,other,CompiledRunner,r_1536_16_16n1,METAL,0.0038750004023313522,1204224,406528,63,63,1,"{""other"": 1}",unclassified_source_item_metadata,[]
64,other,CompiledRunner,r_16_96,METAL,0.003249966539442539,3392,6148,64,64,1,"{""other"": 1}",unclassified_source_item_metadata,[]
65,other,CompiledRunner,E_16_32_3n1,METAL,0.002625049091875553,6144,21510,65,65,1,"{""other"": 1}",unclassified_source_item_metadata,[]
66,other,CompiledRunner,r_16_96,METAL,0.003249966539442539,3392,6148,66,66,1,"{""other"": 1}",unclassified_source_item_metadata,[]
67,other,CompiledRunner,r_256_16_96,METAL,0.005125068128108978,1253376,404484,67,67,1,"{""other"": 1}",unclassified_source_item_metadata,[]
68,other,CompiledRunner,r_16_16,METAL,0.002499902620911598,832,1028,68,68,1,"{""other"": 1}",unclassified_source_item_metadata,[]
69,other,CompiledRunner,E_2_32_4n1,METAL,0.0024583423510193825,256,2052,69,69,1,"{""other"": 1}",unclassified_source_item_metadata,[]
70,other,CompiledRunner,E_192_4_8_16_4,METAL,0.003374996595084667,0,3145732,70,70,1,"{""other"": 1}",unclassified_source_item_metadata,[]
71,other,CompiledRunner,E_1120_4_8_16_4,METAL,0.00641669612377882,0,18350084,71,71,1,"{""other"": 1}",unclassified_source_item_metadata,[]
72,other,CompiledRunner,r_1536_16_16,METAL,0.0038750004023313522,811008,1579008,72,72,1,"{""other"": 1}",unclassified_source_item_metadata,[]
73,other,CompiledRunner,r_16_96,METAL,0.0030832597985863686,3392,6148,73,73,1,"{""other"": 1}",unclassified_source_item_metadata,[]
74,other,CompiledRunner,r_70_32_4_384_4,METAL,0.05062494892627001,27543040,13840384,74,74,1,"{""other"": 1}",unclassified_source_item_metadata,[]
75,other,CompiledRunner,r_2048_16_96,METAL,0.011916621588170528,10027008,3171332,75,75,1,"{""other"": 1}",unclassified_source_item_metadata,[]
76,other,CompiledRunner,r_35_16_16,METAL,0.0024583423510193825,29120,35980,76,76,1,"{""other"": 1}",unclassified_source_item_metadata,[]
77,other,CompiledRunner,r_8_16_16,METAL,0.002374988980591297,6656,8224,77,77,1,"{""other"": 1}",unclassified_source_item_metadata,[]
78,other,CompiledRunner,r_35_4_16_4_64_4,METAL,0.042375060729682446,2338560,9247372,78,78,1,"{""other"": 1}",unclassified_source_item_metadata,[]
79,other,CompiledRunner,E_16_2_16_4,METAL,0.008750008419156075,37888,16928,79,79,1,"{""other"": 1}",unclassified_source_item_metadata,[]
80,other,CompiledRunner,r_4_32_4_2_4_32,METAL,0.15104166232049465,2097152,548864,80,80,1,"{""other"": 1}",unclassified_source_item_metadata,[]
81,other,CompiledRunner,r_8_16_32,METAL,0.0025833724066615105,12288,16416,81,81,1,"{""other"": 1}",unclassified_source_item_metadata,[]
82,other,CompiledRunner,r_8_16_32n1,METAL,0.003041699528694153,18560,16448,82,82,1,"{""other"": 1}",unclassified_source_item_metadata,[]
83,other,CompiledRunner,r_2_32_4_2_4_64,METAL,0.016041682101786137,2197504,548928,83,83,1,"{""other"": 1}",unclassified_source_item_metadata,[]
84,other,CompiledRunner,r_1536_16_128,METAL,0.010166666470468044,6709248,3166208,84,84,1,"{""other"": 1}",unclassified_source_item_metadata,[]
85,other,CompiledRunner,r_16_96,METAL,0.00341667328029871,3392,6148,85,85,1,"{""other"": 1}",unclassified_source_item_metadata,[]
86,other,CompiledRunner,E_16_32_3,METAL,0.002374988980591297,4608,21508,86,86,1,"{""other"": 1}",unclassified_source_item_metadata,[]
87,other,CompiledRunner,r_16_96,METAL,0.003249966539442539,3392,6148,87,87,1,"{""other"": 1}",unclassified_source_item_metadata,[]
88,other,CompiledRunner,r_128_32_3_384_4,METAL,0.05612499080598354,44064768,18981892,88,88,1,"{""other"": 1}",unclassified_source_item_metadata,[]
89,other,CompiledRunner,r_1536_16_384,METAL,0.043541775085031986,113664000,9498624,89,89,1,"{""other"": 1}",unclassified_source_item_metadata,[]
90,other,CompiledRunner,r_16_96,METAL,0.003374996595084667,3392,6148,90,90,1,"{""other"": 1}",unclassified_source_item_metadata,[]
91,other,CompiledRunner,E_16_32_3,METAL,0.002500019036233425,4608,21508,91,91,1,"{""other"": 1}",unclassified_source_item_metadata,[]
92,other,CompiledRunner,r_256_16_96n1,METAL,0.005083275027573109,897024,417792,92,92,1,"{""other"": 1}",unclassified_source_item_metadata,[]
93,other,CompiledRunner,r_1536_16_16n1,METAL,0.0035833800211548805,1204224,406528,93,93,1,"{""other"": 1}",unclassified_source_item_metadata,[]
94,other,CompiledRunner,r_16_96,METAL,0.0032084062695503235,3392,6148,94,94,1,"{""other"": 1}",unclassified_source_item_metadata,[]
95,other,CompiledRunner,E_16_32_3n1,METAL,0.002541695721447468,6144,21510,95,95,1,"{""other"": 1}",unclassified_source_item_metadata,[]
96,other,CompiledRunner,r_16_96,METAL,0.003291643224656582,3392,6148,96,96,1,"{""other"": 1}",unclassified_source_item_metadata,[]
97,other,CompiledRunner,r_2048_16_96,METAL,0.01225003506988287,10027008,3171332,97,97,1,"{""other"": 1}",unclassified_source_item_metadata,[]
98,other,CompiledRunner,r_8_16_16,METAL,0.00241666566580534,6656,8224,98,98,1,"{""other"": 1}",unclassified_source_item_metadata,[]
99,other,CompiledRunner,E_16_2_16_4,METAL,0.00341667328029871,37888,16928,99,99,1,"{""other"": 1}",unclassified_source_item_metadata,[]
100,other,CompiledRunner,r_4_32_4_2_4_32,METAL,0.009375042282044888,2097152,548864,100,100,1,"{""other"": 1}",unclassified_source_item_metadata,[]
101,other,CompiledRunner,r_8_16_32,METAL,0.002499902620911598,12288,16416,101,101,1,"{""other"": 1}",unclassified_source_item_metadata,[]
102,other,CompiledRunner,r_8_16_32n1,METAL,0.00300002284348011,18560,16448,102,102,1,"{""other"": 1}",unclassified_source_item_metadata,[]
103,other,CompiledRunner,r_2_32_4_2_4_64,METAL,0.015750061720609665,2197504,548928,103,103,1,"{""other"": 1}",unclassified_source_item_metadata,[]
104,other,CompiledRunner,r_1536_16_128,METAL,0.009166658855974674,6709248,3166208,104,104,1,"{""other"": 1}",unclassified_source_item_metadata,[]
105,other,CompiledRunner,r_16_96,METAL,0.003125052899122238,3392,6148,105,105,1,"{""other"": 1}",unclassified_source_item_metadata,[]
106,other,CompiledRunner,E_16_32_3,METAL,0.002291635610163212,4608,21508,106,106,1,"{""other"": 1}",unclassified_source_item_metadata,[]
107,other,CompiledRunner,r_16_96,METAL,0.003250082954764366,3392,6148,107,107,1,"{""other"": 1}",unclassified_source_item_metadata,[]
108,other,CompiledRunner,r_128_32_3_384_4,METAL,0.0562082277610898,44064768,18981892,108,108,1,"{""other"": 1}",unclassified_source_item_metadata,[]
109,other,CompiledRunner,r_1536_16_384,METAL,0.04212500061839819,113664000,9498624,109,109,1,"{""other"": 1}",unclassified_source_item_metadata,[]
110,other,CompiledRunner,r_16_96,METAL,0.003291643224656582,3392,6148,110,110,1,"{""other"": 1}",unclassified_source_item_metadata,[]
111,other,CompiledRunner,E_16_32_3,METAL,0.002625049091875553,4608,21508,111,111,1,"{""other"": 1}",unclassified_source_item_metadata,[]
112,other,CompiledRunner,r_256_16_96n2,METAL,0.01066667027771473,897024,417792,112,112,1,"{""other"": 1}",unclassified_source_item_metadata,[]
113,other,CompiledRunner,r_1536_16_16n1,METAL,0.22425001952797174,1204224,406528,113,113,1,"{""other"": 1}",unclassified_source_item_metadata,[]
114,other,CompiledRunner,r_16_96,METAL,0.003291643224656582,3392,6148,114,114,1,"{""other"": 1}",unclassified_source_item_metadata,[]
115,other,CompiledRunner,E_16_32_3n1,METAL,0.002874992787837982,6144,21510,115,115,1,"{""other"": 1}",unclassified_source_item_metadata,[]
116,other,CompiledRunner,r_16_96,METAL,0.0032082898542284966,3392,6148,116,116,1,"{""other"": 1}",unclassified_source_item_metadata,[]
117,other,CompiledRunner,r_256_16_96,METAL,0.005375011824071407,1253376,404484,117,117,1,"{""other"": 1}",unclassified_source_item_metadata,[]
118,other,CompiledRunner,r_16_16,METAL,0.00241666566580534,832,1028,118,118,1,"{""other"": 1}",unclassified_source_item_metadata,[]
119,other,CompiledRunner,E_2_32_4,METAL,0.0072499969974160194,8768,2564,119,119,1,"{""other"": 1}",unclassified_source_item_metadata,[]
120,other,CompiledRunner,E_192_4_8_16_4,METAL,0.003500026650726795,0,3145732,120,120,1,"{""other"": 1}",unclassified_source_item_metadata,[]
121,other,CompiledRunner,E_1120_4_8_16_4,METAL,0.006416579708456993,0,18350084,121,121,1,"{""other"": 1}",unclassified_source_item_metadata,[]
122,other,CompiledRunner,r_1536_16_16,METAL,0.0038750004023313522,811008,1579008,122,122,1,"{""other"": 1}",unclassified_source_item_metadata,[]
123,other,CompiledRunner,r_16_96,METAL,0.003125052899122238,3392,6148,123,123,1,"{""other"": 1}",unclassified_source_item_metadata,[]
124,other,CompiledRunner,r_70_32_4_384_4,METAL,0.05183333996683359,27543040,13840384,124,124,1,"{""other"": 1}",unclassified_source_item_metadata,[]
125,other,CompiledRunner,r_2048_16_96,METAL,0.01325004268437624,10027008,3171332,125,125,1,"{""other"": 1}",unclassified_source_item_metadata,[]
126,other,CompiledRunner,r_35_16_16,METAL,0.002499902620911598,29120,35980,126,126,1,"{""other"": 1}",unclassified_source_item_metadata,[]
127,other,CompiledRunner,r_8_16_16,METAL,0.002374988980591297,6656,8224,127,127,1,"{""other"": 1}",unclassified_source_item_metadata,[]
128,other,CompiledRunner,r_35_4_16_4_64_4,METAL,0.01320824958384037,2338560,9247372,128,128,1,"{""other"": 1}",unclassified_source_item_metadata,[]
129,other,CompiledRunner,E_16_2_16_4,METAL,0.003500026650726795,37888,16928,129,129,1,"{""other"": 1}",unclassified_source_item_metadata,[]
130,other,CompiledRunner,r_4_32_4_2_4_32,METAL,0.009041628800332546,2097152,548864,130,130,1,"{""other"": 1}",unclassified_source_item_metadata,[]
131,other,CompiledRunner,r_8_16_32,METAL,0.002500019036233425,12288,16416,131,131,1,"{""other"": 1}",unclassified_source_item_metadata,[]
132,other,CompiledRunner,r_8_16_32n1,METAL,0.003041699528694153,18560,16448,132,132,1,"{""other"": 1}",unclassified_source_item_metadata,[]
133,other,CompiledRunner,r_2_32_4_2_4_64,METAL,0.016000005416572094,2197504,548928,133,133,1,"{""other"": 1}",unclassified_source_item_metadata,[]
134,other,CompiledRunner,r_1536_16_128,METAL,0.010041752830147743,6709248,3166208,134,134,1,"{""other"": 1}",unclassified_source_item_metadata,[]
135,other,CompiledRunner,r_16_96,METAL,0.003249966539442539,3392,6148,135,135,1,"{""other"": 1}",unclassified_source_item_metadata,[]
136,other,CompiledRunner,E_16_32_3,METAL,0.002500019036233425,4608,21508,136,136,1,"{""other"": 1}",unclassified_source_item_metadata,[]
137,other,CompiledRunner,r_16_96,METAL,0.0031249364838004112,3392,6148,137,137,1,"{""other"": 1}",unclassified_source_item_metadata,[]
138,other,CompiledRunner,r_128_32_3_384_4,METAL,0.05604163743555546,44064768,18981892,138,138,1,"{""other"": 1}",unclassified_source_item_metadata,[]
139,other,CompiledRunner,r_1536_16_384,METAL,0.04287506453692913,113664000,9498624,139,139,1,"{""other"": 1}",unclassified_source_item_metadata,[]
140,other,CompiledRunner,r_16_96,METAL,0.0032082898542284966,3392,6148,140,140,1,"{""other"": 1}",unclassified_source_item_metadata,[]
141,other,CompiledRunner,E_16_32_3,METAL,0.0025832559913396835,4608,21508,141,141,1,"{""other"": 1}",unclassified_source_item_metadata,[]
142,other,CompiledRunner,r_256_16_96n1,METAL,0.004958244971930981,897024,417792,142,142,1,"{""other"": 1}",unclassified_source_item_metadata,[]
143,other,CompiledRunner,r_1536_16_16n1,METAL,0.0038750004023313522,1204224,406528,143,143,1,"{""other"": 1}",unclassified_source_item_metadata,[]
144,other,CompiledRunner,r_16_96,METAL,0.003249966539442539,3392,6148,144,144,1,"{""other"": 1}",unclassified_source_item_metadata,[]
145,other,CompiledRunner,E_16_32_3n1,METAL,0.002500019036233425,6144,21510,145,145,1,"{""other"": 1}",unclassified_source_item_metadata,[]
146,other,CompiledRunner,r_16_96,METAL,0.003166613169014454,3392,6148,146,146,1,"{""other"": 1}",unclassified_source_item_metadata,[]
147,other,CompiledRunner,r_2048_16_96,METAL,0.016125035472214222,10027008,3171332,147,147,1,"{""other"": 1}",unclassified_source_item_metadata,[]
148,other,CompiledRunner,r_8_16_16,METAL,0.014083227142691612,6656,8224,148,148,1,"{""other"": 1}",unclassified_source_item_metadata,[]
149,other,CompiledRunner,E_16_2_16_4,METAL,0.04724995233118534,37888,16928,149,149,1,"{""other"": 1}",unclassified_source_item_metadata,[]
150,other,CompiledRunner,r_4_32_4_2_4_32,METAL,0.07187505252659321,2097152,548864,150,150,1,"{""other"": 1}",unclassified_source_item_metadata,[]
151,other,CompiledRunner,r_8_16_32,METAL,0.0025833724066615105,12288,16416,151,151,1,"{""other"": 1}",unclassified_source_item_metadata,[]
152,other,CompiledRunner,r_8_16_32n1,METAL,0.002916669473052025,18560,16448,152,152,1,"{""other"": 1}",unclassified_source_item_metadata,[]
153,other,CompiledRunner,r_2_32_4_2_4_64,METAL,0.015874975360929966,2197504,548928,153,153,1,"{""other"": 1}",unclassified_source_item_metadata,[]
154,other,CompiledRunner,r_1536_16_128,METAL,0.010124989785254002,6709248,3166208,154,154,1,"{""other"": 1}",unclassified_source_item_metadata,[]
155,other,CompiledRunner,r_16_96,METAL,0.003166613169014454,3392,6148,155,155,1,"{""other"": 1}",unclassified_source_item_metadata,[]
156,other,CompiledRunner,E_16_32_3,METAL,0.002625049091875553,4608,21508,156,156,1,"{""other"": 1}",unclassified_source_item_metadata,[]
157,other,CompiledRunner,r_16_96,METAL,0.003125052899122238,3392,6148,157,157,1,"{""other"": 1}",unclassified_source_item_metadata,[]
158,other,CompiledRunner,r_128_32_3_384_4,METAL,0.05691673140972853,44064768,18981892,158,158,1,"{""other"": 1}",unclassified_source_item_metadata,[]
159,other,CompiledRunner,r_1536_16_384,METAL,0.042625004425644875,113664000,9498624,159,159,1,"{""other"": 1}",unclassified_source_item_metadata,[]
160,other,CompiledRunner,r_16_96,METAL,0.0033333199098706245,3392,6148,160,160,1,"{""other"": 1}",unclassified_source_item_metadata,[]
161,other,CompiledRunner,E_16_32_3,METAL,0.0024583423510193825,4608,21508,161,161,1,"{""other"": 1}",unclassified_source_item_metadata,[]
162,other,CompiledRunner,r_256_16_96n2,METAL,0.004958361387252808,897024,417792,162,162,1,"{""other"": 1}",unclassified_source_item_metadata,[]
163,other,CompiledRunner,r_1536_16_16n1,METAL,0.004500034265220165,1204224,406528,163,163,1,"{""other"": 1}",unclassified_source_item_metadata,[]
164,other,CompiledRunner,r_16_96,METAL,0.003249966539442539,3392,6148,164,164,1,"{""other"": 1}",unclassified_source_item_metadata,[]
165,other,CompiledRunner,E_16_32_3n1,METAL,0.002541579306125641,6144,21510,165,165,1,"{""other"": 1}",unclassified_source_item_metadata,[]
166,other,CompiledRunner,r_16_96,METAL,0.003249966539442539,3392,6148,166,166,1,"{""other"": 1}",unclassified_source_item_metadata,[]
167,other,CompiledRunner,r_256_16_96,METAL,0.005125068128108978,1253376,404484,167,167,1,"{""other"": 1}",unclassified_source_item_metadata,[]
168,other,CompiledRunner,r_16_16,METAL,0.002625049091875553,832,1028,168,168,1,"{""other"": 1}",unclassified_source_item_metadata,[]
169,other,CompiledRunner,E_2_32_4n1,METAL,0.00241666566580534,256,2052,169,169,1,"{""other"": 1}",unclassified_source_item_metadata,[]
170,other,CompiledRunner,E_192_4_8_16_4,METAL,0.003374996595084667,0,3145732,170,170,1,"{""other"": 1}",unclassified_source_item_metadata,[]
171,other,CompiledRunner,E_1120_4_8_16_4,METAL,0.006375019438564777,0,18350084,171,171,1,"{""other"": 1}",unclassified_source_item_metadata,[]
172,other,CompiledRunner,r_1536_16_16,METAL,0.003791647031903267,811008,1579008,172,172,1,"{""other"": 1}",unclassified_source_item_metadata,[]
173,other,CompiledRunner,r_16_96,METAL,0.003250082954764366,3392,6148,173,173,1,"{""other"": 1}",unclassified_source_item_metadata,[]
174,other,CompiledRunner,r_70_32_4_384_4,METAL,0.050625065341591835,27543040,13840384,174,174,1,"{""other"": 1}",unclassified_source_item_metadata,[]
175,other,CompiledRunner,r_2048_16_96,METAL,0.012249918654561043,10027008,3171332,175,175,1,"{""other"": 1}",unclassified_source_item_metadata,[]
176,other,CompiledRunner,r_35_16_16,METAL,0.0024583423510193825,29120,35980,176,176,1,"{""other"": 1}",unclassified_source_item_metadata,[]
177,other,CompiledRunner,r_8_16_16,METAL,0.002374988980591297,6656,8224,177,177,1,"{""other"": 1}",unclassified_source_item_metadata,[]
178,other,CompiledRunner,r_35_4_16_4_64_4,METAL,0.012750038877129555,2338560,9247372,178,178,1,"{""other"": 1}",unclassified_source_item_metadata,[]
179,other,CompiledRunner,E_16_2_16_4,METAL,0.003541586920619011,37888,16928,179,179,1,"{""other"": 1}",unclassified_source_item_metadata,[]
180,other,CompiledRunner,r_4_32_4_2_4_32,METAL,0.008999952115118504,2097152,548864,180,180,1,"{""other"": 1}",unclassified_source_item_metadata,[]
181,other,CompiledRunner,r_8_16_32,METAL,0.002500019036233425,12288,16416,181,181,1,"{""other"": 1}",unclassified_source_item_metadata,[]
182,other,CompiledRunner,r_8_16_32n1,METAL,0.008875038474798203,18560,16448,182,182,1,"{""other"": 1}",unclassified_source_item_metadata,[]
183,other,CompiledRunner,r_2_32_4_2_4_64,METAL,0.017125043086707592,2197504,548928,183,183,1,"{""other"": 1}",unclassified_source_item_metadata,[]
184,other,CompiledRunner,r_1536_16_128,METAL,0.20379165653139353,6709248,3166208,184,184,1,"{""other"": 1}",unclassified_source_item_metadata,[]
185,other,CompiledRunner,r_16_96,METAL,0.003125052899122238,3392,6148,185,185,1,"{""other"": 1}",unclassified_source_item_metadata,[]
186,other,CompiledRunner,E_16_32_3,METAL,0.0024582259356975555,4608,21508,186,186,1,"{""other"": 1}",unclassified_source_item_metadata,[]
187,other,CompiledRunner,r_16_96,METAL,0.003249966539442539,3392,6148,187,187,1,"{""other"": 1}",unclassified_source_item_metadata,[]
188,other,CompiledRunner,r_128_32_3_384_4,METAL,0.0569166149944067,44064768,18981892,188,188,1,"{""other"": 1}",unclassified_source_item_metadata,[]
189,other,CompiledRunner,r_1536_16_384,METAL,0.04341662861406803,113664000,9498624,189,189,1,"{""other"": 1}",unclassified_source_item_metadata,[]
190,other,CompiledRunner,r_16_96,METAL,0.0031249364838004112,3392,6148,190,190,1,"{""other"": 1}",unclassified_source_item_metadata,[]
191,other,CompiledRunner,E_16_32_3,METAL,0.0025833724066615105,4608,21508,191,191,1,"{""other"": 1}",unclassified_source_item_metadata,[]
192,other,CompiledRunner,r_256_16_96n1,METAL,0.005249981768429279,897024,417792,192,192,1,"{""other"": 1}",unclassified_source_item_metadata,[]
193,other,CompiledRunner,r_1536_16_16n1,METAL,0.0037082936614751816,1204224,406528,193,193,1,"{""other"": 1}",unclassified_source_item_metadata,[]
194,other,CompiledRunner,r_16_96,METAL,0.0032084062695503235,3392,6148,194,194,1,"{""other"": 1}",unclassified_source_item_metadata,[]
195,other,CompiledRunner,E_16_32_3n1,METAL,0.002500019036233425,6144,21510,195,195,1,"{""other"": 1}",unclassified_source_item_metadata,[]
196,other,CompiledRunner,r_16_96,METAL,0.003166613169014454,3392,6148,196,196,1,"{""other"": 1}",unclassified_source_item_metadata,[]
197,other,CompiledRunner,r_2048_16_96,METAL,0.012166681699454784,10027008,3171332,197,197,1,"{""other"": 1}",unclassified_source_item_metadata,[]
198,other,CompiledRunner,r_8_16_16,METAL,0.002500019036233425,6656,8224,198,198,1,"{""other"": 1}",unclassified_source_item_metadata,[]
199,other,CompiledRunner,E_16_2_16_4,METAL,0.0038750004023313522,37888,16928,199,199,1,"{""other"": 1}",unclassified_source_item_metadata,[]
200,other,CompiledRunner,r_4_32_4_2_4_32,METAL,0.009458395652472973,2097152,548864,200,200,1,"{""other"": 1}",unclassified_source_item_metadata,[]
201,other,CompiledRunner,r_8_16_32,METAL,0.002500019036233425,12288,16416,201,201,1,"{""other"": 1}",unclassified_source_item_metadata,[]
202,other,CompiledRunner,r_8_16_32n1,METAL,0.00300002284348011,18560,16448,202,202,1,"{""other"": 1}",unclassified_source_item_metadata,[]
203,other,CompiledRunner,r_2_32_4_2_4_64,METAL,0.01579162199050188,2197504,548928,203,203,1,"{""other"": 1}",unclassified_source_item_metadata,[]
204,other,CompiledRunner,r_1536_16_128,METAL,0.009541632607579231,6709248,3166208,204,204,1,"{""other"": 1}",unclassified_source_item_metadata,[]
205,other,CompiledRunner,r_16_96,METAL,0.003249966539442539,3392,6148,205,205,1,"{""other"": 1}",unclassified_source_item_metadata,[]
206,other,CompiledRunner,E_16_32_3,METAL,0.00241666566580534,4608,21508,206,206,1,"{""other"": 1}",unclassified_source_item_metadata,[]
207,other,CompiledRunner,r_16_96,METAL,0.003374996595084667,3392,6148,207,207,1,"{""other"": 1}",unclassified_source_item_metadata,[]
208,other,CompiledRunner,r_128_32_3_384_4,METAL,0.05637493450194597,44064768,18981892,208,208,1,"{""other"": 1}",unclassified_source_item_metadata,[]
209,other,CompiledRunner,r_1536_16_384,METAL,0.04249997437000275,113664000,9498624,209,209,1,"{""other"": 1}",unclassified_source_item_metadata,[]
210,other,CompiledRunner,r_16_96,METAL,0.003249966539442539,3392,6148,210,210,1,"{""other"": 1}",unclassified_source_item_metadata,[]
211,other,CompiledRunner,E_16_32_3,METAL,0.002666725777089596,4608,21508,211,211,1,"{""other"": 1}",unclassified_source_item_metadata,[]
212,other,CompiledRunner,r_256_16_96n2,METAL,0.00500003807246685,897024,417792,212,212,1,"{""other"": 1}",unclassified_source_item_metadata,[]
213,other,CompiledRunner,r_1536_16_16n1,METAL,0.0036249402910470963,1204224,406528,213,213,1,"{""other"": 1}",unclassified_source_item_metadata,[]
214,other,CompiledRunner,r_16_96,METAL,0.003249966539442539,3392,6148,214,214,1,"{""other"": 1}",unclassified_source_item_metadata,[]
215,other,CompiledRunner,E_16_32_3n1,METAL,0.002500019036233425,6144,21510,215,215,1,"{""other"": 1}",unclassified_source_item_metadata,[]
216,other,CompiledRunner,r_16_96,METAL,0.003166729584336281,3392,6148,216,216,1,"{""other"": 1}",unclassified_source_item_metadata,[]
217,other,CompiledRunner,r_2048_16_96,METAL,0.017666607163846493,10027008,3171332,217,217,1,"{""other"": 1}",unclassified_source_item_metadata,[]
218,other,CompiledRunner,r_8_16_16,METAL,0.002541695721447468,6656,8224,218,218,1,"{""other"": 1}",unclassified_source_item_metadata,[]
219,other,CompiledRunner,E_16_2_16_4,METAL,0.007500057108700275,37888,16928,219,219,1,"{""other"": 1}",unclassified_source_item_metadata,[]
220,other,CompiledRunner,r_4_32_4_2_4_32,METAL,0.0757917296141386,2097152,548864,220,220,1,"{""other"": 1}",unclassified_source_item_metadata,[]
221,other,CompiledRunner,r_8_16_32,METAL,0.002500019036233425,12288,16416,221,221,1,"{""other"": 1}",unclassified_source_item_metadata,[]
222,other,CompiledRunner,r_8_16_32n1,METAL,0.0029999064281582832,18560,16448,222,222,1,"{""other"": 1}",unclassified_source_item_metadata,[]
223,other,CompiledRunner,r_2_32_4_2_4_64,METAL,0.015833298675715923,2197504,548928,223,223,1,"{""other"": 1}",unclassified_source_item_metadata,[]
224,other,CompiledRunner,r_1536_16_128,METAL,0.009874929673969746,6709248,3166208,224,224,1,"{""other"": 1}",unclassified_source_item_metadata,[]
225,other,CompiledRunner,r_16_96,METAL,0.0031249364838004112,3392,6148,225,225,1,"{""other"": 1}",unclassified_source_item_metadata,[]
226,other,CompiledRunner,E_16_32_3,METAL,0.002374988980591297,4608,21508,226,226,1,"{""other"": 1}",unclassified_source_item_metadata,[]
227,other,CompiledRunner,r_16_96,METAL,0.003249966539442539,3392,6148,227,227,1,"{""other"": 1}",unclassified_source_item_metadata,[]
228,other,CompiledRunner,r_128_32_3_384_4,METAL,0.06129161920398474,44064768,18981892,228,228,1,"{""other"": 1}",unclassified_source_item_metadata,[]
229,other,CompiledRunner,r_1536_16_384,METAL,0.04283327143639326,113664000,9498624,229,229,1,"{""other"": 1}",unclassified_source_item_metadata,[]
230,other,CompiledRunner,r_16_96,METAL,0.003125052899122238,3392,6148,230,230,1,"{""other"": 1}",unclassified_source_item_metadata,[]
231,other,CompiledRunner,E_16_32_3,METAL,0.002500019036233425,4608,21508,231,231,1,"{""other"": 1}",unclassified_source_item_metadata,[]
232,other,CompiledRunner,r_256_16_96n3,METAL,0.005208421498537064,897024,417792,232,232,1,"{""other"": 1}",unclassified_source_item_metadata,[]
233,other,CompiledRunner,r_1536_16_16n1,METAL,0.0036249402910470963,1204224,406528,233,233,1,"{""other"": 1}",unclassified_source_item_metadata,[]
234,other,CompiledRunner,r_16_96,METAL,0.002874992787837982,3392,6148,234,234,1,"{""other"": 1}",unclassified_source_item_metadata,[]
235,other,CompiledRunner,E_16_32_3n1,METAL,0.002541695721447468,6144,21510,235,235,1,"{""other"": 1}",unclassified_source_item_metadata,[]
236,other,CompiledRunner,r_16_96,METAL,0.003166729584336281,3392,6148,236,236,1,"{""other"": 1}",unclassified_source_item_metadata,[]
237,other,CompiledRunner,r_256_16_96,METAL,0.005249981768429279,1253376,404484,237,237,1,"{""other"": 1}",unclassified_source_item_metadata,[]
238,other,CompiledRunner,r_16_16,METAL,0.002500019036233425,832,1028,238,238,1,"{""other"": 1}",unclassified_source_item_metadata,[]
239,other,CompiledRunner,E_2_32_4,METAL,0.007375027053058147,8768,2564,239,239,1,"{""other"": 1}",unclassified_source_item_metadata,[]
240,other,CompiledRunner,E_192_4_8_16_4,METAL,0.003374996595084667,0,3145732,240,240,1,"{""other"": 1}",unclassified_source_item_metadata,[]
241,other,CompiledRunner,E_1120_4_8_16_4,METAL,0.006375019438564777,0,18350084,241,241,1,"{""other"": 1}",unclassified_source_item_metadata,[]
242,other,CompiledRunner,r_1536_16_16,METAL,0.003791647031903267,811008,1579008,242,242,1,"{""other"": 1}",unclassified_source_item_metadata,[]
243,other,CompiledRunner,r_16_96,METAL,0.0031249364838004112,3392,6148,243,243,1,"{""other"": 1}",unclassified_source_item_metadata,[]
244,other,CompiledRunner,r_70_32_4_384_4,METAL,0.05108327604830265,27543040,13840384,244,244,1,"{""other"": 1}",unclassified_source_item_metadata,[]
245,other,CompiledRunner,r_2048_16_96,METAL,0.012166681699454784,10027008,3171332,245,245,1,"{""other"": 1}",unclassified_source_item_metadata,[]
246,other,CompiledRunner,r_35_16_16,METAL,0.0024583423510193825,29120,35980,246,246,1,"{""other"": 1}",unclassified_source_item_metadata,[]
247,other,CompiledRunner,r_8_16_16,METAL,0.002250075340270996,6656,8224,247,247,1,"{""other"": 1}",unclassified_source_item_metadata,[]
248,other,CompiledRunner,r_35_4_16_4_64_4,METAL,0.01283339224755764,2338560,9247372,248,248,1,"{""other"": 1}",unclassified_source_item_metadata,[]
249,other,CompiledRunner,E_16_2_16_4,METAL,0.003500026650726795,37888,16928,249,249,1,"{""other"": 1}",unclassified_source_item_metadata,[]
250,other,CompiledRunner,r_4_32_4_2_4_32,METAL,0.009208335541188717,2097152,548864,250,250,1,"{""other"": 1}",unclassified_source_item_metadata,[]
251,other,CompiledRunner,r_8_16_32,METAL,0.0024583423510193825,12288,16416,251,251,1,"{""other"": 1}",unclassified_source_item_metadata,[]
252,other,CompiledRunner,r_8_16_32n1,METAL,0.002916669473052025,18560,16448,252,252,1,"{""other"": 1}",unclassified_source_item_metadata,[]
253,other,CompiledRunner,r_2_32_4_2_4_64,METAL,0.01579162199050188,2197504,548928,253,253,1,"{""other"": 1}",unclassified_source_item_metadata,[]
254,other,CompiledRunner,r_1536_16_128,METAL,0.014749937690794468,6709248,3166208,254,254,1,"{""other"": 1}",unclassified_source_item_metadata,[]
255,other,CompiledRunner,r_16_96,METAL,0.003249966539442539,3392,6148,255,255,1,"{""other"": 1}",unclassified_source_item_metadata,[]
256,other,CompiledRunner,E_16_32_3,METAL,0.02820836380124092,4608,21508,256,256,1,"{""other"": 1}",unclassified_source_item_metadata,[]
257,other,CompiledRunner,r_16_96,METAL,0.0814999220892787,3392,6148,257,257,1,"{""other"": 1}",unclassified_source_item_metadata,[]
258,other,CompiledRunner,r_128_32_3_384_4,METAL,0.05766667891293764,44064768,18981892,258,258,1,"{""other"": 1}",unclassified_source_item_metadata,[]
259,other,CompiledRunner,r_1536_16_384,METAL,0.04329171497374773,113664000,9498624,259,259,1,"{""other"": 1}",unclassified_source_item_metadata,[]
260,other,CompiledRunner,r_16_96,METAL,0.0032082898542284966,3392,6148,260,260,1,"{""other"": 1}",unclassified_source_item_metadata,[]
261,other,CompiledRunner,E_16_32_3,METAL,0.002666609361767769,4608,21508,261,261,1,"{""other"": 1}",unclassified_source_item_metadata,[]
262,other,CompiledRunner,r_256_16_96n1,METAL,0.004749977961182594,897024,417792,262,262,1,"{""other"": 1}",unclassified_source_item_metadata,[]
263,other,CompiledRunner,r_1536_16_16n1,METAL,0.003791647031903267,1204224,406528,263,263,1,"{""other"": 1}",unclassified_source_item_metadata,[]
264,other,CompiledRunner,r_16_96,METAL,0.0033333199098706245,3392,6148,264,264,1,"{""other"": 1}",unclassified_source_item_metadata,[]
265,other,CompiledRunner,E_16_32_3n1,METAL,0.002749962732195854,6144,21510,265,265,1,"{""other"": 1}",unclassified_source_item_metadata,[]
266,other,CompiledRunner,r_16_96,METAL,0.003249966539442539,3392,6148,266,266,1,"{""other"": 1}",unclassified_source_item_metadata,[]
267,other,CompiledRunner,r_2048_16_96,METAL,0.012208358384668827,10027008,3171332,267,267,1,"{""other"": 1}",unclassified_source_item_metadata,[]
268,other,CompiledRunner,r_8_16_16,METAL,0.0024583423510193825,6656,8224,268,268,1,"{""other"": 1}",unclassified_source_item_metadata,[]
269,other,CompiledRunner,E_16_2_16_4,METAL,0.0037499703466892242,37888,16928,269,269,1,"{""other"": 1}",unclassified_source_item_metadata,[]
270,other,CompiledRunner,r_4_32_4_2_4_32,METAL,0.009291572496294975,2097152,548864,270,270,1,"{""other"": 1}",unclassified_source_item_metadata,[]
271,other,CompiledRunner,r_8_16_32,METAL,0.00241666566580534,12288,16416,271,271,1,"{""other"": 1}",unclassified_source_item_metadata,[]
272,other,CompiledRunner,r_8_16_32n1,METAL,0.0031249364838004112,18560,16448,272,272,1,"{""other"": 1}",unclassified_source_item_metadata,[]
273,other,CompiledRunner,r_2_32_4_2_4_64,METAL,0.016125035472214222,2197504,548928,273,273,1,"{""other"": 1}",unclassified_source_item_metadata,[]
274,other,CompiledRunner,r_1536_16_128,METAL,0.009624985978007317,6709248,3166208,274,274,1,"{""other"": 1}",unclassified_source_item_metadata,[]
275,other,CompiledRunner,r_16_96,METAL,0.003250082954764366,3392,6148,275,275,1,"{""other"": 1}",unclassified_source_item_metadata,[]
276,other,CompiledRunner,E_16_32_3,METAL,0.002500019036233425,4608,21508,276,276,1,"{""other"": 1}",unclassified_source_item_metadata,[]
277,other,CompiledRunner,r_16_96,METAL,0.003249966539442539,3392,6148,277,277,1,"{""other"": 1}",unclassified_source_item_metadata,[]
278,other,CompiledRunner,r_128_32_3_384_4,METAL,0.0541249755769968,44064768,18981892,278,278,1,"{""other"": 1}",unclassified_source_item_metadata,[]
279,other,CompiledRunner,r_1536_16_384,METAL,0.04241673741489649,113664000,9498624,279,279,1,"{""other"": 1}",unclassified_source_item_metadata,[]
280,other,CompiledRunner,r_16_96,METAL,0.003166729584336281,3392,6148,280,280,1,"{""other"": 1}",unclassified_source_item_metadata,[]
281,other,CompiledRunner,E_16_32_3,METAL,0.0027084024623036385,4608,21508,281,281,1,"{""other"": 1}",unclassified_source_item_metadata,[]
282,other,CompiledRunner,r_256_16_96n2,METAL,0.004958361387252808,897024,417792,282,282,1,"{""other"": 1}",unclassified_source_item_metadata,[]
283,other,CompiledRunner,r_1536_16_16n1,METAL,0.003625056706368923,1204224,406528,283,283,1,"{""other"": 1}",unclassified_source_item_metadata,[]
284,other,CompiledRunner,r_16_96,METAL,0.003166613169014454,3392,6148,284,284,1,"{""other"": 1}",unclassified_source_item_metadata,[]
285,other,CompiledRunner,E_16_32_3n1,METAL,0.002625049091875553,6144,21510,285,285,1,"{""other"": 1}",unclassified_source_item_metadata,[]
286,other,CompiledRunner,r_16_96,METAL,0.003166613169014454,3392,6148,286,286,1,"{""other"": 1}",unclassified_source_item_metadata,[]
287,other,CompiledRunner,r_2048_16_96,METAL,0.01141673419624567,10027008,3171332,287,287,1,"{""other"": 1}",unclassified_source_item_metadata,[]
288,other,CompiledRunner,r_8_16_16,METAL,0.009875046089291573,6656,8224,288,288,1,"{""other"": 1}",unclassified_source_item_metadata,[]
289,other,CompiledRunner,E_16_2_16_4,METAL,0.004749977961182594,37888,16928,289,289,1,"{""other"": 1}",unclassified_source_item_metadata,[]
290,other,CompiledRunner,r_4_32_4_2_4_32,METAL,0.0222083181142807,2097152,548864,290,290,1,"{""other"": 1}",unclassified_source_item_metadata,[]
291,other,CompiledRunner,r_8_16_32,METAL,0.0660833902657032,12288,16416,291,291,1,"{""other"": 1}",unclassified_source_item_metadata,[]
292,other,CompiledRunner,r_8_16_32n1,METAL,0.0031249364838004112,18560,16448,292,292,1,"{""other"": 1}",unclassified_source_item_metadata,[]
293,other,CompiledRunner,r_2_32_4_2_4_64,METAL,0.015874975360929966,2197504,548928,293,293,1,"{""other"": 1}",unclassified_source_item_metadata,[]
294,other,CompiledRunner,r_1536_16_128,METAL,0.009916722774505615,6709248,3166208,294,294,1,"{""other"": 1}",unclassified_source_item_metadata,[]
295,other,CompiledRunner,r_16_96,METAL,0.003291643224656582,3392,6148,295,295,1,"{""other"": 1}",unclassified_source_item_metadata,[]
296,other,CompiledRunner,E_16_32_3,METAL,0.0024583423510193825,4608,21508,296,296,1,"{""other"": 1}",unclassified_source_item_metadata,[]
297,other,CompiledRunner,r_16_96,METAL,0.003249966539442539,3392,6148,297,297,1,"{""other"": 1}",unclassified_source_item_metadata,[]
298,other,CompiledRunner,r_128_32_3_384_4,METAL,0.06091676186770201,44064768,18981892,298,298,1,"{""other"": 1}",unclassified_source_item_metadata,[]
299,other,CompiledRunner,r_1536_16_384,METAL,0.04337495192885399,113664000,9498624,299,299,1,"{""other"": 1}",unclassified_source_item_metadata,[]
300,other,CompiledRunner,r_16_96,METAL,0.003125052899122238,3392,6148,300,300,1,"{""other"": 1}",unclassified_source_item_metadata,[]
301,other,CompiledRunner,E_16_32_3,METAL,0.002499902620911598,4608,21508,301,301,1,"{""other"": 1}",unclassified_source_item_metadata,[]
302,other,CompiledRunner,r_256_16_96n3,METAL,0.005041714757680893,897024,417792,302,302,1,"{""other"": 1}",unclassified_source_item_metadata,[]
303,other,CompiledRunner,r_1536_16_16n1,METAL,0.0036249402910470963,1204224,406528,303,303,1,"{""other"": 1}",unclassified_source_item_metadata,[]
304,other,CompiledRunner,r_16_96,METAL,0.003249966539442539,3392,6148,304,304,1,"{""other"": 1}",unclassified_source_item_metadata,[]
305,other,CompiledRunner,E_16_32_3n1,METAL,0.002500019036233425,6144,21510,305,305,1,"{""other"": 1}",unclassified_source_item_metadata,[]
306,other,CompiledRunner,r_16_96,METAL,0.0033333199098706245,3392,6148,306,306,1,"{""other"": 1}",unclassified_source_item_metadata,[]
307,other,CompiledRunner,r_256_16_96,METAL,0.00500003807246685,1253376,404484,307,307,1,"{""other"": 1}",unclassified_source_item_metadata,[]
308,other,CompiledRunner,r_16_16,METAL,0.0024583423510193825,832,1028,308,308,1,"{""other"": 1}",unclassified_source_item_metadata,[]
309,other,CompiledRunner,E_2_32_4n1,METAL,0.0024583423510193825,256,2052,309,309,1,"{""other"": 1}",unclassified_source_item_metadata,[]
310,other,CompiledRunner,E_192_4_8_16_4,METAL,0.003374996595084667,0,3145732,310,310,1,"{""other"": 1}",unclassified_source_item_metadata,[]
311,other,CompiledRunner,E_1120_4_8_16_4,METAL,0.006291666068136692,0,18350084,311,311,1,"{""other"": 1}",unclassified_source_item_metadata,[]
312,other,CompiledRunner,r_1536_16_16,METAL,0.003916677087545395,811008,1579008,312,312,1,"{""other"": 1}",unclassified_source_item_metadata,[]
313,other,CompiledRunner,r_16_96,METAL,0.003291643224656582,3392,6148,313,313,1,"{""other"": 1}",unclassified_source_item_metadata,[]
314,other,CompiledRunner,r_70_32_4_384_4,METAL,0.05037500523030758,27543040,13840384,314,314,1,"{""other"": 1}",unclassified_source_item_metadata,[]
315,other,CompiledRunner,r_2048_16_96,METAL,0.012125005014240742,10027008,3171332,315,315,1,"{""other"": 1}",unclassified_source_item_metadata,[]
316,other,CompiledRunner,r_35_16_16,METAL,0.002500019036233425,29120,35980,316,316,1,"{""other"": 1}",unclassified_source_item_metadata,[]
317,other,CompiledRunner,r_8_16_16,METAL,0.0024583423510193825,6656,8224,317,317,1,"{""other"": 1}",unclassified_source_item_metadata,[]
318,other,CompiledRunner,r_35_4_16_4_64_4,METAL,0.012999982573091984,2338560,9247372,318,318,1,"{""other"": 1}",unclassified_source_item_metadata,[]
319,other,CompiledRunner,E_16_2_16_4,METAL,0.003625056706368923,37888,16928,319,319,1,"{""other"": 1}",unclassified_source_item_metadata,[]
320,other,CompiledRunner,r_4_32_4_2_4_32,METAL,0.009083305485546589,2097152,548864,320,320,1,"{""other"": 1}",unclassified_source_item_metadata,[]
321,other,CompiledRunner,r_8_16_32,METAL,0.00241666566580534,12288,16416,321,321,1,"{""other"": 1}",unclassified_source_item_metadata,[]
322,other,CompiledRunner,r_8_16_32n1,METAL,0.0029583461582660675,18560,16448,322,322,1,"{""other"": 1}",unclassified_source_item_metadata,[]
323,other,CompiledRunner,r_2_32_4_2_4_64,METAL,0.023499946109950542,2197504,548928,323,323,1,"{""other"": 1}",unclassified_source_item_metadata,[]
324,other,CompiledRunner,r_1536_16_128,METAL,0.013499986380338669,6709248,3166208,324,324,1,"{""other"": 1}",unclassified_source_item_metadata,[]
325,other,CompiledRunner,r_16_96,METAL,0.04224991425871849,3392,6148,325,325,1,"{""other"": 1}",unclassified_source_item_metadata,[]
326,other,CompiledRunner,E_16_32_3,METAL,0.07150007877498865,4608,21508,326,326,1,"{""other"": 1}",unclassified_source_item_metadata,[]
327,other,CompiledRunner,r_16_96,METAL,0.003249966539442539,3392,6148,327,327,1,"{""other"": 1}",unclassified_source_item_metadata,[]
328,other,CompiledRunner,r_128_32_3_384_4,METAL,0.057249912060797215,44064768,18981892,328,328,1,"{""other"": 1}",unclassified_source_item_metadata,[]
329,other,CompiledRunner,r_1536_16_384,METAL,0.04299997817724943,113664000,9498624,329,329,1,"{""other"": 1}",unclassified_source_item_metadata,[]
330,other,CompiledRunner,r_16_96,METAL,0.003249966539442539,3392,6148,330,330,1,"{""other"": 1}",unclassified_source_item_metadata,[]
331,other,CompiledRunner,E_16_32_3,METAL,0.0027082860469818115,4608,21508,331,331,1,"{""other"": 1}",unclassified_source_item_metadata,[]
332,other,CompiledRunner,r_256_16_96n1,METAL,0.004749977961182594,897024,417792,332,332,1,"{""other"": 1}",unclassified_source_item_metadata,[]
333,other,CompiledRunner,r_1536_16_16n1,METAL,0.0038333237171173096,1204224,406528,333,333,1,"{""other"": 1}",unclassified_source_item_metadata,[]
334,other,CompiledRunner,r_16_96,METAL,0.003249966539442539,3392,6148,334,334,1,"{""other"": 1}",unclassified_source_item_metadata,[]
335,other,CompiledRunner,E_16_32_3n1,METAL,0.002500019036233425,6144,21510,335,335,1,"{""other"": 1}",unclassified_source_item_metadata,[]
336,other,CompiledRunner,r_16_96,METAL,0.0031249364838004112,3392,6148,336,336,1,"{""other"": 1}",unclassified_source_item_metadata,[]
337,other,CompiledRunner,r_2048_16_96,METAL,0.011999974958598614,10027008,3171332,337,337,1,"{""other"": 1}",unclassified_source_item_metadata,[]
338,other,CompiledRunner,r_8_16_16,METAL,0.002374988980591297,6656,8224,338,338,1,"{""other"": 1}",unclassified_source_item_metadata,[]
339,other,CompiledRunner,E_16_2_16_4,METAL,0.003291643224656582,37888,16928,339,339,1,"{""other"": 1}",unclassified_source_item_metadata,[]
340,other,CompiledRunner,r_4_32_4_2_4_32,METAL,0.009458395652472973,2097152,548864,340,340,1,"{""other"": 1}",unclassified_source_item_metadata,[]
341,other,CompiledRunner,r_8_16_32,METAL,0.002499902620911598,12288,16416,341,341,1,"{""other"": 1}",unclassified_source_item_metadata,[]
342,other,CompiledRunner,r_8_16_32n1,METAL,0.0029582297429442406,18560,16448,342,342,1,"{""other"": 1}",unclassified_source_item_metadata,[]
343,other,CompiledRunner,r_2_32_4_2_4_64,METAL,0.016166595742106438,2197504,548928,343,343,1,"{""other"": 1}",unclassified_source_item_metadata,[]
344,other,CompiledRunner,r_1536_16_128,METAL,0.009708339348435402,6709248,3166208,344,344,1,"{""other"": 1}",unclassified_source_item_metadata,[]
345,other,CompiledRunner,r_16_96,METAL,0.003041583113372326,3392,6148,345,345,1,"{""other"": 1}",unclassified_source_item_metadata,[]
346,other,CompiledRunner,E_16_32_3,METAL,0.002500019036233425,4608,21508,346,346,1,"{""other"": 1}",unclassified_source_item_metadata,[]
347,other,CompiledRunner,r_16_96,METAL,0.0031249364838004112,3392,6148,347,347,1,"{""other"": 1}",unclassified_source_item_metadata,[]
348,other,CompiledRunner,r_128_32_3_384_4,METAL,0.0552500132471323,44064768,18981892,348,348,1,"{""other"": 1}",unclassified_source_item_metadata,[]
349,other,CompiledRunner,r_1536_16_384,METAL,0.04199997056275606,113664000,9498624,349,349,1,"{""other"": 1}",unclassified_source_item_metadata,[]
350,other,CompiledRunner,r_16_96,METAL,0.0033333199098706245,3392,6148,350,350,1,"{""other"": 1}",unclassified_source_item_metadata,[]
351,other,CompiledRunner,E_16_32_3,METAL,0.0025833724066615105,4608,21508,351,351,1,"{""other"": 1}",unclassified_source_item_metadata,[]
352,other,CompiledRunner,r_256_16_96n2,METAL,0.004875008016824722,897024,417792,352,352,1,"{""other"": 1}",unclassified_source_item_metadata,[]
353,other,CompiledRunner,r_1536_16_16n1,METAL,0.0036249402910470963,1204224,406528,353,353,1,"{""other"": 1}",unclassified_source_item_metadata,[]
354,other,CompiledRunner,r_16_96,METAL,0.0030833762139081955,3392,6148,354,354,1,"{""other"": 1}",unclassified_source_item_metadata,[]
355,other,CompiledRunner,E_16_32_3n1,METAL,0.002500019036233425,6144,21510,355,355,1,"{""other"": 1}",unclassified_source_item_metadata,[]
356,other,CompiledRunner,r_16_96,METAL,0.0031249364838004112,3392,6148,356,356,1,"{""other"": 1}",unclassified_source_item_metadata,[]
357,other,CompiledRunner,r_2048_16_96,METAL,0.011874944902956486,10027008,3171332,357,357,1,"{""other"": 1}",unclassified_source_item_metadata,[]
358,other,CompiledRunner,r_8_16_16,METAL,0.002374988980591297,6656,8224,358,358,1,"{""other"": 1}",unclassified_source_item_metadata,[]
359,other,CompiledRunner,E_16_2_16_4,METAL,0.017874990589916706,37888,16928,359,359,1,"{""other"": 1}",unclassified_source_item_metadata,[]
360,other,CompiledRunner,r_4_32_4_2_4_32,METAL,0.03883335739374161,2097152,548864,360,360,1,"{""other"": 1}",unclassified_source_item_metadata,[]
361,other,CompiledRunner,r_8_16_32,METAL,0.15208334662020206,12288,16416,361,361,1,"{""other"": 1}",unclassified_source_item_metadata,[]
362,other,CompiledRunner,r_8_16_32n1,METAL,0.003250082954764366,18560,16448,362,362,1,"{""other"": 1}",unclassified_source_item_metadata,[]
363,other,CompiledRunner,r_2_32_4_2_4_64,METAL,0.016125035472214222,2197504,548928,363,363,1,"{""other"": 1}",unclassified_source_item_metadata,[]
364,other,CompiledRunner,r_1536_16_128,METAL,0.010041636414825916,6709248,3166208,364,364,1,"{""other"": 1}",unclassified_source_item_metadata,[]
365,other,CompiledRunner,r_16_96,METAL,0.003374996595084667,3392,6148,365,365,1,"{""other"": 1}",unclassified_source_item_metadata,[]
366,other,CompiledRunner,E_16_32_3,METAL,0.0025833724066615105,4608,21508,366,366,1,"{""other"": 1}",unclassified_source_item_metadata,[]
367,other,CompiledRunner,r_16_96,METAL,0.003374996595084667,3392,6148,367,367,1,"{""other"": 1}",unclassified_source_item_metadata,[]
368,other,CompiledRunner,r_128_32_3_384_4,METAL,0.06062490865588188,44064768,18981892,368,368,1,"{""other"": 1}",unclassified_source_item_metadata,[]
369,other,CompiledRunner,r_1536_16_384,METAL,0.042625004425644875,113664000,9498624,369,369,1,"{""other"": 1}",unclassified_source_item_metadata,[]
370,other,CompiledRunner,r_16_96,METAL,0.003166613169014454,3392,6148,370,370,1,"{""other"": 1}",unclassified_source_item_metadata,[]
371,other,CompiledRunner,E_16_32_3,METAL,0.002374988980591297,4608,21508,371,371,1,"{""other"": 1}",unclassified_source_item_metadata,[]
372,other,CompiledRunner,r_256_16_96n3,METAL,0.005041714757680893,897024,417792,372,372,1,"{""other"": 1}",unclassified_source_item_metadata,[]
373,other,CompiledRunner,r_1536_16_16n1,METAL,0.0037082936614751816,1204224,406528,373,373,1,"{""other"": 1}",unclassified_source_item_metadata,[]
374,other,CompiledRunner,r_16_96,METAL,0.003249966539442539,3392,6148,374,374,1,"{""other"": 1}",unclassified_source_item_metadata,[]
375,other,CompiledRunner,E_16_32_3n1,METAL,0.003249966539442539,6144,21510,375,375,1,"{""other"": 1}",unclassified_source_item_metadata,[]
376,other,CompiledRunner,r_16_96,METAL,0.003249966539442539,3392,6148,376,376,1,"{""other"": 1}",unclassified_source_item_metadata,[]
377,other,CompiledRunner,r_2048_16_96,METAL,0.012166681699454784,10027008,3171332,377,377,1,"{""other"": 1}",unclassified_source_item_metadata,[]
378,other,CompiledRunner,r_8_16_16,METAL,0.002374988980591297,6656,8224,378,378,1,"{""other"": 1}",unclassified_source_item_metadata,[]
379,other,CompiledRunner,E_16_2_16_4,METAL,0.0035833800211548805,37888,16928,379,379,1,"{""other"": 1}",unclassified_source_item_metadata,[]
380,other,CompiledRunner,r_4_32_4_2_4_32,METAL,0.009875046089291573,2097152,548864,380,380,1,"{""other"": 1}",unclassified_source_item_metadata,[]
381,other,CompiledRunner,r_8_16_32,METAL,0.00241666566580534,12288,16416,381,381,1,"{""other"": 1}",unclassified_source_item_metadata,[]
382,other,CompiledRunner,r_8_16_32n1,METAL,0.002916669473052025,18560,16448,382,382,1,"{""other"": 1}",unclassified_source_item_metadata,[]
383,other,CompiledRunner,r_2_32_4_2_4_64,METAL,0.015874975360929966,2197504,548928,383,383,1,"{""other"": 1}",unclassified_source_item_metadata,[]
384,other,CompiledRunner,r_1536_16_128,METAL,0.00925001222640276,6709248,3166208,384,384,1,"{""other"": 1}",unclassified_source_item_metadata,[]
385,other,CompiledRunner,r_16_96,METAL,0.003166729584336281,3392,6148,385,385,1,"{""other"": 1}",unclassified_source_item_metadata,[]
386,other,CompiledRunner,E_16_32_3,METAL,0.00241666566580534,4608,21508,386,386,1,"{""other"": 1}",unclassified_source_item_metadata,[]
387,other,CompiledRunner,r_16_96,METAL,0.0032082898542284966,3392,6148,387,387,1,"{""other"": 1}",unclassified_source_item_metadata,[]
388,other,CompiledRunner,r_128_32_3_384_4,METAL,0.058125006034970284,44064768,18981892,388,388,1,"{""other"": 1}",unclassified_source_item_metadata,[]
389,other,CompiledRunner,r_1536_16_384,METAL,0.042750034481287,113664000,9498624,389,389,1,"{""other"": 1}",unclassified_source_item_metadata,[]
390,other,CompiledRunner,r_16_96,METAL,0.003249966539442539,3392,6148,390,390,1,"{""other"": 1}",unclassified_source_item_metadata,[]
391,other,CompiledRunner,E_16_32_3,METAL,0.002541579306125641,4608,21508,391,391,1,"{""other"": 1}",unclassified_source_item_metadata,[]
392,other,CompiledRunner,r_256_16_96n4,METAL,0.004916568286716938,897024,417792,392,392,1,"{""other"": 1}",unclassified_source_item_metadata,[]
393,other,CompiledRunner,r_1536_16_16n1,METAL,0.02462498378008604,1204224,406528,393,393,1,"{""other"": 1}",unclassified_source_item_metadata,[]
394,other,CompiledRunner,r_16_96,METAL,0.046625034883618355,3392,6148,394,394,1,"{""other"": 1}",unclassified_source_item_metadata,[]
395,other,CompiledRunner,E_16_32_3n1,METAL,0.07312500383704901,6144,21510,395,395,1,"{""other"": 1}",unclassified_source_item_metadata,[]
396,other,CompiledRunner,r_16_96,METAL,0.003249966539442539,3392,6148,396,396,1,"{""other"": 1}",unclassified_source_item_metadata,[]
397,other,CompiledRunner,r_512_16_96,METAL,0.005916692316532135,2506752,799748,397,397,1,"{""other"": 1}",unclassified_source_item_metadata,[]
398,other,CompiledRunner,r_16_32,METAL,0.002625049091875553,1344,2052,398,398,1,"{""other"": 1}",unclassified_source_item_metadata,[]
399,other,CompiledRunner,E_4_32_4,METAL,0.008083297871053219,20096,5124,399,399,1,"{""other"": 1}",unclassified_source_item_metadata,[]
400,other,CompiledRunner,E_192_4_8_16_4,METAL,0.003374996595084667,0,3145732,400,400,1,"{""other"": 1}",unclassified_source_item_metadata,[]
401,other,CompiledRunner,E_1120_4_8_16_4,METAL,0.006291666068136692,0,18350084,401,401,1,"{""other"": 1}",unclassified_source_item_metadata,[]
402,other,CompiledRunner,r_1536_16_16,METAL,0.003916677087545395,811008,1579008,402,402,1,"{""other"": 1}",unclassified_source_item_metadata,[]
403,other,CompiledRunner,r_16_96,METAL,0.0031249364838004112,3392,6148,403,403,1,"{""other"": 1}",unclassified_source_item_metadata,[]
404,other,CompiledRunner,r_70_32_4_384_4,METAL,0.05120830610394478,27543040,13840384,404,404,1,"{""other"": 1}",unclassified_source_item_metadata,[]
405,other,CompiledRunner,r_2048_16_96,METAL,0.01283339224755764,10027008,3171332,405,405,1,"{""other"": 1}",unclassified_source_item_metadata,[]
406,other,CompiledRunner,r_35_16_16,METAL,0.002500019036233425,29120,35980,406,406,1,"{""other"": 1}",unclassified_source_item_metadata,[]
407,other,CompiledRunner,r_8_16_16,METAL,0.002374988980591297,6656,8224,407,407,1,"{""other"": 1}",unclassified_source_item_metadata,[]
408,other,CompiledRunner,r_35_4_16_4_64_4,METAL,0.012916629202663898,2338560,9247372,408,408,1,"{""other"": 1}",unclassified_source_item_metadata,[]
409,other,CompiledRunner,E_16_2_16_4,METAL,0.003374996595084667,37888,16928,409,409,1,"{""other"": 1}",unclassified_source_item_metadata,[]
410,other,CompiledRunner,r_4_32_4_2_4_32,METAL,0.009291688911616802,2097152,548864,410,410,1,"{""other"": 1}",unclassified_source_item_metadata,[]
411,other,CompiledRunner,r_8_16_32,METAL,0.002375105395913124,12288,16416,411,411,1,"{""other"": 1}",unclassified_source_item_metadata,[]
412,other,CompiledRunner,r_8_16_32n1,METAL,0.003041583113372326,18560,16448,412,412,1,"{""other"": 1}",unclassified_source_item_metadata,[]
413,other,CompiledRunner,r_2_32_4_2_4_64,METAL,0.01579162199050188,2197504,548928,413,413,1,"{""other"": 1}",unclassified_source_item_metadata,[]
414,other,CompiledRunner,r_1536_16_128,METAL,0.009958399459719658,6709248,3166208,414,414,1,"{""other"": 1}",unclassified_source_item_metadata,[]
415,other,CompiledRunner,r_16_96,METAL,0.0032082898542284966,3392,6148,415,415,1,"{""other"": 1}",unclassified_source_item_metadata,[]
416,other,CompiledRunner,E_16_32_3,METAL,0.0023333122953772545,4608,21508,416,416,1,"{""other"": 1}",unclassified_source_item_metadata,[]
417,other,CompiledRunner,r_16_96,METAL,0.003250082954764366,3392,6148,417,417,1,"{""other"": 1}",unclassified_source_item_metadata,[]
418,other,CompiledRunner,r_128_32_3_384_4,METAL,0.057416618801653385,44064768,18981892,418,418,1,"{""other"": 1}",unclassified_source_item_metadata,[]
419,other,CompiledRunner,r_1536_16_384,METAL,0.043625012040138245,113664000,9498624,419,419,1,"{""other"": 1}",unclassified_source_item_metadata,[]
420,other,CompiledRunner,r_16_96,METAL,0.0032082898542284966,3392,6148,420,420,1,"{""other"": 1}",unclassified_source_item_metadata,[]
421,other,CompiledRunner,E_16_32_3,METAL,0.002625049091875553,4608,21508,421,421,1,"{""other"": 1}",unclassified_source_item_metadata,[]
422,other,CompiledRunner,r_256_16_96n1,METAL,0.004875008016824722,897024,417792,422,422,1,"{""other"": 1}",unclassified_source_item_metadata,[]
423,other,CompiledRunner,r_1536_16_16n1,METAL,0.0037499703466892242,1204224,406528,423,423,1,"{""other"": 1}",unclassified_source_item_metadata,[]
424,other,CompiledRunner,r_16_96,METAL,0.0032082898542284966,3392,6148,424,424,1,"{""other"": 1}",unclassified_source_item_metadata,[]
425,other,CompiledRunner,E_16_32_3n1,METAL,0.002541695721447468,6144,21510,425,425,1,"{""other"": 1}",unclassified_source_item_metadata,[]
426,other,CompiledRunner,r_16_96,METAL,0.003249966539442539,3392,6148,426,426,1,"{""other"": 1}",unclassified_source_item_metadata,[]
427,other,CompiledRunner,r_2048_16_96,METAL,0.015874975360929966,10027008,3171332,427,427,1,"{""other"": 1}",unclassified_source_item_metadata,[]
428,other,CompiledRunner,r_8_16_16,METAL,0.003249966539442539,6656,8224,428,428,1,"{""other"": 1}",unclassified_source_item_metadata,[]
429,other,CompiledRunner,E_16_2_16_4,METAL,0.015458324924111366,37888,16928,429,429,1,"{""other"": 1}",unclassified_source_item_metadata,[]
430,other,CompiledRunner,r_4_32_4_2_4_32,METAL,0.07075001485645771,2097152,548864,430,430,1,"{""other"": 1}",unclassified_source_item_metadata,[]
431,other,CompiledRunner,r_8_16_32,METAL,0.00241666566580534,12288,16416,431,431,1,"{""other"": 1}",unclassified_source_item_metadata,[]
432,other,CompiledRunner,r_8_16_32n1,METAL,0.002916669473052025,18560,16448,432,432,1,"{""other"": 1}",unclassified_source_item_metadata,[]
433,other,CompiledRunner,r_2_32_4_2_4_64,METAL,0.016041682101786137,2197504,548928,433,433,1,"{""other"": 1}",unclassified_source_item_metadata,[]
434,other,CompiledRunner,r_1536_16_128,METAL,0.009791692718863487,6709248,3166208,434,434,1,"{""other"": 1}",unclassified_source_item_metadata,[]
435,other,CompiledRunner,r_16_96,METAL,0.003249966539442539,3392,6148,435,435,1,"{""other"": 1}",unclassified_source_item_metadata,[]
436,other,CompiledRunner,E_16_32_3,METAL,0.002500019036233425,4608,21508,436,436,1,"{""other"": 1}",unclassified_source_item_metadata,[]
437,other,CompiledRunner,r_16_96,METAL,0.003250082954764366,3392,6148,437,437,1,"{""other"": 1}",unclassified_source_item_metadata,[]
438,other,CompiledRunner,r_128_32_3_384_4,METAL,0.057750032283365726,44064768,18981892,438,438,1,"{""other"": 1}",unclassified_source_item_metadata,[]
439,other,CompiledRunner,r_1536_16_384,METAL,0.042750034481287,113664000,9498624,439,439,1,"{""other"": 1}",unclassified_source_item_metadata,[]
440,other,CompiledRunner,r_16_96,METAL,0.0033333199098706245,3392,6148,440,440,1,"{""other"": 1}",unclassified_source_item_metadata,[]
441,other,CompiledRunner,E_16_32_3,METAL,0.002541695721447468,4608,21508,441,441,1,"{""other"": 1}",unclassified_source_item_metadata,[]
442,other,CompiledRunner,r_256_16_96n2,METAL,0.004999921657145023,897024,417792,442,442,1,"{""other"": 1}",unclassified_source_item_metadata,[]
443,other,CompiledRunner,r_1536_16_16n1,METAL,0.00441668089479208,1204224,406528,443,443,1,"{""other"": 1}",unclassified_source_item_metadata,[]
444,other,CompiledRunner,r_16_96,METAL,0.0031249364838004112,3392,6148,444,444,1,"{""other"": 1}",unclassified_source_item_metadata,[]
445,other,CompiledRunner,E_16_32_3n1,METAL,0.0027084024623036385,6144,21510,445,445,1,"{""other"": 1}",unclassified_source_item_metadata,[]
446,other,CompiledRunner,r_16_96,METAL,0.0031249364838004112,3392,6148,446,446,1,"{""other"": 1}",unclassified_source_item_metadata,[]
447,other,CompiledRunner,r_2048_16_96,METAL,0.012125005014240742,10027008,3171332,447,447,1,"{""other"": 1}",unclassified_source_item_metadata,[]
448,other,CompiledRunner,r_8_16_16,METAL,0.002291635610163212,6656,8224,448,448,1,"{""other"": 1}",unclassified_source_item_metadata,[]
449,other,CompiledRunner,E_16_2_16_4,METAL,0.0034999102354049683,37888,16928,449,449,1,"{""other"": 1}",unclassified_source_item_metadata,[]
450,other,CompiledRunner,r_4_32_4_2_4_32,METAL,0.00925001222640276,2097152,548864,450,450,1,"{""other"": 1}",unclassified_source_item_metadata,[]
451,other,CompiledRunner,r_8_16_32,METAL,0.002374988980591297,12288,16416,451,451,1,"{""other"": 1}",unclassified_source_item_metadata,[]
452,other,CompiledRunner,r_8_16_32n1,METAL,0.002916669473052025,18560,16448,452,452,1,"{""other"": 1}",unclassified_source_item_metadata,[]
453,other,CompiledRunner,r_2_32_4_2_4_64,METAL,0.015500001609325409,2197504,548928,453,453,1,"{""other"": 1}",unclassified_source_item_metadata,[]
454,other,CompiledRunner,r_1536_16_128,METAL,0.009666779078543186,6709248,3166208,454,454,1,"{""other"": 1}",unclassified_source_item_metadata,[]
455,other,CompiledRunner,r_16_96,METAL,0.0032082898542284966,3392,6148,455,455,1,"{""other"": 1}",unclassified_source_item_metadata,[]
456,other,CompiledRunner,E_16_32_3,METAL,0.002374988980591297,4608,21508,456,456,1,"{""other"": 1}",unclassified_source_item_metadata,[]
457,other,CompiledRunner,r_16_96,METAL,0.003041583113372326,3392,6148,457,457,1,"{""other"": 1}",unclassified_source_item_metadata,[]
458,other,CompiledRunner,r_128_32_3_384_4,METAL,0.05949998740106821,44064768,18981892,458,458,1,"{""other"": 1}",unclassified_source_item_metadata,[]
459,other,CompiledRunner,r_1536_16_384,METAL,0.04249997437000275,113664000,9498624,459,459,1,"{""other"": 1}",unclassified_source_item_metadata,[]
460,other,CompiledRunner,r_16_96,METAL,0.003166613169014454,3392,6148,460,460,1,"{""other"": 1}",unclassified_source_item_metadata,[]
461,other,CompiledRunner,E_16_32_3,METAL,0.002624932676553726,4608,21508,461,461,1,"{""other"": 1}",unclassified_source_item_metadata,[]
462,other,CompiledRunner,r_256_16_96n3,METAL,0.013208365999162197,897024,417792,462,462,1,"{""other"": 1}",unclassified_source_item_metadata,[]
463,other,CompiledRunner,r_1536_16_16n1,METAL,0.09312503971159458,1204224,406528,463,463,1,"{""other"": 1}",unclassified_source_item_metadata,[]
464,other,CompiledRunner,r_16_96,METAL,0.06508338265120983,3392,6148,464,464,1,"{""other"": 1}",unclassified_source_item_metadata,[]
465,other,CompiledRunner,E_16_32_3n1,METAL,0.0027084024623036385,6144,21510,465,465,1,"{""other"": 1}",unclassified_source_item_metadata,[]
466,other,CompiledRunner,r_16_96,METAL,0.0031249364838004112,3392,6148,466,466,1,"{""other"": 1}",unclassified_source_item_metadata,[]
467,other,CompiledRunner,r_2048_16_96,METAL,0.012041651643812656,10027008,3171332,467,467,1,"{""other"": 1}",unclassified_source_item_metadata,[]
468,other,CompiledRunner,r_8_16_16,METAL,0.002499902620911598,6656,8224,468,468,1,"{""other"": 1}",unclassified_source_item_metadata,[]
469,other,CompiledRunner,E_16_2_16_4,METAL,0.003500026650726795,37888,16928,469,469,1,"{""other"": 1}",unclassified_source_item_metadata,[]
470,other,CompiledRunner,r_4_32_4_2_4_32,METAL,0.009750016033649445,2097152,548864,470,470,1,"{""other"": 1}",unclassified_source_item_metadata,[]
471,other,CompiledRunner,r_8_16_32,METAL,0.002500019036233425,12288,16416,471,471,1,"{""other"": 1}",unclassified_source_item_metadata,[]
472,other,CompiledRunner,r_8_16_32n1,METAL,0.002916669473052025,18560,16448,472,472,1,"{""other"": 1}",unclassified_source_item_metadata,[]
473,other,CompiledRunner,r_2_32_4_2_4_64,METAL,0.016000005416572094,2197504,548928,473,473,1,"{""other"": 1}",unclassified_source_item_metadata,[]
474,other,CompiledRunner,r_1536_16_128,METAL,0.010083429515361786,6709248,3166208,474,474,1,"{""other"": 1}",unclassified_source_item_metadata,[]
475,other,CompiledRunner,r_16_96,METAL,0.003125052899122238,3392,6148,475,475,1,"{""other"": 1}",unclassified_source_item_metadata,[]
476,other,CompiledRunner,E_16_32_3,METAL,0.00241666566580534,4608,21508,476,476,1,"{""other"": 1}",unclassified_source_item_metadata,[]
477,other,CompiledRunner,r_16_96,METAL,0.0032084062695503235,3392,6148,477,477,1,"{""other"": 1}",unclassified_source_item_metadata,[]
478,other,CompiledRunner,r_128_32_3_384_4,METAL,0.062499893829226494,44064768,18981892,478,478,1,"{""other"": 1}",unclassified_source_item_metadata,[]
479,other,CompiledRunner,r_1536_16_384,METAL,0.043041654862463474,113664000,9498624,479,479,1,"{""other"": 1}",unclassified_source_item_metadata,[]
480,other,CompiledRunner,r_16_96,METAL,0.003249966539442539,3392,6148,480,480,1,"{""other"": 1}",unclassified_source_item_metadata,[]
481,other,CompiledRunner,E_16_32_3,METAL,0.002541695721447468,4608,21508,481,481,1,"{""other"": 1}",unclassified_source_item_metadata,[]
482,other,CompiledRunner,r_256_16_96n4,METAL,0.004791654646396637,897024,417792,482,482,1,"{""other"": 1}",unclassified_source_item_metadata,[]
483,other,CompiledRunner,r_1536_16_16n1,METAL,0.0037499703466892242,1204224,406528,483,483,1,"{""other"": 1}",unclassified_source_item_metadata,[]
484,other,CompiledRunner,r_16_96,METAL,0.003250082954764366,3392,6148,484,484,1,"{""other"": 1}",unclassified_source_item_metadata,[]
485,other,CompiledRunner,E_16_32_3n1,METAL,0.002624932676553726,6144,21510,485,485,1,"{""other"": 1}",unclassified_source_item_metadata,[]
486,other,CompiledRunner,r_16_96,METAL,0.003250082954764366,3392,6148,486,486,1,"{""other"": 1}",unclassified_source_item_metadata,[]
487,other,CompiledRunner,r_512_16_96,METAL,0.005541718564927578,2506752,799748,487,487,1,"{""other"": 1}",unclassified_source_item_metadata,[]
488,other,CompiledRunner,r_16_32,METAL,0.0025832559913396835,1344,2052,488,488,1,"{""other"": 1}",unclassified_source_item_metadata,[]
489,other,CompiledRunner,E_4_32_4n1,METAL,0.00241666566580534,512,4100,489,489,1,"{""other"": 1}",unclassified_source_item_metadata,[]
490,other,CompiledRunner,E_192_4_8_16_4,METAL,0.00341667328029871,0,3145732,490,490,1,"{""other"": 1}",unclassified_source_item_metadata,[]
491,other,CompiledRunner,E_1120_4_8_16_4,METAL,0.006291666068136692,0,18350084,491,491,1,"{""other"": 1}",unclassified_source_item_metadata,[]
492,other,CompiledRunner,r_1536_16_16,METAL,0.003791647031903267,811008,1579008,492,492,1,"{""other"": 1}",unclassified_source_item_metadata,[]
493,other,CompiledRunner,r_16_96,METAL,0.003125052899122238,3392,6148,493,493,1,"{""other"": 1}",unclassified_source_item_metadata,[]
494,other,CompiledRunner,r_70_32_4_384_4,METAL,0.05108339246362448,27543040,13840384,494,494,1,"{""other"": 1}",unclassified_source_item_metadata,[]
495,other,CompiledRunner,r_2048_16_96,METAL,0.01225003506988287,10027008,3171332,495,495,1,"{""other"": 1}",unclassified_source_item_metadata,[]
496,other,CompiledRunner,r_35_16_16,METAL,0.002500019036233425,29120,35980,496,496,1,"{""other"": 1}",unclassified_source_item_metadata,[]
497,other,CompiledRunner,r_8_16_16,METAL,0.00966666266322136,6656,8224,497,497,1,"{""other"": 1}",unclassified_source_item_metadata,[]
498,other,CompiledRunner,r_35_4_16_4_64_4,METAL,0.028499984182417393,2338560,9247372,498,498,1,"{""other"": 1}",unclassified_source_item_metadata,[]
499,other,CompiledRunner,E_16_2_16_4,METAL,0.009375042282044888,37888,16928,499,499,1,"{""other"": 1}",unclassified_source_item_metadata,[]
500,other,CompiledRunner,r_4_32_4_2_4_32,METAL,0.07287494372576475,2097152,548864,500,500,1,"{""other"": 1}",unclassified_source_item_metadata,[]
501,other,CompiledRunner,r_8_16_32,METAL,0.002500019036233425,12288,16416,501,501,1,"{""other"": 1}",unclassified_source_item_metadata,[]
502,other,CompiledRunner,r_8_16_32n1,METAL,0.002874992787837982,18560,16448,502,502,1,"{""other"": 1}",unclassified_source_item_metadata,[]
503,other,CompiledRunner,r_2_32_4_2_4_64,METAL,0.016000005416572094,2197504,548928,503,503,1,"{""other"": 1}",unclassified_source_item_metadata,[]
504,other,CompiledRunner,r_1536_16_128,METAL,0.010166666470468044,6709248,3166208,504,504,1,"{""other"": 1}",unclassified_source_item_metadata,[]
505,other,CompiledRunner,r_16_96,METAL,0.003249966539442539,3392,6148,505,505,1,"{""other"": 1}",unclassified_source_item_metadata,[]
506,other,CompiledRunner,E_16_32_3,METAL,0.002374988980591297,4608,21508,506,506,1,"{""other"": 1}",unclassified_source_item_metadata,[]
507,other,CompiledRunner,r_16_96,METAL,0.003125052899122238,3392,6148,507,507,1,"{""other"": 1}",unclassified_source_item_metadata,[]
508,other,CompiledRunner,r_128_32_3_384_4,METAL,0.05558342672884464,44064768,18981892,508,508,1,"{""other"": 1}",unclassified_source_item_metadata,[]
509,other,CompiledRunner,r_1536_16_384,METAL,0.0431666849181056,113664000,9498624,509,509,1,"{""other"": 1}",unclassified_source_item_metadata,[]
510,other,CompiledRunner,r_16_96,METAL,0.0031249364838004112,3392,6148,510,510,1,"{""other"": 1}",unclassified_source_item_metadata,[]
511,other,CompiledRunner,E_16_32_3,METAL,0.002500019036233425,4608,21508,511,511,1,"{""other"": 1}",unclassified_source_item_metadata,[]
512,other,CompiledRunner,r_256_16_96n1,METAL,0.004875008016824722,897024,417792,512,512,1,"{""other"": 1}",unclassified_source_item_metadata,[]
513,other,CompiledRunner,r_1536_16_16n1,METAL,0.0037499703466892242,1204224,406528,513,513,1,"{""other"": 1}",unclassified_source_item_metadata,[]
514,other,CompiledRunner,r_16_96,METAL,0.0031249364838004112,3392,6148,514,514,1,"{""other"": 1}",unclassified_source_item_metadata,[]
515,other,CompiledRunner,E_16_32_3n1,METAL,0.002750079147517681,6144,21510,515,515,1,"{""other"": 1}",unclassified_source_item_metadata,[]
516,other,CompiledRunner,r_16_96,METAL,0.003125052899122238,3392,6148,516,516,1,"{""other"": 1}",unclassified_source_item_metadata,[]
517,other,CompiledRunner,r_2048_16_96,METAL,0.01200009137392044,10027008,3171332,517,517,1,"{""other"": 1}",unclassified_source_item_metadata,[]
518,other,CompiledRunner,r_8_16_16,METAL,0.0023333122953772545,6656,8224,518,518,1,"{""other"": 1}",unclassified_source_item_metadata,[]
519,other,CompiledRunner,E_16_2_16_4,METAL,0.003750086762011051,37888,16928,519,519,1,"{""other"": 1}",unclassified_source_item_metadata,[]
520,other,CompiledRunner,r_4_32_4_2_4_32,METAL,0.009375042282044888,2097152,548864,520,520,1,"{""other"": 1}",unclassified_source_item_metadata,[]
521,other,CompiledRunner,r_8_16_32,METAL,0.002499902620911598,12288,16416,521,521,1,"{""other"": 1}",unclassified_source_item_metadata,[]
522,other,CompiledRunner,r_8_16_32n1,METAL,0.003166729584336281,18560,16448,522,522,1,"{""other"": 1}",unclassified_source_item_metadata,[]
523,other,CompiledRunner,r_2_32_4_2_4_64,METAL,0.015791738405823708,2197504,548928,523,523,1,"{""other"": 1}",unclassified_source_item_metadata,[]
524,other,CompiledRunner,r_1536_16_128,METAL,0.009624985978007317,6709248,3166208,524,524,1,"{""other"": 1}",unclassified_source_item_metadata,[]
525,other,CompiledRunner,r_16_96,METAL,0.0033333199098706245,3392,6148,525,525,1,"{""other"": 1}",unclassified_source_item_metadata,[]
526,other,CompiledRunner,E_16_32_3,METAL,0.0024583423510193825,4608,21508,526,526,1,"{""other"": 1}",unclassified_source_item_metadata,[]
527,other,CompiledRunner,r_16_96,METAL,0.003125052899122238,3392,6148,527,527,1,"{""other"": 1}",unclassified_source_item_metadata,[]
528,other,CompiledRunner,r_128_32_3_384_4,METAL,0.05625002086162567,44064768,18981892,528,528,1,"{""other"": 1}",unclassified_source_item_metadata,[]
529,other,CompiledRunner,r_1536_16_384,METAL,0.04216667730361223,113664000,9498624,529,529,1,"{""other"": 1}",unclassified_source_item_metadata,[]
530,other,CompiledRunner,r_16_96,METAL,0.0032084062695503235,3392,6148,530,530,1,"{""other"": 1}",unclassified_source_item_metadata,[]
531,other,CompiledRunner,E_16_32_3,METAL,0.002291635610163212,4608,21508,531,531,1,"{""other"": 1}",unclassified_source_item_metadata,[]
532,other,CompiledRunner,r_256_16_96n2,METAL,0.010083429515361786,897024,417792,532,532,1,"{""other"": 1}",unclassified_source_item_metadata,[]
533,other,CompiledRunner,r_1536_16_16n1,METAL,0.06791669875383377,1204224,406528,533,533,1,"{""other"": 1}",unclassified_source_item_metadata,[]
534,other,CompiledRunner,r_16_96,METAL,0.155708403326571,3392,6148,534,534,1,"{""other"": 1}",unclassified_source_item_metadata,[]
535,other,CompiledRunner,E_16_32_3n1,METAL,0.002750079147517681,6144,21510,535,535,1,"{""other"": 1}",unclassified_source_item_metadata,[]
536,other,CompiledRunner,r_16_96,METAL,0.003166729584336281,3392,6148,536,536,1,"{""other"": 1}",unclassified_source_item_metadata,[]
537,other,CompiledRunner,r_2048_16_96,METAL,0.012458418495953083,10027008,3171332,537,537,1,"{""other"": 1}",unclassified_source_item_metadata,[]
538,other,CompiledRunner,r_8_16_16,METAL,0.0024583423510193825,6656,8224,538,538,1,"{""other"": 1}",unclassified_source_item_metadata,[]
539,other,CompiledRunner,E_16_2_16_4,METAL,0.003625056706368923,37888,16928,539,539,1,"{""other"": 1}",unclassified_source_item_metadata,[]
540,other,CompiledRunner,r_4_32_4_2_4_32,METAL,0.009125098586082458,2097152,548864,540,540,1,"{""other"": 1}",unclassified_source_item_metadata,[]
541,other,CompiledRunner,r_8_16_32,METAL,0.002374988980591297,12288,16416,541,541,1,"{""other"": 1}",unclassified_source_item_metadata,[]
542,other,CompiledRunner,r_8_16_32n1,METAL,0.003125052899122238,18560,16448,542,542,1,"{""other"": 1}",unclassified_source_item_metadata,[]
543,other,CompiledRunner,r_2_32_4_2_4_64,METAL,0.015874975360929966,2197504,548928,543,543,1,"{""other"": 1}",unclassified_source_item_metadata,[]
544,other,CompiledRunner,r_1536_16_128,METAL,0.009999959729611874,6709248,3166208,544,544,1,"{""other"": 1}",unclassified_source_item_metadata,[]
545,other,CompiledRunner,r_16_96,METAL,0.0032082898542284966,3392,6148,545,545,1,"{""other"": 1}",unclassified_source_item_metadata,[]
546,other,CompiledRunner,E_16_32_3,METAL,0.002500019036233425,4608,21508,546,546,1,"{""other"": 1}",unclassified_source_item_metadata,[]
547,other,CompiledRunner,r_16_96,METAL,0.0030833762139081955,3392,6148,547,547,1,"{""other"": 1}",unclassified_source_item_metadata,[]
548,other,CompiledRunner,r_128_32_3_384_4,METAL,0.062166713178157806,44064768,18981892,548,548,1,"{""other"": 1}",unclassified_source_item_metadata,[]
549,other,CompiledRunner,r_1536_16_384,METAL,0.04266668111085892,113664000,9498624,549,549,1,"{""other"": 1}",unclassified_source_item_metadata,[]
550,other,CompiledRunner,r_16_96,METAL,0.003166729584336281,3392,6148,550,550,1,"{""other"": 1}",unclassified_source_item_metadata,[]
551,other,CompiledRunner,E_16_32_3,METAL,0.002625049091875553,4608,21508,551,551,1,"{""other"": 1}",unclassified_source_item_metadata,[]
552,other,CompiledRunner,r_256_16_96n3,METAL,0.005041598342359066,897024,417792,552,552,1,"{""other"": 1}",unclassified_source_item_metadata,[]
553,other,CompiledRunner,r_1536_16_16n1,METAL,0.003625056706368923,1204224,406528,553,553,1,"{""other"": 1}",unclassified_source_item_metadata,[]
554,other,CompiledRunner,r_16_96,METAL,0.003250082954764366,3392,6148,554,554,1,"{""other"": 1}",unclassified_source_item_metadata,[]
555,other,CompiledRunner,E_16_32_3n1,METAL,0.002750079147517681,6144,21510,555,555,1,"{""other"": 1}",unclassified_source_item_metadata,[]
556,other,CompiledRunner,r_16_96,METAL,0.003249966539442539,3392,6148,556,556,1,"{""other"": 1}",unclassified_source_item_metadata,[]
557,other,CompiledRunner,r_2048_16_96,METAL,0.011791707947850227,10027008,3171332,557,557,1,"{""other"": 1}",unclassified_source_item_metadata,[]
558,other,CompiledRunner,r_8_16_16,METAL,0.0023333122953772545,6656,8224,558,558,1,"{""other"": 1}",unclassified_source_item_metadata,[]
559,other,CompiledRunner,E_16_2_16_4,METAL,0.003541703335940838,37888,16928,559,559,1,"{""other"": 1}",unclassified_source_item_metadata,[]
560,other,CompiledRunner,r_4_32_4_2_4_32,METAL,0.009375042282044888,2097152,548864,560,560,1,"{""other"": 1}",unclassified_source_item_metadata,[]
561,other,CompiledRunner,r_8_16_32,METAL,0.0024582259356975555,12288,16416,561,561,1,"{""other"": 1}",unclassified_source_item_metadata,[]
562,other,CompiledRunner,r_8_16_32n1,METAL,0.002916669473052025,18560,16448,562,562,1,"{""other"": 1}",unclassified_source_item_metadata,[]
563,other,CompiledRunner,r_2_32_4_2_4_64,METAL,0.01595832873135805,2197504,548928,563,563,1,"{""other"": 1}",unclassified_source_item_metadata,[]
564,other,CompiledRunner,r_1536_16_128,METAL,0.009500072337687016,6709248,3166208,564,564,1,"{""other"": 1}",unclassified_source_item_metadata,[]
565,other,CompiledRunner,r_16_96,METAL,0.003166613169014454,3392,6148,565,565,1,"{""other"": 1}",unclassified_source_item_metadata,[]
566,other,CompiledRunner,E_16_32_3,METAL,0.0024583423510193825,4608,21508,566,566,1,"{""other"": 1}",unclassified_source_item_metadata,[]
567,other,CompiledRunner,r_16_96,METAL,0.005041598342359066,3392,6148,567,567,1,"{""other"": 1}",unclassified_source_item_metadata,[]
568,other,CompiledRunner,r_128_32_3_384_4,METAL,0.06320839747786522,44064768,18981892,568,568,1,"{""other"": 1}",unclassified_source_item_metadata,[]
569,other,CompiledRunner,r_1536_16_384,METAL,0.19837496802210808,113664000,9498624,569,569,1,"{""other"": 1}",unclassified_source_item_metadata,[]
570,other,CompiledRunner,r_16_96,METAL,0.0032082898542284966,3392,6148,570,570,1,"{""other"": 1}",unclassified_source_item_metadata,[]
571,other,CompiledRunner,E_16_32_3,METAL,0.002625049091875553,4608,21508,571,571,1,"{""other"": 1}",unclassified_source_item_metadata,[]
572,other,CompiledRunner,r_256_16_96n4,METAL,0.005041598342359066,897024,417792,572,572,1,"{""other"": 1}",unclassified_source_item_metadata,[]
573,other,CompiledRunner,r_1536_16_16n1,METAL,0.0037084100767970085,1204224,406528,573,573,1,"{""other"": 1}",unclassified_source_item_metadata,[]
574,other,CompiledRunner,r_16_96,METAL,0.003249966539442539,3392,6148,574,574,1,"{""other"": 1}",unclassified_source_item_metadata,[]
575,other,CompiledRunner,E_16_32_3n1,METAL,0.002500019036233425,6144,21510,575,575,1,"{""other"": 1}",unclassified_source_item_metadata,[]
576,other,CompiledRunner,r_16_96,METAL,0.003249966539442539,3392,6148,576,576,1,"{""other"": 1}",unclassified_source_item_metadata,[]
577,other,CompiledRunner,r_32_32_4_384_4,METAL,0.06225006654858589,14163968,6333444,577,577,1,"{""other"": 1}",unclassified_source_item_metadata,[]
578,other,CompiledRunner,r_8_16_32n2,METAL,0.00300002284348011,10752,16416,578,578,1,"{""other"": 1}",unclassified_source_item_metadata,[]
579,other,CompiledRunner,E_8_2_16_4_4,METAL,0.008875038474798203,95488,33824,579,579,1,"{""other"": 1}",unclassified_source_item_metadata,[]
580,other,CompiledRunner,r_8_(gemma_start_pos_window+1)_16_32,METAL,0.0076249707490205765,7208960,1482784,580,580,1,"{""other"": 1}",unclassified_source_item_metadata,[]
581,other,CompiledRunner,r_2_4_(gemma_start_pos_window+1),METAL,0.09900005534291267,11266,22560,581,581,1,"{""other"": 1}",unclassified_source_item_metadata,[]
582,other,CompiledRunner,r_2_4_(gemma_start_pos_window+1)n1,METAL,0.11012493632733822,22538,22592,582,582,1,"{""other"": 1}",unclassified_source_item_metadata,[]
583,other,CompiledRunner,E_(gemma_start_pos_window+1)_2_4,METAL,0.002791639417409897,22528,45120,583,583,1,"{""other"": 1}",unclassified_source_item_metadata,[]
584,other,CompiledRunner,r_8_2_16_4_4_(gemma_start_pos_window+1),METAL,0.2083332510665059,5767424,1482784,584,584,1,"{""other"": 1}",unclassified_source_item_metadata,[]
585,other,CompiledRunner,r_1536_16_256,METAL,0.016750069335103035,13000704,6320128,585,585,1,"{""other"": 1}",unclassified_source_item_metadata,[]
586,other,CompiledRunner,r_16_96,METAL,0.0032082898542284966,3392,6148,586,586,1,"{""other"": 1}",unclassified_source_item_metadata,[]
587,other,CompiledRunner,E_16_32_3,METAL,0.002499902620911598,4608,21508,587,587,1,"{""other"": 1}",unclassified_source_item_metadata,[]
588,other,CompiledRunner,r_16_96,METAL,0.003249966539442539,3392,6148,588,588,1,"{""other"": 1}",unclassified_source_item_metadata,[]
589,other,CompiledRunner,r_128_32_3_384_4,METAL,0.06150000263005495,44064768,18981892,589,589,1,"{""other"": 1}",unclassified_source_item_metadata,[]
590,other,CompiledRunner,r_1536_16_384,METAL,0.042874948121607304,113664000,9498624,590,590,1,"{""other"": 1}",unclassified_source_item_metadata,[]
591,other,CompiledRunner,r_16_96,METAL,0.003125052899122238,3392,6148,591,591,1,"{""other"": 1}",unclassified_source_item_metadata,[]
592,other,CompiledRunner,E_16_32_3,METAL,0.002500019036233425,4608,21508,592,592,1,"{""other"": 1}",unclassified_source_item_metadata,[]
593,other,CompiledRunner,r_256_16_96n5,METAL,0.004958244971930981,897024,417792,593,593,1,"{""other"": 1}",unclassified_source_item_metadata,[]
594,other,CompiledRunner,r_1536_16_16n1,METAL,0.003666616976261139,1204224,406528,594,594,1,"{""other"": 1}",unclassified_source_item_metadata,[]
595,other,CompiledRunner,r_16_96,METAL,0.003166729584336281,3392,6148,595,595,1,"{""other"": 1}",unclassified_source_item_metadata,[]
596,other,CompiledRunner,E_16_32_3n1,METAL,0.0024583423510193825,6144,21510,596,596,1,"{""other"": 1}",unclassified_source_item_metadata,[]
597,other,CompiledRunner,r_16_96,METAL,0.003249966539442539,3392,6148,597,597,1,"{""other"": 1}",unclassified_source_item_metadata,[]
598,other,CompiledRunner,r_256_16_96,METAL,0.009750016033649445,1253376,404484,598,598,1,"{""other"": 1}",unclassified_source_item_metadata,[]
599,other,CompiledRunner,r_16_16,METAL,0.012166681699454784,832,1028,599,599,1,"{""other"": 1}",unclassified_source_item_metadata,[]
600,other,CompiledRunner,E_2_32_4,METAL,0.04924996756017208,8768,2564,600,600,1,"{""other"": 1}",unclassified_source_item_metadata,[]
601,other,CompiledRunner,E_192_4_8_16_4,METAL,0.059249927289783955,0,3145732,601,601,1,"{""other"": 1}",unclassified_source_item_metadata,[]
602,other,CompiledRunner,E_1120_4_8_16_4,METAL,0.006458372808992863,0,18350084,602,602,1,"{""other"": 1}",unclassified_source_item_metadata,[]
603,other,CompiledRunner,r_1536_16_16,METAL,0.0038750004023313522,811008,1579008,603,603,1,"{""other"": 1}",unclassified_source_item_metadata,[]
604,other,CompiledRunner,r_16_96,METAL,0.0033333199098706245,3392,6148,604,604,1,"{""other"": 1}",unclassified_source_item_metadata,[]
605,other,CompiledRunner,r_70_32_4_384_4,METAL,0.05212496034801006,27543040,13840384,605,605,1,"{""other"": 1}",unclassified_source_item_metadata,[]
606,other,CompiledRunner,r_2048_16_96,METAL,0.012750038877129555,10027008,3171332,606,606,1,"{""other"": 1}",unclassified_source_item_metadata,[]
607,other,CompiledRunner,r_35_16_16,METAL,0.002500019036233425,29120,35980,607,607,1,"{""other"": 1}",unclassified_source_item_metadata,[]
608,other,CompiledRunner,r_8_16_16,METAL,0.0024583423510193825,6656,8224,608,608,1,"{""other"": 1}",unclassified_source_item_metadata,[]
609,other,CompiledRunner,r_35_4_16_4_64_4,METAL,0.012999982573091984,2338560,9247372,609,609,1,"{""other"": 1}",unclassified_source_item_metadata,[]
610,other,CompiledRunner,E_16_2_16_4,METAL,0.0037499703466892242,37888,16928,610,610,1,"{""other"": 1}",unclassified_source_item_metadata,[]
611,other,CompiledRunner,r_4_32_4_2_4_32,METAL,0.009375042282044888,2097152,548864,611,611,1,"{""other"": 1}",unclassified_source_item_metadata,[]
612,other,CompiledRunner,r_8_16_32,METAL,0.002500019036233425,12288,16416,612,612,1,"{""other"": 1}",unclassified_source_item_metadata,[]
613,other,CompiledRunner,r_8_16_32n1,METAL,0.0029582297429442406,18560,16448,613,613,1,"{""other"": 1}",unclassified_source_item_metadata,[]
614,other,CompiledRunner,r_2_32_4_2_4_64,METAL,0.015625031664967537,2197504,548928,614,614,1,"{""other"": 1}",unclassified_source_item_metadata,[]
615,other,CompiledRunner,r_1536_16_128,METAL,0.009999959729611874,6709248,3166208,615,615,1,"{""other"": 1}",unclassified_source_item_metadata,[]
616,other,CompiledRunner,r_16_96,METAL,0.003249966539442539,3392,6148,616,616,1,"{""other"": 1}",unclassified_source_item_metadata,[]
617,other,CompiledRunner,E_16_32_3,METAL,0.0024583423510193825,4608,21508,617,617,1,"{""other"": 1}",unclassified_source_item_metadata,[]
618,other,CompiledRunner,r_16_96,METAL,0.003249966539442539,3392,6148,618,618,1,"{""other"": 1}",unclassified_source_item_metadata,[]
619,other,CompiledRunner,r_128_32_3_384_4,METAL,0.055999960750341415,44064768,18981892,619,619,1,"{""other"": 1}",unclassified_source_item_metadata,[]
620,other,CompiledRunner,r_1536_16_384,METAL,0.04333339165896177,113664000,9498624,620,620,1,"{""other"": 1}",unclassified_source_item_metadata,[]
621,other,CompiledRunner,r_16_96,METAL,0.003291759639978409,3392,6148,621,621,1,"{""other"": 1}",unclassified_source_item_metadata,[]
622,other,CompiledRunner,E_16_32_3,METAL,0.002500019036233425,4608,21508,622,622,1,"{""other"": 1}",unclassified_source_item_metadata,[]
623,other,CompiledRunner,r_256_16_96n1,METAL,0.004958244971930981,897024,417792,623,623,1,"{""other"": 1}",unclassified_source_item_metadata,[]
624,other,CompiledRunner,r_1536_16_16n1,METAL,0.0037084100767970085,1204224,406528,624,624,1,"{""other"": 1}",unclassified_source_item_metadata,[]
625,other,CompiledRunner,r_16_96,METAL,0.003250082954764366,3392,6148,625,625,1,"{""other"": 1}",unclassified_source_item_metadata,[]
626,other,CompiledRunner,E_16_32_3n1,METAL,0.002625049091875553,6144,21510,626,626,1,"{""other"": 1}",unclassified_source_item_metadata,[]
627,other,CompiledRunner,r_16_96,METAL,0.003249966539442539,3392,6148,627,627,1,"{""other"": 1}",unclassified_source_item_metadata,[]
628,other,CompiledRunner,r_2048_16_96,METAL,0.012041651643812656,10027008,3171332,628,628,1,"{""other"": 1}",unclassified_source_item_metadata,[]
629,other,CompiledRunner,r_8_16_16,METAL,0.0023334287106990814,6656,8224,629,629,1,"{""other"": 1}",unclassified_source_item_metadata,[]
630,other,CompiledRunner,E_16_2_16_4,METAL,0.003374996595084667,37888,16928,630,630,1,"{""other"": 1}",unclassified_source_item_metadata,[]
631,other,CompiledRunner,r_4_32_4_2_4_32,METAL,0.009041628800332546,2097152,548864,631,631,1,"{""other"": 1}",unclassified_source_item_metadata,[]
632,other,CompiledRunner,r_8_16_32,METAL,0.002374988980591297,12288,16416,632,632,1,"{""other"": 1}",unclassified_source_item_metadata,[]
633,other,CompiledRunner,r_8_16_32n1,METAL,0.017291633412241936,18560,16448,633,633,1,"{""other"": 1}",unclassified_source_item_metadata,[]
634,other,CompiledRunner,r_2_32_4_2_4_64,METAL,0.03287498839199543,2197504,548928,634,634,1,"{""other"": 1}",unclassified_source_item_metadata,[]
635,other,CompiledRunner,r_1536_16_128,METAL,0.16787496861070395,6709248,3166208,635,635,1,"{""other"": 1}",unclassified_source_item_metadata,[]
636,other,CompiledRunner,r_16_96,METAL,0.003249966539442539,3392,6148,636,636,1,"{""other"": 1}",unclassified_source_item_metadata,[]
637,other,CompiledRunner,E_16_32_3,METAL,0.002500019036233425,4608,21508,637,637,1,"{""other"": 1}",unclassified_source_item_metadata,[]
638,other,CompiledRunner,r_16_96,METAL,0.0031249364838004112,3392,6148,638,638,1,"{""other"": 1}",unclassified_source_item_metadata,[]
639,other,CompiledRunner,r_128_32_3_384_4,METAL,0.056041753850877285,44064768,18981892,639,639,1,"{""other"": 1}",unclassified_source_item_metadata,[]
640,other,CompiledRunner,r_1536_16_384,METAL,0.04312500823289156,113664000,9498624,640,640,1,"{""other"": 1}",unclassified_source_item_metadata,[]
641,other,CompiledRunner,r_16_96,METAL,0.003249966539442539,3392,6148,641,641,1,"{""other"": 1}",unclassified_source_item_metadata,[]
642,other,CompiledRunner,E_16_32_3,METAL,0.002625049091875553,4608,21508,642,642,1,"{""other"": 1}",unclassified_source_item_metadata,[]
643,other,CompiledRunner,r_256_16_96n2,METAL,0.004875008016824722,897024,417792,643,643,1,"{""other"": 1}",unclassified_source_item_metadata,[]
644,other,CompiledRunner,r_1536_16_16n1,METAL,0.0036249402910470963,1204224,406528,644,644,1,"{""other"": 1}",unclassified_source_item_metadata,[]
645,other,CompiledRunner,r_16_96,METAL,0.0031249364838004112,3392,6148,645,645,1,"{""other"": 1}",unclassified_source_item_metadata,[]
646,other,CompiledRunner,E_16_32_3n1,METAL,0.002624932676553726,6144,21510,646,646,1,"{""other"": 1}",unclassified_source_item_metadata,[]
647,other,CompiledRunner,r_16_96,METAL,0.003166613169014454,3392,6148,647,647,1,"{""other"": 1}",unclassified_source_item_metadata,[]
648,other,CompiledRunner,r_2048_16_96,METAL,0.011916621588170528,10027008,3171332,648,648,1,"{""other"": 1}",unclassified_source_item_metadata,[]
649,other,CompiledRunner,r_8_16_16,METAL,0.002500019036233425,6656,8224,649,649,1,"{""other"": 1}",unclassified_source_item_metadata,[]
650,other,CompiledRunner,E_16_2_16_4,METAL,0.0037082936614751816,37888,16928,650,650,1,"{""other"": 1}",unclassified_source_item_metadata,[]
651,other,CompiledRunner,r_4_32_4_2_4_32,METAL,0.00925001222640276,2097152,548864,651,651,1,"{""other"": 1}",unclassified_source_item_metadata,[]
652,other,CompiledRunner,r_8_16_32,METAL,0.002500019036233425,12288,16416,652,652,1,"{""other"": 1}",unclassified_source_item_metadata,[]
653,other,CompiledRunner,r_8_16_32n1,METAL,0.003125052899122238,18560,16448,653,653,1,"{""other"": 1}",unclassified_source_item_metadata,[]
654,other,CompiledRunner,r_2_32_4_2_4_64,METAL,0.015500001609325409,2197504,548928,654,654,1,"{""other"": 1}",unclassified_source_item_metadata,[]
655,other,CompiledRunner,r_1536_16_128,METAL,0.009749899618327618,6709248,3166208,655,655,1,"{""other"": 1}",unclassified_source_item_metadata,[]
656,other,CompiledRunner,r_16_96,METAL,0.0030832597985863686,3392,6148,656,656,1,"{""other"": 1}",unclassified_source_item_metadata,[]
657,other,CompiledRunner,E_16_32_3,METAL,0.002500019036233425,4608,21508,657,657,1,"{""other"": 1}",unclassified_source_item_metadata,[]
658,other,CompiledRunner,r_16_96,METAL,0.003249966539442539,3392,6148,658,658,1,"{""other"": 1}",unclassified_source_item_metadata,[]
659,other,CompiledRunner,r_128_32_3_384_4,METAL,0.05925004370510578,44064768,18981892,659,659,1,"{""other"": 1}",unclassified_source_item_metadata,[]
660,other,CompiledRunner,r_1536_16_384,METAL,0.04249997437000275,113664000,9498624,660,660,1,"{""other"": 1}",unclassified_source_item_metadata,[]
661,other,CompiledRunner,r_16_96,METAL,0.003291643224656582,3392,6148,661,661,1,"{""other"": 1}",unclassified_source_item_metadata,[]
662,other,CompiledRunner,E_16_32_3,METAL,0.0025833724066615105,4608,21508,662,662,1,"{""other"": 1}",unclassified_source_item_metadata,[]
663,other,CompiledRunner,r_256_16_96n3,METAL,0.005166628398001194,897024,417792,663,663,1,"{""other"": 1}",unclassified_source_item_metadata,[]
664,other,CompiledRunner,r_1536_16_16n1,METAL,0.0037499703466892242,1204224,406528,664,664,1,"{""other"": 1}",unclassified_source_item_metadata,[]
665,other,CompiledRunner,r_16_96,METAL,0.0031249364838004112,3392,6148,665,665,1,"{""other"": 1}",unclassified_source_item_metadata,[]
666,other,CompiledRunner,E_16_32_3n1,METAL,0.0027082860469818115,6144,21510,666,666,1,"{""other"": 1}",unclassified_source_item_metadata,[]
667,other,CompiledRunner,r_16_96,METAL,0.003166729584336281,3392,6148,667,667,1,"{""other"": 1}",unclassified_source_item_metadata,[]
668,other,CompiledRunner,r_2048_16_96,METAL,0.01795834396034479,10027008,3171332,668,668,1,"{""other"": 1}",unclassified_source_item_metadata,[]
669,other,CompiledRunner,r_8_16_16,METAL,0.002250075340270996,6656,8224,669,669,1,"{""other"": 1}",unclassified_source_item_metadata,[]
670,other,CompiledRunner,E_16_2_16_4,METAL,0.02562499139457941,37888,16928,670,670,1,"{""other"": 1}",unclassified_source_item_metadata,[]
671,other,CompiledRunner,r_4_32_4_2_4_32,METAL,0.07750000804662704,2097152,548864,671,671,1,"{""other"": 1}",unclassified_source_item_metadata,[]
672,other,CompiledRunner,r_8_16_32,METAL,0.0025833724066615105,12288,16416,672,672,1,"{""other"": 1}",unclassified_source_item_metadata,[]
673,other,CompiledRunner,r_8_16_32n1,METAL,0.00300002284348011,18560,16448,673,673,1,"{""other"": 1}",unclassified_source_item_metadata,[]
674,other,CompiledRunner,r_2_32_4_2_4_64,METAL,0.016041682101786137,2197504,548928,674,674,1,"{""other"": 1}",unclassified_source_item_metadata,[]
675,other,CompiledRunner,r_1536_16_128,METAL,0.009958283044397831,6709248,3166208,675,675,1,"{""other"": 1}",unclassified_source_item_metadata,[]
676,other,CompiledRunner,r_16_96,METAL,0.003291643224656582,3392,6148,676,676,1,"{""other"": 1}",unclassified_source_item_metadata,[]
677,other,CompiledRunner,E_16_32_3,METAL,0.002500019036233425,4608,21508,677,677,1,"{""other"": 1}",unclassified_source_item_metadata,[]
678,other,CompiledRunner,r_16_96,METAL,0.003249966539442539,3392,6148,678,678,1,"{""other"": 1}",unclassified_source_item_metadata,[]
679,other,CompiledRunner,r_128_32_3_384_4,METAL,0.05920825060456991,44064768,18981892,679,679,1,"{""other"": 1}",unclassified_source_item_metadata,[]
680,other,CompiledRunner,r_1536_16_384,METAL,0.043458305299282074,113664000,9498624,680,680,1,"{""other"": 1}",unclassified_source_item_metadata,[]
681,other,CompiledRunner,r_16_96,METAL,0.003125052899122238,3392,6148,681,681,1,"{""other"": 1}",unclassified_source_item_metadata,[]
682,other,CompiledRunner,E_16_32_3,METAL,0.002749962732195854,4608,21508,682,682,1,"{""other"": 1}",unclassified_source_item_metadata,[]
683,other,CompiledRunner,r_256_16_96n4,METAL,0.005041714757680893,897024,417792,683,683,1,"{""other"": 1}",unclassified_source_item_metadata,[]
684,other,CompiledRunner,r_1536_16_16n1,METAL,0.0037499703466892242,1204224,406528,684,684,1,"{""other"": 1}",unclassified_source_item_metadata,[]
685,other,CompiledRunner,r_16_96,METAL,0.003249966539442539,3392,6148,685,685,1,"{""other"": 1}",unclassified_source_item_metadata,[]
686,other,CompiledRunner,E_16_32_3n1,METAL,0.002625049091875553,6144,21510,686,686,1,"{""other"": 1}",unclassified_source_item_metadata,[]
687,other,CompiledRunner,r_16_96,METAL,0.003166613169014454,3392,6148,687,687,1,"{""other"": 1}",unclassified_source_item_metadata,[]
688,other,CompiledRunner,r_32_32_4_384_4,METAL,0.06233341991901398,14163968,6333444,688,688,1,"{""other"": 1}",unclassified_source_item_metadata,[]
689,other,CompiledRunner,r_8_16_32n2,METAL,0.0029999064281582832,10752,16416,689,689,1,"{""other"": 1}",unclassified_source_item_metadata,[]
690,other,CompiledRunner,E_8_2_16_4_4,METAL,0.009166658855974674,95488,33824,690,690,1,"{""other"": 1}",unclassified_source_item_metadata,[]
691,other,CompiledRunner,r_8_(gemma_start_pos_window+1)_16_32,METAL,0.007666647434234619,7208960,1482784,691,691,1,"{""other"": 1}",unclassified_source_item_metadata,[]
692,other,CompiledRunner,r_2_4_(gemma_start_pos_window+1),METAL,0.10145828127861023,11266,22560,692,692,1,"{""other"": 1}",unclassified_source_item_metadata,[]
693,other,CompiledRunner,r_2_4_(gemma_start_pos_window+1)n1,METAL,0.10916660539805889,22538,22592,693,693,1,"{""other"": 1}",unclassified_source_item_metadata,[]
694,other,CompiledRunner,E_(gemma_start_pos_window+1)_2_4,METAL,0.002916669473052025,22528,45120,694,694,1,"{""other"": 1}",unclassified_source_item_metadata,[]
695,other,CompiledRunner,r_8_2_16_4_4_(gemma_start_pos_window+1),METAL,0.20925002172589302,5767424,1482784,695,695,1,"{""other"": 1}",unclassified_source_item_metadata,[]
696,other,CompiledRunner,r_1536_16_256,METAL,0.016000005416572094,13000704,6320128,696,696,1,"{""other"": 1}",unclassified_source_item_metadata,[]
697,other,CompiledRunner,r_16_96,METAL,0.0032084062695503235,3392,6148,697,697,1,"{""other"": 1}",unclassified_source_item_metadata,[]
698,other,CompiledRunner,E_16_32_3,METAL,0.0022917520254850388,4608,21508,698,698,1,"{""other"": 1}",unclassified_source_item_metadata,[]
699,other,CompiledRunner,r_16_96,METAL,0.003125052899122238,3392,6148,699,699,1,"{""other"": 1}",unclassified_source_item_metadata,[]
700,other,CompiledRunner,r_128_32_3_384_4,METAL,0.05874992348253727,44064768,18981892,700,700,1,"{""other"": 1}",unclassified_source_item_metadata,[]
701,other,CompiledRunner,r_1536_16_384,METAL,0.049999915063381195,113664000,9498624,701,701,1,"{""other"": 1}",unclassified_source_item_metadata,[]
702,other,CompiledRunner,r_16_96,METAL,0.0031249364838004112,3392,6148,702,702,1,"{""other"": 1}",unclassified_source_item_metadata,[]
703,other,CompiledRunner,E_16_32_3,METAL,0.045625027269124985,4608,21508,703,703,1,"{""other"": 1}",unclassified_source_item_metadata,[]
704,other,CompiledRunner,r_256_16_96n5,METAL,0.07487495895475149,897024,417792,704,704,1,"{""other"": 1}",unclassified_source_item_metadata,[]
705,other,CompiledRunner,r_1536_16_16n1,METAL,0.0038333237171173096,1204224,406528,705,705,1,"{""other"": 1}",unclassified_source_item_metadata,[]
706,other,CompiledRunner,r_16_96,METAL,0.003125052899122238,3392,6148,706,706,1,"{""other"": 1}",unclassified_source_item_metadata,[]
707,other,CompiledRunner,E_16_32_3n1,METAL,0.002625049091875553,6144,21510,707,707,1,"{""other"": 1}",unclassified_source_item_metadata,[]
708,other,CompiledRunner,r_16_96,METAL,0.003249966539442539,3392,6148,708,708,1,"{""other"": 1}",unclassified_source_item_metadata,[]
709,other,CompiledRunner,r_256_16_96,METAL,0.005249981768429279,1253376,404484,709,709,1,"{""other"": 1}",unclassified_source_item_metadata,[]
710,other,CompiledRunner,r_16_16,METAL,0.002500019036233425,832,1028,710,710,1,"{""other"": 1}",unclassified_source_item_metadata,[]
711,other,CompiledRunner,E_2_32_4n1,METAL,0.0021667219698429108,256,2052,711,711,1,"{""other"": 1}",unclassified_source_item_metadata,[]
712,other,CompiledRunner,E_192_4_8_16_4,METAL,0.00341667328029871,0,3145732,712,712,1,"{""other"": 1}",unclassified_source_item_metadata,[]
713,other,CompiledRunner,E_1120_4_8_16_4,METAL,0.006250105798244476,0,18350084,713,713,1,"{""other"": 1}",unclassified_source_item_metadata,[]
714,other,CompiledRunner,r_1536_16_16,METAL,0.0038750004023313522,811008,1579008,714,714,1,"{""other"": 1}",unclassified_source_item_metadata,[]
715,other,CompiledRunner,r_16_96,METAL,0.0032084062695503235,3392,6148,715,715,1,"{""other"": 1}",unclassified_source_item_metadata,[]
716,other,CompiledRunner,r_70_32_4_384_4,METAL,0.051999930292367935,27543040,13840384,716,716,1,"{""other"": 1}",unclassified_source_item_metadata,[]
717,other,CompiledRunner,r_2048_16_96,METAL,0.012875068932771683,10027008,3171332,717,717,1,"{""other"": 1}",unclassified_source_item_metadata,[]
718,other,CompiledRunner,r_35_16_16,METAL,0.002500019036233425,29120,35980,718,718,1,"{""other"": 1}",unclassified_source_item_metadata,[]
719,other,CompiledRunner,r_8_16_16,METAL,0.002374988980591297,6656,8224,719,719,1,"{""other"": 1}",unclassified_source_item_metadata,[]
720,other,CompiledRunner,r_35_4_16_4_64_4,METAL,0.012875068932771683,2338560,9247372,720,720,1,"{""other"": 1}",unclassified_source_item_metadata,[]
721,other,CompiledRunner,E_16_2_16_4,METAL,0.003750086762011051,37888,16928,721,721,1,"{""other"": 1}",unclassified_source_item_metadata,[]
722,other,CompiledRunner,r_4_32_4_2_4_32,METAL,0.009249895811080933,2097152,548864,722,722,1,"{""other"": 1}",unclassified_source_item_metadata,[]
723,other,CompiledRunner,r_8_16_32,METAL,0.002500019036233425,12288,16416,723,723,1,"{""other"": 1}",unclassified_source_item_metadata,[]
724,other,CompiledRunner,r_8_16_32n1,METAL,0.002874992787837982,18560,16448,724,724,1,"{""other"": 1}",unclassified_source_item_metadata,[]
725,other,CompiledRunner,r_2_32_4_2_4_64,METAL,0.015750061720609665,2197504,548928,725,725,1,"{""other"": 1}",unclassified_source_item_metadata,[]
726,other,CompiledRunner,r_1536_16_128,METAL,0.010083313100039959,6709248,3166208,726,726,1,"{""other"": 1}",unclassified_source_item_metadata,[]
727,other,CompiledRunner,r_16_96,METAL,0.0032084062695503235,3392,6148,727,727,1,"{""other"": 1}",unclassified_source_item_metadata,[]
728,other,CompiledRunner,E_16_32_3,METAL,0.002374988980591297,4608,21508,728,728,1,"{""other"": 1}",unclassified_source_item_metadata,[]
729,other,CompiledRunner,r_16_96,METAL,0.003291643224656582,3392,6148,729,729,1,"{""other"": 1}",unclassified_source_item_metadata,[]
730,other,CompiledRunner,r_128_32_3_384_4,METAL,0.057458411902189255,44064768,18981892,730,730,1,"{""other"": 1}",unclassified_source_item_metadata,[]
731,other,CompiledRunner,r_1536_16_384,METAL,0.04312500823289156,113664000,9498624,731,731,1,"{""other"": 1}",unclassified_source_item_metadata,[]
732,other,CompiledRunner,r_16_96,METAL,0.003125052899122238,3392,6148,732,732,1,"{""other"": 1}",unclassified_source_item_metadata,[]
733,other,CompiledRunner,E_16_32_3,METAL,0.0024583423510193825,4608,21508,733,733,1,"{""other"": 1}",unclassified_source_item_metadata,[]
734,other,CompiledRunner,r_256_16_96n1,METAL,0.004791654646396637,897024,417792,734,734,1,"{""other"": 1}",unclassified_source_item_metadata,[]
735,other,CompiledRunner,r_1536_16_16n1,METAL,0.003791647031903267,1204224,406528,735,735,1,"{""other"": 1}",unclassified_source_item_metadata,[]
736,other,CompiledRunner,r_16_96,METAL,0.0031249364838004112,3392,6148,736,736,1,"{""other"": 1}",unclassified_source_item_metadata,[]
737,other,CompiledRunner,E_16_32_3n1,METAL,0.002624932676553726,6144,21510,737,737,1,"{""other"": 1}",unclassified_source_item_metadata,[]
738,other,CompiledRunner,r_16_96,METAL,0.03783334977924824,3392,6148,738,738,1,"{""other"": 1}",unclassified_source_item_metadata,[]
739,other,CompiledRunner,r_2048_16_96,METAL,0.15929166693240404,10027008,3171332,739,739,1,"{""other"": 1}",unclassified_source_item_metadata,[]
740,other,CompiledRunner,r_8_16_16,METAL,0.00241666566580534,6656,8224,740,740,1,"{""other"": 1}",unclassified_source_item_metadata,[]
741,other,CompiledRunner,E_16_2_16_4,METAL,0.0035833800211548805,37888,16928,741,741,1,"{""other"": 1}",unclassified_source_item_metadata,[]
742,other,CompiledRunner,r_4_32_4_2_4_32,METAL,0.00925001222640276,2097152,548864,742,742,1,"{""other"": 1}",unclassified_source_item_metadata,[]
743,other,CompiledRunner,r_8_16_32,METAL,0.002500019036233425,12288,16416,743,743,1,"{""other"": 1}",unclassified_source_item_metadata,[]
744,other,CompiledRunner,r_8_16_32n1,METAL,0.003125052899122238,18560,16448,744,744,1,"{""other"": 1}",unclassified_source_item_metadata,[]
745,other,CompiledRunner,r_2_32_4_2_4_64,METAL,0.016249949112534523,2197504,548928,745,745,1,"{""other"": 1}",unclassified_source_item_metadata,[]
746,other,CompiledRunner,r_1536_16_128,METAL,0.010124989785254002,6709248,3166208,746,746,1,"{""other"": 1}",unclassified_source_item_metadata,[]
747,other,CompiledRunner,r_16_96,METAL,0.003249966539442539,3392,6148,747,747,1,"{""other"": 1}",unclassified_source_item_metadata,[]
748,other,CompiledRunner,E_16_32_3,METAL,0.0024583423510193825,4608,21508,748,748,1,"{""other"": 1}",unclassified_source_item_metadata,[]
749,other,CompiledRunner,r_16_96,METAL,0.0031249364838004112,3392,6148,749,749,1,"{""other"": 1}",unclassified_source_item_metadata,[]
750,other,CompiledRunner,r_128_32_3_384_4,METAL,0.05950010381639004,44064768,18981892,750,750,1,"{""other"": 1}",unclassified_source_item_metadata,[]
751,other,CompiledRunner,r_1536_16_384,METAL,0.043458305299282074,113664000,9498624,751,751,1,"{""other"": 1}",unclassified_source_item_metadata,[]
752,other,CompiledRunner,r_16_96,METAL,0.0032082898542284966,3392,6148,752,752,1,"{""other"": 1}",unclassified_source_item_metadata,[]
753,other,CompiledRunner,E_16_32_3,METAL,0.0024583423510193825,4608,21508,753,753,1,"{""other"": 1}",unclassified_source_item_metadata,[]
754,other,CompiledRunner,r_256_16_96n2,METAL,0.005249981768429279,897024,417792,754,754,1,"{""other"": 1}",unclassified_source_item_metadata,[]
755,other,CompiledRunner,r_1536_16_16n1,METAL,0.003541703335940838,1204224,406528,755,755,1,"{""other"": 1}",unclassified_source_item_metadata,[]
756,other,CompiledRunner,r_16_96,METAL,0.0032084062695503235,3392,6148,756,756,1,"{""other"": 1}",unclassified_source_item_metadata,[]
757,other,CompiledRunner,E_16_32_3n1,METAL,0.002666725777089596,6144,21510,757,757,1,"{""other"": 1}",unclassified_source_item_metadata,[]
758,other,CompiledRunner,r_16_96,METAL,0.003249966539442539,3392,6148,758,758,1,"{""other"": 1}",unclassified_source_item_metadata,[]
759,other,CompiledRunner,r_2048_16_96,METAL,0.01237494871020317,10027008,3171332,759,759,1,"{""other"": 1}",unclassified_source_item_metadata,[]
760,other,CompiledRunner,r_8_16_16,METAL,0.002291635610163212,6656,8224,760,760,1,"{""other"": 1}",unclassified_source_item_metadata,[]
761,other,CompiledRunner,E_16_2_16_4,METAL,0.0036249402910470963,37888,16928,761,761,1,"{""other"": 1}",unclassified_source_item_metadata,[]
762,other,CompiledRunner,r_4_32_4_2_4_32,METAL,0.00925001222640276,2097152,548864,762,762,1,"{""other"": 1}",unclassified_source_item_metadata,[]
763,other,CompiledRunner,r_8_16_32,METAL,0.002499902620911598,12288,16416,763,763,1,"{""other"": 1}",unclassified_source_item_metadata,[]
764,other,CompiledRunner,r_8_16_32n1,METAL,0.003125052899122238,18560,16448,764,764,1,"{""other"": 1}",unclassified_source_item_metadata,[]
765,other,CompiledRunner,r_2_32_4_2_4_64,METAL,0.015875091776251793,2197504,548928,765,765,1,"{""other"": 1}",unclassified_source_item_metadata,[]
766,other,CompiledRunner,r_1536_16_128,METAL,0.009916606359183788,6709248,3166208,766,766,1,"{""other"": 1}",unclassified_source_item_metadata,[]
767,other,CompiledRunner,r_16_96,METAL,0.003291643224656582,3392,6148,767,767,1,"{""other"": 1}",unclassified_source_item_metadata,[]
768,other,CompiledRunner,E_16_32_3,METAL,0.0024583423510193825,4608,21508,768,768,1,"{""other"": 1}",unclassified_source_item_metadata,[]
769,other,CompiledRunner,r_16_96,METAL,0.003125052899122238,3392,6148,769,769,1,"{""other"": 1}",unclassified_source_item_metadata,[]
770,other,CompiledRunner,r_128_32_3_384_4,METAL,0.06350001785904169,44064768,18981892,770,770,1,"{""other"": 1}",unclassified_source_item_metadata,[]
771,other,CompiledRunner,r_1536_16_384,METAL,0.043375068344175816,113664000,9498624,771,771,1,"{""other"": 1}",unclassified_source_item_metadata,[]
772,other,CompiledRunner,r_16_96,METAL,0.003249966539442539,3392,6148,772,772,1,"{""other"": 1}",unclassified_source_item_metadata,[]
773,other,CompiledRunner,E_16_32_3,METAL,0.0024583423510193825,4608,21508,773,773,1,"{""other"": 1}",unclassified_source_item_metadata,[]
774,other,CompiledRunner,r_256_16_96n3,METAL,0.005124951712787151,897024,417792,774,774,1,"{""other"": 1}",unclassified_source_item_metadata,[]
775,other,CompiledRunner,r_1536_16_16n1,METAL,0.0036249402910470963,1204224,406528,775,775,1,"{""other"": 1}",unclassified_source_item_metadata,[]
776,other,CompiledRunner,r_16_96,METAL,0.003249966539442539,3392,6148,776,776,1,"{""other"": 1}",unclassified_source_item_metadata,[]
777,other,CompiledRunner,E_16_32_3n1,METAL,0.0024583423510193825,6144,21510,777,777,1,"{""other"": 1}",unclassified_source_item_metadata,[]
778,other,CompiledRunner,r_16_96,METAL,0.003125052899122238,3392,6148,778,778,1,"{""other"": 1}",unclassified_source_item_metadata,[]
779,other,CompiledRunner,r_2048_16_96,METAL,0.012333272024989128,10027008,3171332,779,779,1,"{""other"": 1}",unclassified_source_item_metadata,[]
780,other,CompiledRunner,r_8_16_16,METAL,0.002374988980591297,6656,8224,780,780,1,"{""other"": 1}",unclassified_source_item_metadata,[]
781,other,CompiledRunner,E_16_2_16_4,METAL,0.003249966539442539,37888,16928,781,781,1,"{""other"": 1}",unclassified_source_item_metadata,[]
782,other,CompiledRunner,r_4_32_4_2_4_32,METAL,0.04475004971027374,2097152,548864,782,782,1,"{""other"": 1}",unclassified_source_item_metadata,[]
783,other,CompiledRunner,r_8_16_32,METAL,0.03145833034068346,12288,16416,783,783,1,"{""other"": 1}",unclassified_source_item_metadata,[]
784,other,CompiledRunner,r_8_16_32n1,METAL,0.08699996396899223,18560,16448,784,784,1,"{""other"": 1}",unclassified_source_item_metadata,[]
785,other,CompiledRunner,r_2_32_4_2_4_64,METAL,0.015874975360929966,2197504,548928,785,785,1,"{""other"": 1}",unclassified_source_item_metadata,[]
786,other,CompiledRunner,r_1536_16_128,METAL,0.009999959729611874,6709248,3166208,786,786,1,"{""other"": 1}",unclassified_source_item_metadata,[]
787,other,CompiledRunner,r_16_96,METAL,0.003249966539442539,3392,6148,787,787,1,"{""other"": 1}",unclassified_source_item_metadata,[]
788,other,CompiledRunner,E_16_32_3,METAL,0.002749962732195854,4608,21508,788,788,1,"{""other"": 1}",unclassified_source_item_metadata,[]
789,other,CompiledRunner,r_16_96,METAL,0.0033333199098706245,3392,6148,789,789,1,"{""other"": 1}",unclassified_source_item_metadata,[]
790,other,CompiledRunner,r_128_32_3_384_4,METAL,0.059125013649463654,44064768,18981892,790,790,1,"{""other"": 1}",unclassified_source_item_metadata,[]
791,other,CompiledRunner,r_1536_16_384,METAL,0.04308333154767752,113664000,9498624,791,791,1,"{""other"": 1}",unclassified_source_item_metadata,[]
792,other,CompiledRunner,r_16_96,METAL,0.003291643224656582,3392,6148,792,792,1,"{""other"": 1}",unclassified_source_item_metadata,[]
793,other,CompiledRunner,E_16_32_3,METAL,0.002499902620911598,4608,21508,793,793,1,"{""other"": 1}",unclassified_source_item_metadata,[]
794,other,CompiledRunner,r_256_16_96n4,METAL,0.005041598342359066,897024,417792,794,794,1,"{""other"": 1}",unclassified_source_item_metadata,[]
795,other,CompiledRunner,r_1536_16_16n1,METAL,0.003750086762011051,1204224,406528,795,795,1,"{""other"": 1}",unclassified_source_item_metadata,[]
796,other,CompiledRunner,r_16_96,METAL,0.003166613169014454,3392,6148,796,796,1,"{""other"": 1}",unclassified_source_item_metadata,[]
797,other,CompiledRunner,E_16_32_3n1,METAL,0.002625049091875553,6144,21510,797,797,1,"{""other"": 1}",unclassified_source_item_metadata,[]
798,other,CompiledRunner,r_16_96,METAL,0.0032082898542284966,3392,6148,798,798,1,"{""other"": 1}",unclassified_source_item_metadata,[]
799,other,CompiledRunner,r_32_32_4_384_4,METAL,0.06299989763647318,14163968,6333444,799,799,1,"{""other"": 1}",unclassified_source_item_metadata,[]
800,other,CompiledRunner,r_8_16_32n2,METAL,0.003125052899122238,10752,16416,800,800,1,"{""other"": 1}",unclassified_source_item_metadata,[]
801,other,CompiledRunner,E_8_2_16_4_4,METAL,0.008958391845226288,95488,33824,801,801,1,"{""other"": 1}",unclassified_source_item_metadata,[]
802,other,CompiledRunner,r_8_(gemma_start_pos_window+1)_16_32,METAL,0.0074999406933784485,7208960,1482784,802,802,1,"{""other"": 1}",unclassified_source_item_metadata,[]
803,other,CompiledRunner,r_2_4_(gemma_start_pos_window+1),METAL,0.10291673243045807,11266,22560,803,803,1,"{""other"": 1}",unclassified_source_item_metadata,[]
804,other,CompiledRunner,r_2_4_(gemma_start_pos_window+1)n1,METAL,0.10804168414324522,22538,22592,804,804,1,"{""other"": 1}",unclassified_source_item_metadata,[]
805,other,CompiledRunner,E_(gemma_start_pos_window+1)_2_4,METAL,0.002791639417409897,22528,45120,805,805,1,"{""other"": 1}",unclassified_source_item_metadata,[]
806,other,CompiledRunner,r_8_2_16_4_4_(gemma_start_pos_window+1),METAL,0.20875001791864634,5767424,1482784,806,806,1,"{""other"": 1}",unclassified_source_item_metadata,[]
807,other,CompiledRunner,r_1536_16_256,METAL,0.015708385035395622,13000704,6320128,807,807,1,"{""other"": 1}",unclassified_source_item_metadata,[]
808,other,CompiledRunner,r_16_96,METAL,0.003249966539442539,3392,6148,808,808,1,"{""other"": 1}",unclassified_source_item_metadata,[]
809,other,CompiledRunner,E_16_32_3,METAL,0.002500019036233425,4608,21508,809,809,1,"{""other"": 1}",unclassified_source_item_metadata,[]
810,other,CompiledRunner,r_16_96,METAL,0.0033333199098706245,3392,6148,810,810,1,"{""other"": 1}",unclassified_source_item_metadata,[]
811,other,CompiledRunner,r_128_32_3_384_4,METAL,0.05800009239464998,44064768,18981892,811,811,1,"{""other"": 1}",unclassified_source_item_metadata,[]
812,other,CompiledRunner,r_1536_16_384,METAL,0.04200008697807789,113664000,9498624,812,812,1,"{""other"": 1}",unclassified_source_item_metadata,[]
813,other,CompiledRunner,r_16_96,METAL,0.003291643224656582,3392,6148,813,813,1,"{""other"": 1}",unclassified_source_item_metadata,[]
814,other,CompiledRunner,E_16_32_3,METAL,0.002499902620911598,4608,21508,814,814,1,"{""other"": 1}",unclassified_source_item_metadata,[]
815,other,CompiledRunner,r_256_16_96n5,METAL,0.004749977961182594,897024,417792,815,815,1,"{""other"": 1}",unclassified_source_item_metadata,[]
816,other,CompiledRunner,r_1536_16_16n1,METAL,0.0037499703466892242,1204224,406528,816,816,1,"{""other"": 1}",unclassified_source_item_metadata,[]
817,other,CompiledRunner,r_16_96,METAL,0.0032084062695503235,3392,6148,817,817,1,"{""other"": 1}",unclassified_source_item_metadata,[]
818,other,CompiledRunner,E_16_32_3n1,METAL,0.002624932676553726,6144,21510,818,818,1,"{""other"": 1}",unclassified_source_item_metadata,[]
819,other,CompiledRunner,r_16_96,METAL,0.003166729584336281,3392,6148,819,819,1,"{""other"": 1}",unclassified_source_item_metadata,[]
820,other,CompiledRunner,r_2048_16_96,METAL,0.0112500274553895,10027008,3171332,820,820,1,"{""other"": 1}",unclassified_source_item_metadata,[]
821,other,CompiledRunner,r_8_16_16,METAL,0.002374988980591297,6656,8224,821,821,1,"{""other"": 1}",unclassified_source_item_metadata,[]
822,other,CompiledRunner,E_16_2_16_4,METAL,0.0038750004023313522,37888,16928,822,822,1,"{""other"": 1}",unclassified_source_item_metadata,[]
823,other,CompiledRunner,r_4_32_4_2_4_32,METAL,0.00900006853044033,2097152,548864,823,823,1,"{""other"": 1}",unclassified_source_item_metadata,[]
824,other,CompiledRunner,r_8_16_32,METAL,0.0025833724066615105,12288,16416,824,824,1,"{""other"": 1}",unclassified_source_item_metadata,[]
825,other,CompiledRunner,r_8_16_32n1,METAL,0.003041699528694153,18560,16448,825,825,1,"{""other"": 1}",unclassified_source_item_metadata,[]
826,other,CompiledRunner,r_2_32_4_2_4_64,METAL,0.016041682101786137,2197504,548928,826,826,1,"{""other"": 1}",unclassified_source_item_metadata,[]
827,other,CompiledRunner,r_1536_16_128,METAL,0.009291688911616802,6709248,3166208,827,827,1,"{""other"": 1}",unclassified_source_item_metadata,[]
828,other,CompiledRunner,r_16_96,METAL,0.003249966539442539,3392,6148,828,828,1,"{""other"": 1}",unclassified_source_item_metadata,[]
829,other,CompiledRunner,E_16_32_3,METAL,0.002541695721447468,4608,21508,829,829,1,"{""other"": 1}",unclassified_source_item_metadata,[]
830,other,CompiledRunner,r_16_96,METAL,0.003249966539442539,3392,6148,830,830,1,"{""other"": 1}",unclassified_source_item_metadata,[]
831,other,CompiledRunner,r_128_32_3_384_4,METAL,0.059999991208314896,44064768,18981892,831,831,1,"{""other"": 1}",unclassified_source_item_metadata,[]
832,other,CompiledRunner,r_1536_16_384,METAL,0.04170823376625776,113664000,9498624,832,832,1,"{""other"": 1}",unclassified_source_item_metadata,[]
833,other,CompiledRunner,r_16_96,METAL,0.003166613169014454,3392,6148,833,833,1,"{""other"": 1}",unclassified_source_item_metadata,[]
834,other,CompiledRunner,E_16_32_3,METAL,0.0025833724066615105,4608,21508,834,834,1,"{""other"": 1}",unclassified_source_item_metadata,[]
835,other,CompiledRunner,r_256_16_96n6,METAL,0.004750094376504421,897024,417792,835,835,1,"{""other"": 1}",unclassified_source_item_metadata,[]
836,other,CompiledRunner,r_1536_16_16n1,METAL,0.0035832636058330536,1204224,406528,836,836,1,"{""other"": 1}",unclassified_source_item_metadata,[]
837,other,CompiledRunner,r_16_96,METAL,0.003166613169014454,3392,6148,837,837,1,"{""other"": 1}",unclassified_source_item_metadata,[]
838,other,CompiledRunner,E_16_32_3n1,METAL,0.002541695721447468,6144,21510,838,838,1,"{""other"": 1}",unclassified_source_item_metadata,[]
839,other,CompiledRunner,r_16_96,METAL,0.00300002284348011,3392,6148,839,839,1,"{""other"": 1}",unclassified_source_item_metadata,[]
840,other,CompiledRunner,r_256_16_96,METAL,0.009916606359183788,1253376,404484,840,840,1,"{""other"": 1}",unclassified_source_item_metadata,[]
841,other,CompiledRunner,r_16_16,METAL,0.03700004890561104,832,1028,841,841,1,"{""other"": 1}",unclassified_source_item_metadata,[]
842,other,CompiledRunner,E_2_32_4,METAL,0.15120836906135082,8768,2564,842,842,1,"{""other"": 1}",unclassified_source_item_metadata,[]
843,other,CompiledRunner,E_192_4_8_16_4,METAL,0.003500026650726795,0,3145732,843,843,1,"{""other"": 1}",unclassified_source_item_metadata,[]
844,other,CompiledRunner,E_1120_4_8_16_4,METAL,0.006249989382922649,0,18350084,844,844,1,"{""other"": 1}",unclassified_source_item_metadata,[]
845,other,CompiledRunner,r_1536_16_16,METAL,0.0038750004023313522,811008,1579008,845,845,1,"{""other"": 1}",unclassified_source_item_metadata,[]
846,other,CompiledRunner,r_16_96,METAL,0.003125052899122238,3392,6148,846,846,1,"{""other"": 1}",unclassified_source_item_metadata,[]
847,other,CompiledRunner,r_70_32_4_384_4,METAL,0.05179166328161955,27543040,13840384,847,847,1,"{""other"": 1}",unclassified_source_item_metadata,[]
848,other,CompiledRunner,r_2048_16_96,METAL,0.012749922461807728,10027008,3171332,848,848,1,"{""other"": 1}",unclassified_source_item_metadata,[]
849,other,CompiledRunner,r_35_16_16,METAL,0.0024583423510193825,29120,35980,849,849,1,"{""other"": 1}",unclassified_source_item_metadata,[]
850,other,CompiledRunner,r_8_16_16,METAL,0.002374988980591297,6656,8224,850,850,1,"{""other"": 1}",unclassified_source_item_metadata,[]
851,other,CompiledRunner,r_35_4_16_4_64_4,METAL,0.012708362191915512,2338560,9247372,851,851,1,"{""other"": 1}",unclassified_source_item_metadata,[]
852,other,CompiledRunner,E_16_2_16_4,METAL,0.003541586920619011,37888,16928,852,852,1,"{""other"": 1}",unclassified_source_item_metadata,[]
853,other,CompiledRunner,r_4_32_4_2_4_32,METAL,0.009333249181509018,2097152,548864,853,853,1,"{""other"": 1}",unclassified_source_item_metadata,[]
854,other,CompiledRunner,r_8_16_32,METAL,0.00241666566580534,12288,16416,854,854,1,"{""other"": 1}",unclassified_source_item_metadata,[]
855,other,CompiledRunner,r_8_16_32n1,METAL,0.002666725777089596,18560,16448,855,855,1,"{""other"": 1}",unclassified_source_item_metadata,[]
856,other,CompiledRunner,r_2_32_4_2_4_64,METAL,0.01566670835018158,2197504,548928,856,856,1,"{""other"": 1}",unclassified_source_item_metadata,[]
857,other,CompiledRunner,r_1536_16_128,METAL,0.010124989785254002,6709248,3166208,857,857,1,"{""other"": 1}",unclassified_source_item_metadata,[]
858,other,CompiledRunner,r_16_96,METAL,0.003249966539442539,3392,6148,858,858,1,"{""other"": 1}",unclassified_source_item_metadata,[]
859,other,CompiledRunner,E_16_32_3,METAL,0.002499902620911598,4608,21508,859,859,1,"{""other"": 1}",unclassified_source_item_metadata,[]
860,other,CompiledRunner,r_16_96,METAL,0.0032082898542284966,3392,6148,860,860,1,"{""other"": 1}",unclassified_source_item_metadata,[]
861,other,CompiledRunner,r_128_32_3_384_4,METAL,0.057708355598151684,44064768,18981892,861,861,1,"{""other"": 1}",unclassified_source_item_metadata,[]
862,other,CompiledRunner,r_1536_16_384,METAL,0.043375068344175816,113664000,9498624,862,862,1,"{""other"": 1}",unclassified_source_item_metadata,[]
863,other,CompiledRunner,r_16_96,METAL,0.0032084062695503235,3392,6148,863,863,1,"{""other"": 1}",unclassified_source_item_metadata,[]
864,other,CompiledRunner,E_16_32_3,METAL,0.002500019036233425,4608,21508,864,864,1,"{""other"": 1}",unclassified_source_item_metadata,[]
865,other,CompiledRunner,r_256_16_96n1,METAL,0.004875008016824722,897024,417792,865,865,1,"{""other"": 1}",unclassified_source_item_metadata,[]
866,other,CompiledRunner,r_1536_16_16n1,METAL,0.003791763447225094,1204224,406528,866,866,1,"{""other"": 1}",unclassified_source_item_metadata,[]
867,other,CompiledRunner,r_16_96,METAL,0.003249966539442539,3392,6148,867,867,1,"{""other"": 1}",unclassified_source_item_metadata,[]
868,other,CompiledRunner,E_16_32_3n1,METAL,0.002625049091875553,6144,21510,868,868,1,"{""other"": 1}",unclassified_source_item_metadata,[]
869,other,CompiledRunner,r_16_96,METAL,0.003125052899122238,3392,6148,869,869,1,"{""other"": 1}",unclassified_source_item_metadata,[]
870,other,CompiledRunner,r_2048_16_96,METAL,0.01225003506988287,10027008,3171332,870,870,1,"{""other"": 1}",unclassified_source_item_metadata,[]
871,other,CompiledRunner,r_8_16_16,METAL,0.002374988980591297,6656,8224,871,871,1,"{""other"": 1}",unclassified_source_item_metadata,[]
872,other,CompiledRunner,E_16_2_16_4,METAL,0.003374996595084667,37888,16928,872,872,1,"{""other"": 1}",unclassified_source_item_metadata,[]
873,other,CompiledRunner,r_4_32_4_2_4_32,METAL,0.015874975360929966,2097152,548864,873,873,1,"{""other"": 1}",unclassified_source_item_metadata,[]
874,other,CompiledRunner,r_8_16_32,METAL,0.004541594535112381,12288,16416,874,874,1,"{""other"": 1}",unclassified_source_item_metadata,[]
875,other,CompiledRunner,r_8_16_32n1,METAL,0.0466667115688324,18560,16448,875,875,1,"{""other"": 1}",unclassified_source_item_metadata,[]
876,other,CompiledRunner,r_2_32_4_2_4_64,METAL,0.0890000956133008,2197504,548928,876,876,1,"{""other"": 1}",unclassified_source_item_metadata,[]
877,other,CompiledRunner,r_1536_16_128,METAL,0.010041636414825916,6709248,3166208,877,877,1,"{""other"": 1}",unclassified_source_item_metadata,[]
878,other,CompiledRunner,r_16_96,METAL,0.0033334363251924515,3392,6148,878,878,1,"{""other"": 1}",unclassified_source_item_metadata,[]
879,other,CompiledRunner,E_16_32_3,METAL,0.0024583423510193825,4608,21508,879,879,1,"{""other"": 1}",unclassified_source_item_metadata,[]
880,other,CompiledRunner,r_16_96,METAL,0.0033333199098706245,3392,6148,880,880,1,"{""other"": 1}",unclassified_source_item_metadata,[]
881,other,CompiledRunner,r_128_32_3_384_4,METAL,0.0577499158680439,44064768,18981892,881,881,1,"{""other"": 1}",unclassified_source_item_metadata,[]
882,other,CompiledRunner,r_1536_16_384,METAL,0.04312500823289156,113664000,9498624,882,882,1,"{""other"": 1}",unclassified_source_item_metadata,[]
883,other,CompiledRunner,r_16_96,METAL,0.003291759639978409,3392,6148,883,883,1,"{""other"": 1}",unclassified_source_item_metadata,[]
884,other,CompiledRunner,E_16_32_3,METAL,0.002625049091875553,4608,21508,884,884,1,"{""other"": 1}",unclassified_source_item_metadata,[]
885,other,CompiledRunner,r_256_16_96n2,METAL,0.004875008016824722,897024,417792,885,885,1,"{""other"": 1}",unclassified_source_item_metadata,[]
886,other,CompiledRunner,r_1536_16_16n1,METAL,0.003666733391582966,1204224,406528,886,886,1,"{""other"": 1}",unclassified_source_item_metadata,[]
887,other,CompiledRunner,r_16_96,METAL,0.003125052899122238,3392,6148,887,887,1,"{""other"": 1}",unclassified_source_item_metadata,[]
888,other,CompiledRunner,E_16_32_3n1,METAL,0.002499902620911598,6144,21510,888,888,1,"{""other"": 1}",unclassified_source_item_metadata,[]
889,other,CompiledRunner,r_16_96,METAL,0.0032082898542284966,3392,6148,889,889,1,"{""other"": 1}",unclassified_source_item_metadata,[]
890,other,CompiledRunner,r_2048_16_96,METAL,0.012083328329026699,10027008,3171332,890,890,1,"{""other"": 1}",unclassified_source_item_metadata,[]
891,other,CompiledRunner,r_8_16_16,METAL,0.002500019036233425,6656,8224,891,891,1,"{""other"": 1}",unclassified_source_item_metadata,[]
892,other,CompiledRunner,E_16_2_16_4,METAL,0.003625056706368923,37888,16928,892,892,1,"{""other"": 1}",unclassified_source_item_metadata,[]
893,other,CompiledRunner,r_4_32_4_2_4_32,METAL,0.00925001222640276,2097152,548864,893,893,1,"{""other"": 1}",unclassified_source_item_metadata,[]
894,other,CompiledRunner,r_8_16_32,METAL,0.002374988980591297,12288,16416,894,894,1,"{""other"": 1}",unclassified_source_item_metadata,[]
895,other,CompiledRunner,r_8_16_32n1,METAL,0.00300002284348011,18560,16448,895,895,1,"{""other"": 1}",unclassified_source_item_metadata,[]
896,other,CompiledRunner,r_2_32_4_2_4_64,METAL,0.015625031664967537,2197504,548928,896,896,1,"{""other"": 1}",unclassified_source_item_metadata,[]
897,other,CompiledRunner,r_1536_16_128,METAL,0.009750016033649445,6709248,3166208,897,897,1,"{""other"": 1}",unclassified_source_item_metadata,[]
898,other,CompiledRunner,r_16_96,METAL,0.0032082898542284966,3392,6148,898,898,1,"{""other"": 1}",unclassified_source_item_metadata,[]
899,other,CompiledRunner,E_16_32_3,METAL,0.0025833724066615105,4608,21508,899,899,1,"{""other"": 1}",unclassified_source_item_metadata,[]
900,other,CompiledRunner,r_16_96,METAL,0.0032084062695503235,3392,6148,900,900,1,"{""other"": 1}",unclassified_source_item_metadata,[]
901,other,CompiledRunner,r_128_32_3_384_4,METAL,0.058708363212645054,44064768,18981892,901,901,1,"{""other"": 1}",unclassified_source_item_metadata,[]
902,other,CompiledRunner,r_1536_16_384,METAL,0.042749918065965176,113664000,9498624,902,902,1,"{""other"": 1}",unclassified_source_item_metadata,[]
903,other,CompiledRunner,r_16_96,METAL,0.0032082898542284966,3392,6148,903,903,1,"{""other"": 1}",unclassified_source_item_metadata,[]
904,other,CompiledRunner,E_16_32_3,METAL,0.002500019036233425,4608,21508,904,904,1,"{""other"": 1}",unclassified_source_item_metadata,[]
905,other,CompiledRunner,r_256_16_96n3,METAL,0.00500003807246685,897024,417792,905,905,1,"{""other"": 1}",unclassified_source_item_metadata,[]
906,other,CompiledRunner,r_1536_16_16n1,METAL,0.0037499703466892242,1204224,406528,906,906,1,"{""other"": 1}",unclassified_source_item_metadata,[]
907,other,CompiledRunner,r_16_96,METAL,0.0029999064281582832,3392,6148,907,907,1,"{""other"": 1}",unclassified_source_item_metadata,[]
908,other,CompiledRunner,E_16_32_3n1,METAL,0.002541695721447468,6144,21510,908,908,1,"{""other"": 1}",unclassified_source_item_metadata,[]
909,other,CompiledRunner,r_16_96,METAL,0.003249966539442539,3392,6148,909,909,1,"{""other"": 1}",unclassified_source_item_metadata,[]
910,other,CompiledRunner,r_2048_16_96,METAL,0.07037504110485315,10027008,3171332,910,910,1,"{""other"": 1}",unclassified_source_item_metadata,[]
911,other,CompiledRunner,r_8_16_16,METAL,0.07529172580689192,6656,8224,911,911,1,"{""other"": 1}",unclassified_source_item_metadata,[]
912,other,CompiledRunner,E_16_2_16_4,METAL,0.0035832636058330536,37888,16928,912,912,1,"{""other"": 1}",unclassified_source_item_metadata,[]
913,other,CompiledRunner,r_4_32_4_2_4_32,METAL,0.010041636414825916,2097152,548864,913,913,1,"{""other"": 1}",unclassified_source_item_metadata,[]
914,other,CompiledRunner,r_8_16_32,METAL,0.002500019036233425,12288,16416,914,914,1,"{""other"": 1}",unclassified_source_item_metadata,[]
915,other,CompiledRunner,r_8_16_32n1,METAL,0.00300002284348011,18560,16448,915,915,1,"{""other"": 1}",unclassified_source_item_metadata,[]
916,other,CompiledRunner,r_2_32_4_2_4_64,METAL,0.01604156568646431,2197504,548928,916,916,1,"{""other"": 1}",unclassified_source_item_metadata,[]
917,other,CompiledRunner,r_1536_16_128,METAL,0.009916722774505615,6709248,3166208,917,917,1,"{""other"": 1}",unclassified_source_item_metadata,[]
918,other,CompiledRunner,r_16_96,METAL,0.0030832597985863686,3392,6148,918,918,1,"{""other"": 1}",unclassified_source_item_metadata,[]
919,other,CompiledRunner,E_16_32_3,METAL,0.002500019036233425,4608,21508,919,919,1,"{""other"": 1}",unclassified_source_item_metadata,[]
920,other,CompiledRunner,r_16_96,METAL,0.003249966539442539,3392,6148,920,920,1,"{""other"": 1}",unclassified_source_item_metadata,[]
921,other,CompiledRunner,r_128_32_3_384_4,METAL,0.060249934904277325,44064768,18981892,921,921,1,"{""other"": 1}",unclassified_source_item_metadata,[]
922,other,CompiledRunner,r_1536_16_384,METAL,0.04349998198449612,113664000,9498624,922,922,1,"{""other"": 1}",unclassified_source_item_metadata,[]
923,other,CompiledRunner,r_16_96,METAL,0.003166613169014454,3392,6148,923,923,1,"{""other"": 1}",unclassified_source_item_metadata,[]
924,other,CompiledRunner,E_16_32_3,METAL,0.002624932676553726,4608,21508,924,924,1,"{""other"": 1}",unclassified_source_item_metadata,[]
925,other,CompiledRunner,r_256_16_96n4,METAL,0.005041714757680893,897024,417792,925,925,1,"{""other"": 1}",unclassified_source_item_metadata,[]
926,other,CompiledRunner,r_1536_16_16n1,METAL,0.003625056706368923,1204224,406528,926,926,1,"{""other"": 1}",unclassified_source_item_metadata,[]
927,other,CompiledRunner,r_16_96,METAL,0.003249966539442539,3392,6148,927,927,1,"{""other"": 1}",unclassified_source_item_metadata,[]
928,other,CompiledRunner,E_16_32_3n1,METAL,0.002500019036233425,6144,21510,928,928,1,"{""other"": 1}",unclassified_source_item_metadata,[]
929,other,CompiledRunner,r_16_96,METAL,0.0031249364838004112,3392,6148,929,929,1,"{""other"": 1}",unclassified_source_item_metadata,[]
930,other,CompiledRunner,r_32_32_4_384_4,METAL,0.06254168692976236,14163968,6333444,930,930,1,"{""other"": 1}",unclassified_source_item_metadata,[]
931,other,CompiledRunner,r_8_16_32n2,METAL,0.0030833762139081955,10752,16416,931,931,1,"{""other"": 1}",unclassified_source_item_metadata,[]
932,other,CompiledRunner,E_8_2_16_4_4,METAL,0.008875038474798203,95488,33824,932,932,1,"{""other"": 1}",unclassified_source_item_metadata,[]
933,other,CompiledRunner,r_8_(gemma_start_pos_window+1)_16_32,METAL,0.007375027053058147,7208960,1482784,933,933,1,"{""other"": 1}",unclassified_source_item_metadata,[]
934,other,CompiledRunner,r_2_4_(gemma_start_pos_window+1),METAL,0.10145828127861023,11266,22560,934,934,1,"{""other"": 1}",unclassified_source_item_metadata,[]
935,other,CompiledRunner,r_2_4_(gemma_start_pos_window+1)n1,METAL,0.10912492871284485,22538,22592,935,935,1,"{""other"": 1}",unclassified_source_item_metadata,[]
936,other,CompiledRunner,E_(gemma_start_pos_window+1)_2_4,METAL,0.00300002284348011,22528,45120,936,936,1,"{""other"": 1}",unclassified_source_item_metadata,[]
937,other,CompiledRunner,r_8_2_16_4_4_(gemma_start_pos_window+1),METAL,0.2067500026896596,5767424,1482784,937,937,1,"{""other"": 1}",unclassified_source_item_metadata,[]
938,other,CompiledRunner,r_1536_16_256,METAL,0.016000005416572094,13000704,6320128,938,938,1,"{""other"": 1}",unclassified_source_item_metadata,[]
939,other,CompiledRunner,r_16_96,METAL,0.003249966539442539,3392,6148,939,939,1,"{""other"": 1}",unclassified_source_item_metadata,[]
940,other,CompiledRunner,E_16_32_3,METAL,0.002500019036233425,4608,21508,940,940,1,"{""other"": 1}",unclassified_source_item_metadata,[]
941,other,CompiledRunner,r_16_96,METAL,0.019166618585586548,3392,6148,941,941,1,"{""other"": 1}",unclassified_source_item_metadata,[]
942,other,CompiledRunner,r_128_32_3_384_4,METAL,0.07650000043213367,44064768,18981892,942,942,1,"{""other"": 1}",unclassified_source_item_metadata,[]
943,other,CompiledRunner,r_1536_16_384,METAL,0.11575000826269388,113664000,9498624,943,943,1,"{""other"": 1}",unclassified_source_item_metadata,[]
944,other,CompiledRunner,r_16_96,METAL,0.003250082954764366,3392,6148,944,944,1,"{""other"": 1}",unclassified_source_item_metadata,[]
945,other,CompiledRunner,E_16_32_3,METAL,0.002500019036233425,4608,21508,945,945,1,"{""other"": 1}",unclassified_source_item_metadata,[]
946,other,CompiledRunner,r_256_16_96n5,METAL,0.005125068128108978,897024,417792,946,946,1,"{""other"": 1}",unclassified_source_item_metadata,[]
947,other,CompiledRunner,r_1536_16_16n1,METAL,0.0037499703466892242,1204224,406528,947,947,1,"{""other"": 1}",unclassified_source_item_metadata,[]
948,other,CompiledRunner,r_16_96,METAL,0.003250082954764366,3392,6148,948,948,1,"{""other"": 1}",unclassified_source_item_metadata,[]
949,other,CompiledRunner,E_16_32_3n1,METAL,0.00241666566580534,6144,21510,949,949,1,"{""other"": 1}",unclassified_source_item_metadata,[]
950,other,CompiledRunner,r_16_96,METAL,0.003249966539442539,3392,6148,950,950,1,"{""other"": 1}",unclassified_source_item_metadata,[]
951,other,CompiledRunner,r_2048_16_96,METAL,0.011875061318278313,10027008,3171332,951,951,1,"{""other"": 1}",unclassified_source_item_metadata,[]
952,other,CompiledRunner,r_8_16_16,METAL,0.002500019036233425,6656,8224,952,952,1,"{""other"": 1}",unclassified_source_item_metadata,[]
953,other,CompiledRunner,E_16_2_16_4,METAL,0.003750086762011051,37888,16928,953,953,1,"{""other"": 1}",unclassified_source_item_metadata,[]
954,other,CompiledRunner,r_4_32_4_2_4_32,METAL,0.009124982170760632,2097152,548864,954,954,1,"{""other"": 1}",unclassified_source_item_metadata,[]
955,other,CompiledRunner,r_8_16_32,METAL,0.0024583423510193825,12288,16416,955,955,1,"{""other"": 1}",unclassified_source_item_metadata,[]
956,other,CompiledRunner,r_8_16_32n1,METAL,0.00300002284348011,18560,16448,956,956,1,"{""other"": 1}",unclassified_source_item_metadata,[]
957,other,CompiledRunner,r_2_32_4_2_4_64,METAL,0.015791738405823708,2197504,548928,957,957,1,"{""other"": 1}",unclassified_source_item_metadata,[]
958,other,CompiledRunner,r_1536_16_128,METAL,0.009833252988755703,6709248,3166208,958,958,1,"{""other"": 1}",unclassified_source_item_metadata,[]
959,other,CompiledRunner,r_16_96,METAL,0.003041699528694153,3392,6148,959,959,1,"{""other"": 1}",unclassified_source_item_metadata,[]
960,other,CompiledRunner,E_16_32_3,METAL,0.002500019036233425,4608,21508,960,960,1,"{""other"": 1}",unclassified_source_item_metadata,[]
961,other,CompiledRunner,r_16_96,METAL,0.003249966539442539,3392,6148,961,961,1,"{""other"": 1}",unclassified_source_item_metadata,[]
962,other,CompiledRunner,r_128_32_3_384_4,METAL,0.0638333149254322,44064768,18981892,962,962,1,"{""other"": 1}",unclassified_source_item_metadata,[]
963,other,CompiledRunner,r_1536_16_384,METAL,0.04229170735925436,113664000,9498624,963,963,1,"{""other"": 1}",unclassified_source_item_metadata,[]
964,other,CompiledRunner,r_16_96,METAL,0.003041699528694153,3392,6148,964,964,1,"{""other"": 1}",unclassified_source_item_metadata,[]
965,other,CompiledRunner,E_16_32_3,METAL,0.002374988980591297,4608,21508,965,965,1,"{""other"": 1}",unclassified_source_item_metadata,[]
966,other,CompiledRunner,r_256_16_96n6,METAL,0.004749977961182594,897024,417792,966,966,1,"{""other"": 1}",unclassified_source_item_metadata,[]
967,other,CompiledRunner,r_1536_16_16n1,METAL,0.003625056706368923,1204224,406528,967,967,1,"{""other"": 1}",unclassified_source_item_metadata,[]
968,other,CompiledRunner,r_16_96,METAL,0.003249966539442539,3392,6148,968,968,1,"{""other"": 1}",unclassified_source_item_metadata,[]
969,other,CompiledRunner,E_16_32_3n1,METAL,0.0024583423510193825,6144,21510,969,969,1,"{""other"": 1}",unclassified_source_item_metadata,[]
970,other,CompiledRunner,r_16_96,METAL,0.0032084062695503235,3392,6148,970,970,1,"{""other"": 1}",unclassified_source_item_metadata,[]
971,other,CompiledRunner,r_256_16_96,METAL,0.00500003807246685,1253376,404484,971,971,1,"{""other"": 1}",unclassified_source_item_metadata,[]
972,other,CompiledRunner,r_16_16,METAL,0.0024583423510193825,832,1028,972,972,1,"{""other"": 1}",unclassified_source_item_metadata,[]
973,other,CompiledRunner,E_2_32_4n1,METAL,0.0023333122953772545,256,2052,973,973,1,"{""other"": 1}",unclassified_source_item_metadata,[]
974,other,CompiledRunner,E_192_4_8_16_4,METAL,0.0034999102354049683,0,3145732,974,974,1,"{""other"": 1}",unclassified_source_item_metadata,[]
975,other,CompiledRunner,E_1120_4_8_16_4,METAL,0.012875068932771683,0,18350084,975,975,1,"{""other"": 1}",unclassified_source_item_metadata,[]
976,other,CompiledRunner,r_1536_16_16,METAL,0.006249989382922649,811008,1579008,976,976,1,"{""other"": 1}",unclassified_source_item_metadata,[]
977,other,CompiledRunner,r_16_96,METAL,0.035624951124191284,3392,6148,977,977,1,"{""other"": 1}",unclassified_source_item_metadata,[]
978,other,CompiledRunner,r_70_32_4_384_4,METAL,0.12799992691725492,27543040,13840384,978,978,1,"{""other"": 1}",unclassified_source_item_metadata,[]
979,other,CompiledRunner,r_2048_16_96,METAL,0.01237494871020317,10027008,3171332,979,979,1,"{""other"": 1}",unclassified_source_item_metadata,[]
980,other,CompiledRunner,r_35_16_16,METAL,0.002500019036233425,29120,35980,980,980,1,"{""other"": 1}",unclassified_source_item_metadata,[]
981,other,CompiledRunner,r_8_16_16,METAL,0.0024167820811271667,6656,8224,981,981,1,"{""other"": 1}",unclassified_source_item_metadata,[]
982,other,CompiledRunner,r_35_4_16_4_64_4,METAL,0.022625084966421127,2338560,9247372,982,982,1,"{""other"": 1}",unclassified_source_item_metadata,[]
983,other,CompiledRunner,E_16_2_16_4,METAL,0.0036249402910470963,37888,16928,983,983,1,"{""other"": 1}",unclassified_source_item_metadata,[]
984,other,CompiledRunner,r_4_32_4_2_4_32,METAL,0.009041628800332546,2097152,548864,984,984,1,"{""other"": 1}",unclassified_source_item_metadata,[]
985,other,CompiledRunner,r_8_16_32,METAL,0.002500019036233425,12288,16416,985,985,1,"{""other"": 1}",unclassified_source_item_metadata,[]
986,other,CompiledRunner,r_8_16_32n1,METAL,0.00300002284348011,18560,16448,986,986,1,"{""other"": 1}",unclassified_source_item_metadata,[]
987,other,CompiledRunner,r_2_32_4_2_4_64,METAL,0.015999889001250267,2197504,548928,987,987,1,"{""other"": 1}",unclassified_source_item_metadata,[]
988,other,CompiledRunner,r_1536_16_128,METAL,0.009708339348435402,6709248,3166208,988,988,1,"{""other"": 1}",unclassified_source_item_metadata,[]
989,other,CompiledRunner,r_16_96,METAL,0.003125052899122238,3392,6148,989,989,1,"{""other"": 1}",unclassified_source_item_metadata,[]
990,other,CompiledRunner,E_16_32_3,METAL,0.002249958924949169,4608,21508,990,990,1,"{""other"": 1}",unclassified_source_item_metadata,[]
991,other,CompiledRunner,r_16_96,METAL,0.0029999064281582832,3392,6148,991,991,1,"{""other"": 1}",unclassified_source_item_metadata,[]
992,other,CompiledRunner,r_128_32_3_384_4,METAL,0.0556666636839509,44064768,18981892,992,992,1,"{""other"": 1}",unclassified_source_item_metadata,[]
993,other,CompiledRunner,r_1536_16_384,METAL,0.04283327143639326,113664000,9498624,993,993,1,"{""other"": 1}",unclassified_source_item_metadata,[]
994,other,CompiledRunner,r_16_96,METAL,0.003249966539442539,3392,6148,994,994,1,"{""other"": 1}",unclassified_source_item_metadata,[]
995,other,CompiledRunner,E_16_32_3,METAL,0.002625049091875553,4608,21508,995,995,1,"{""other"": 1}",unclassified_source_item_metadata,[]
996,other,CompiledRunner,r_256_16_96n1,METAL,0.004958361387252808,897024,417792,996,996,1,"{""other"": 1}",unclassified_source_item_metadata,[]
997,other,CompiledRunner,r_1536_16_16n1,METAL,0.003666616976261139,1204224,406528,997,997,1,"{""other"": 1}",unclassified_source_item_metadata,[]
998,other,CompiledRunner,r_16_96,METAL,0.0031249364838004112,3392,6148,998,998,1,"{""other"": 1}",unclassified_source_item_metadata,[]
999,other,CompiledRunner,E_16_32_3n1,METAL,0.002749962732195854,6144,21510,999,999,1,"{""other"": 1}",unclassified_source_item_metadata,[]
1000,other,CompiledRunner,r_16_96,METAL,0.0031249364838004112,3392,6148,1000,1000,1,"{""other"": 1}",unclassified_source_item_metadata,[]
1001,other,CompiledRunner,r_2048_16_96,METAL,0.010999967344105244,10027008,3171332,1001,1001,1,"{""other"": 1}",unclassified_source_item_metadata,[]
1002,other,CompiledRunner,r_8_16_16,METAL,0.002374988980591297,6656,8224,1002,1002,1,"{""other"": 1}",unclassified_source_item_metadata,[]
1003,other,CompiledRunner,E_16_2_16_4,METAL,0.003541703335940838,37888,16928,1003,1003,1,"{""other"": 1}",unclassified_source_item_metadata,[]
1004,other,CompiledRunner,r_4_32_4_2_4_32,METAL,0.009291572496294975,2097152,548864,1004,1004,1,"{""other"": 1}",unclassified_source_item_metadata,[]
1005,other,CompiledRunner,r_8_16_32,METAL,0.00241666566580534,12288,16416,1005,1005,1,"{""other"": 1}",unclassified_source_item_metadata,[]
1006,other,CompiledRunner,r_8_16_32n1,METAL,0.003041699528694153,18560,16448,1006,1006,1,"{""other"": 1}",unclassified_source_item_metadata,[]
1007,other,CompiledRunner,r_2_32_4_2_4_64,METAL,0.015916768461465836,2197504,548928,1007,1007,1,"{""other"": 1}",unclassified_source_item_metadata,[]
1008,other,CompiledRunner,r_1536_16_128,METAL,0.009500072337687016,6709248,3166208,1008,1008,1,"{""other"": 1}",unclassified_source_item_metadata,[]
1009,other,CompiledRunner,r_16_96,METAL,0.003166729584336281,3392,6148,1009,1009,1,"{""other"": 1}",unclassified_source_item_metadata,[]
1010,other,CompiledRunner,E_16_32_3,METAL,0.0029999064281582832,4608,21508,1010,1010,1,"{""other"": 1}",unclassified_source_item_metadata,[]
1011,other,CompiledRunner,r_16_96,METAL,0.03875000402331352,3392,6148,1011,1011,1,"{""other"": 1}",unclassified_source_item_metadata,[]
1012,other,CompiledRunner,r_128_32_3_384_4,METAL,0.20254170522093773,44064768,18981892,1012,1012,1,"{""other"": 1}",unclassified_source_item_metadata,[]
1013,other,CompiledRunner,r_1536_16_384,METAL,0.04299997817724943,113664000,9498624,1013,1013,1,"{""other"": 1}",unclassified_source_item_metadata,[]
1014,other,CompiledRunner,r_16_96,METAL,0.0032082898542284966,3392,6148,1014,1014,1,"{""other"": 1}",unclassified_source_item_metadata,[]
1015,other,CompiledRunner,E_16_32_3,METAL,0.00241666566580534,4608,21508,1015,1015,1,"{""other"": 1}",unclassified_source_item_metadata,[]
1016,other,CompiledRunner,r_256_16_96n2,METAL,0.00483333133161068,897024,417792,1016,1016,1,"{""other"": 1}",unclassified_source_item_metadata,[]
1017,other,CompiledRunner,r_1536_16_16n1,METAL,0.0036249402910470963,1204224,406528,1017,1017,1,"{""other"": 1}",unclassified_source_item_metadata,[]
1018,other,CompiledRunner,r_16_96,METAL,0.003166613169014454,3392,6148,1018,1018,1,"{""other"": 1}",unclassified_source_item_metadata,[]
1019,other,CompiledRunner,E_16_32_3n1,METAL,0.0025833724066615105,6144,21510,1019,1019,1,"{""other"": 1}",unclassified_source_item_metadata,[]
1020,other,CompiledRunner,r_16_96,METAL,0.003166613169014454,3392,6148,1020,1020,1,"{""other"": 1}",unclassified_source_item_metadata,[]
1021,other,CompiledRunner,r_2048_16_96,METAL,0.012249918654561043,10027008,3171332,1021,1021,1,"{""other"": 1}",unclassified_source_item_metadata,[]
1022,other,CompiledRunner,r_8_16_16,METAL,0.0024583423510193825,6656,8224,1022,1022,1,"{""other"": 1}",unclassified_source_item_metadata,[]
1023,other,CompiledRunner,E_16_2_16_4,METAL,0.0038333237171173096,37888,16928,1023,1023,1,"{""other"": 1}",unclassified_source_item_metadata,[]
1024,other,CompiledRunner,r_4_32_4_2_4_32,METAL,0.009166658855974674,2097152,548864,1024,1024,1,"{""other"": 1}",unclassified_source_item_metadata,[]
1025,other,CompiledRunner,r_8_16_32,METAL,0.002541695721447468,12288,16416,1025,1025,1,"{""other"": 1}",unclassified_source_item_metadata,[]
1026,other,CompiledRunner,r_8_16_32n1,METAL,0.0030833762139081955,18560,16448,1026,1026,1,"{""other"": 1}",unclassified_source_item_metadata,[]
1027,other,CompiledRunner,r_2_32_4_2_4_64,METAL,0.01579162199050188,2197504,548928,1027,1027,1,"{""other"": 1}",unclassified_source_item_metadata,[]
1028,other,CompiledRunner,r_1536_16_128,METAL,0.009499955922365189,6709248,3166208,1028,1028,1,"{""other"": 1}",unclassified_source_item_metadata,[]
1029,other,CompiledRunner,r_16_96,METAL,0.0031249364838004112,3392,6148,1029,1029,1,"{""other"": 1}",unclassified_source_item_metadata,[]
1030,other,CompiledRunner,E_16_32_3,METAL,0.002249958924949169,4608,21508,1030,1030,1,"{""other"": 1}",unclassified_source_item_metadata,[]
1031,other,CompiledRunner,r_16_96,METAL,0.003125052899122238,3392,6148,1031,1031,1,"{""other"": 1}",unclassified_source_item_metadata,[]
1032,other,CompiledRunner,r_128_32_3_384_4,METAL,0.059875077567994595,44064768,18981892,1032,1032,1,"{""other"": 1}",unclassified_source_item_metadata,[]
1033,other,CompiledRunner,r_1536_16_384,METAL,0.04262488801032305,113664000,9498624,1033,1033,1,"{""other"": 1}",unclassified_source_item_metadata,[]
1034,other,CompiledRunner,r_16_96,METAL,0.0033333199098706245,3392,6148,1034,1034,1,"{""other"": 1}",unclassified_source_item_metadata,[]
1035,other,CompiledRunner,E_16_32_3,METAL,0.002374988980591297,4608,21508,1035,1035,1,"{""other"": 1}",unclassified_source_item_metadata,[]
1036,other,CompiledRunner,r_256_16_96n3,METAL,0.005166628398001194,897024,417792,1036,1036,1,"{""other"": 1}",unclassified_source_item_metadata,[]
1037,other,CompiledRunner,r_1536_16_16n1,METAL,0.0037499703466892242,1204224,406528,1037,1037,1,"{""other"": 1}",unclassified_source_item_metadata,[]
1038,other,CompiledRunner,r_16_96,METAL,0.003041699528694153,3392,6148,1038,1038,1,"{""other"": 1}",unclassified_source_item_metadata,[]
1039,other,CompiledRunner,E_16_32_3n1,METAL,0.002500019036233425,6144,21510,1039,1039,1,"{""other"": 1}",unclassified_source_item_metadata,[]
1040,other,CompiledRunner,r_16_96,METAL,0.0031249364838004112,3392,6148,1040,1040,1,"{""other"": 1}",unclassified_source_item_metadata,[]
1041,other,CompiledRunner,r_2048_16_96,METAL,0.011500087566673756,10027008,3171332,1041,1041,1,"{""other"": 1}",unclassified_source_item_metadata,[]
1042,other,CompiledRunner,r_8_16_16,METAL,0.002166605554521084,6656,8224,1042,1042,1,"{""other"": 1}",unclassified_source_item_metadata,[]
1043,other,CompiledRunner,E_16_2_16_4,METAL,0.003374996595084667,37888,16928,1043,1043,1,"{""other"": 1}",unclassified_source_item_metadata,[]
1044,other,CompiledRunner,r_4_32_4_2_4_32,METAL,0.009875046089291573,2097152,548864,1044,1044,1,"{""other"": 1}",unclassified_source_item_metadata,[]
1045,other,CompiledRunner,r_8_16_32,METAL,0.002500019036233425,12288,16416,1045,1045,1,"{""other"": 1}",unclassified_source_item_metadata,[]
1046,other,CompiledRunner,r_8_16_32n1,METAL,0.02575002145022154,18560,16448,1046,1046,1,"{""other"": 1}",unclassified_source_item_metadata,[]
1047,other,CompiledRunner,r_2_32_4_2_4_64,METAL,0.06500002928078175,2197504,548928,1047,1047,1,"{""other"": 1}",unclassified_source_item_metadata,[]
1048,other,CompiledRunner,r_1536_16_128,METAL,0.04758336581289768,6709248,3166208,1048,1048,1,"{""other"": 1}",unclassified_source_item_metadata,[]
1049,other,CompiledRunner,r_16_96,METAL,0.003374996595084667,3392,6148,1049,1049,1,"{""other"": 1}",unclassified_source_item_metadata,[]
1050,other,CompiledRunner,E_16_32_3,METAL,0.002541695721447468,4608,21508,1050,1050,1,"{""other"": 1}",unclassified_source_item_metadata,[]
1051,other,CompiledRunner,r_16_96,METAL,0.003249966539442539,3392,6148,1051,1051,1,"{""other"": 1}",unclassified_source_item_metadata,[]
1052,other,CompiledRunner,r_128_32_3_384_4,METAL,0.05974993109703064,44064768,18981892,1052,1052,1,"{""other"": 1}",unclassified_source_item_metadata,[]
1053,other,CompiledRunner,r_1536_16_384,METAL,0.0435833353549242,113664000,9498624,1053,1053,1,"{""other"": 1}",unclassified_source_item_metadata,[]
1054,other,CompiledRunner,r_16_96,METAL,0.0029999064281582832,3392,6148,1054,1054,1,"{""other"": 1}",unclassified_source_item_metadata,[]
1055,other,CompiledRunner,E_16_32_3,METAL,0.002624932676553726,4608,21508,1055,1055,1,"{""other"": 1}",unclassified_source_item_metadata,[]
1056,other,CompiledRunner,r_256_16_96n4,METAL,0.004875008016824722,897024,417792,1056,1056,1,"{""other"": 1}",unclassified_source_item_metadata,[]
1057,other,CompiledRunner,r_1536_16_16n1,METAL,0.0035832636058330536,1204224,406528,1057,1057,1,"{""other"": 1}",unclassified_source_item_metadata,[]
1058,other,CompiledRunner,r_16_96,METAL,0.003250082954764366,3392,6148,1058,1058,1,"{""other"": 1}",unclassified_source_item_metadata,[]
1059,other,CompiledRunner,E_16_32_3n1,METAL,0.0025832559913396835,6144,21510,1059,1059,1,"{""other"": 1}",unclassified_source_item_metadata,[]
1060,other,CompiledRunner,r_16_96,METAL,0.002874992787837982,3392,6148,1060,1060,1,"{""other"": 1}",unclassified_source_item_metadata,[]
1061,other,CompiledRunner,r_32_32_4_384_4,METAL,0.06233330350369215,14163968,6333444,1061,1061,1,"{""other"": 1}",unclassified_source_item_metadata,[]
1062,other,CompiledRunner,r_8_16_32n2,METAL,0.0029999064281582832,10752,16416,1062,1062,1,"{""other"": 1}",unclassified_source_item_metadata,[]
1063,other,CompiledRunner,E_8_2_16_4_4,METAL,0.008875038474798203,95488,33824,1063,1063,1,"{""other"": 1}",unclassified_source_item_metadata,[]
1064,other,CompiledRunner,r_8_(gemma_start_pos_window+1)_16_32,METAL,0.0076249707490205765,7208960,1482784,1064,1064,1,"{""other"": 1}",unclassified_source_item_metadata,[]
1065,other,CompiledRunner,r_2_4_(gemma_start_pos_window+1),METAL,0.10225002188235521,11266,22560,1065,1065,1,"{""other"": 1}",unclassified_source_item_metadata,[]
1066,other,CompiledRunner,r_2_4_(gemma_start_pos_window+1)n1,METAL,0.11000002268701792,22538,22592,1066,1066,1,"{""other"": 1}",unclassified_source_item_metadata,[]
1067,other,CompiledRunner,E_(gemma_start_pos_window+1)_2_4,METAL,0.002749962732195854,22528,45120,1067,1067,1,"{""other"": 1}",unclassified_source_item_metadata,[]
1068,other,CompiledRunner,r_8_2_16_4_4_(gemma_start_pos_window+1),METAL,0.20641670562326908,5767424,1482784,1068,1068,1,"{""other"": 1}",unclassified_source_item_metadata,[]
1069,other,CompiledRunner,r_1536_16_256,METAL,0.01591665204614401,13000704,6320128,1069,1069,1,"{""other"": 1}",unclassified_source_item_metadata,[]
1070,other,CompiledRunner,r_16_96,METAL,0.003125052899122238,3392,6148,1070,1070,1,"{""other"": 1}",unclassified_source_item_metadata,[]
1071,other,CompiledRunner,E_16_32_3,METAL,0.002374988980591297,4608,21508,1071,1071,1,"{""other"": 1}",unclassified_source_item_metadata,[]
1072,other,CompiledRunner,r_16_96,METAL,0.003125052899122238,3392,6148,1072,1072,1,"{""other"": 1}",unclassified_source_item_metadata,[]
1073,other,CompiledRunner,r_128_32_3_384_4,METAL,0.059999991208314896,44064768,18981892,1073,1073,1,"{""other"": 1}",unclassified_source_item_metadata,[]
1074,other,CompiledRunner,r_1536_16_384,METAL,0.04212500061839819,113664000,9498624,1074,1074,1,"{""other"": 1}",unclassified_source_item_metadata,[]
1075,other,CompiledRunner,r_16_96,METAL,0.003249966539442539,3392,6148,1075,1075,1,"{""other"": 1}",unclassified_source_item_metadata,[]
1076,other,CompiledRunner,E_16_32_3,METAL,0.002500019036233425,4608,21508,1076,1076,1,"{""other"": 1}",unclassified_source_item_metadata,[]
1077,other,CompiledRunner,r_256_16_96n5,METAL,0.00500003807246685,897024,417792,1077,1077,1,"{""other"": 1}",unclassified_source_item_metadata,[]
1078,other,CompiledRunner,r_1536_16_16n1,METAL,0.009624985978007317,1204224,406528,1078,1078,1,"{""other"": 1}",unclassified_source_item_metadata,[]
1079,other,CompiledRunner,r_16_96,METAL,0.056166667491197586,3392,6148,1079,1079,1,"{""other"": 1}",unclassified_source_item_metadata,[]
1080,other,CompiledRunner,E_16_32_3n1,METAL,0.12162490747869015,6144,21510,1080,1080,1,"{""other"": 1}",unclassified_source_item_metadata,[]
1081,other,CompiledRunner,r_16_96,METAL,0.003291643224656582,3392,6148,1081,1081,1,"{""other"": 1}",unclassified_source_item_metadata,[]
1082,other,CompiledRunner,r_2048_16_96,METAL,0.012499978765845299,10027008,3171332,1082,1082,1,"{""other"": 1}",unclassified_source_item_metadata,[]
1083,other,CompiledRunner,r_8_16_16,METAL,0.00241666566580534,6656,8224,1083,1083,1,"{""other"": 1}",unclassified_source_item_metadata,[]
1084,other,CompiledRunner,E_16_2_16_4,METAL,0.0036249402910470963,37888,16928,1084,1084,1,"{""other"": 1}",unclassified_source_item_metadata,[]
1085,other,CompiledRunner,r_4_32_4_2_4_32,METAL,0.008999952115118504,2097152,548864,1085,1085,1,"{""other"": 1}",unclassified_source_item_metadata,[]
1086,other,CompiledRunner,r_8_16_32,METAL,0.00241666566580534,12288,16416,1086,1086,1,"{""other"": 1}",unclassified_source_item_metadata,[]
1087,other,CompiledRunner,r_8_16_32n1,METAL,0.0029583461582660675,18560,16448,1087,1087,1,"{""other"": 1}",unclassified_source_item_metadata,[]
1088,other,CompiledRunner,r_2_32_4_2_4_64,METAL,0.016083242371678352,2197504,548928,1088,1088,1,"{""other"": 1}",unclassified_source_item_metadata,[]
1089,other,CompiledRunner,r_1536_16_128,METAL,0.010291580110788345,6709248,3166208,1089,1089,1,"{""other"": 1}",unclassified_source_item_metadata,[]
1090,other,CompiledRunner,r_16_96,METAL,0.002916669473052025,3392,6148,1090,1090,1,"{""other"": 1}",unclassified_source_item_metadata,[]
1091,other,CompiledRunner,E_16_32_3,METAL,0.002500019036233425,4608,21508,1091,1091,1,"{""other"": 1}",unclassified_source_item_metadata,[]
1092,other,CompiledRunner,r_16_96,METAL,0.003249966539442539,3392,6148,1092,1092,1,"{""other"": 1}",unclassified_source_item_metadata,[]
1093,other,CompiledRunner,r_128_32_3_384_4,METAL,0.06520829629153013,44064768,18981892,1093,1093,1,"{""other"": 1}",unclassified_source_item_metadata,[]
1094,other,CompiledRunner,r_1536_16_384,METAL,0.04299997817724943,113664000,9498624,1094,1094,1,"{""other"": 1}",unclassified_source_item_metadata,[]
1095,other,CompiledRunner,r_16_96,METAL,0.003291643224656582,3392,6148,1095,1095,1,"{""other"": 1}",unclassified_source_item_metadata,[]
1096,other,CompiledRunner,E_16_32_3,METAL,0.002541695721447468,4608,21508,1096,1096,1,"{""other"": 1}",unclassified_source_item_metadata,[]
1097,other,CompiledRunner,r_256_16_96n6,METAL,0.004875008016824722,897024,417792,1097,1097,1,"{""other"": 1}",unclassified_source_item_metadata,[]
1098,other,CompiledRunner,r_1536_16_16n1,METAL,0.003916677087545395,1204224,406528,1098,1098,1,"{""other"": 1}",unclassified_source_item_metadata,[]
1099,other,CompiledRunner,r_16_96,METAL,0.003125052899122238,3392,6148,1099,1099,1,"{""other"": 1}",unclassified_source_item_metadata,[]
1100,other,CompiledRunner,E_16_32_3n1,METAL,0.0025832559913396835,6144,21510,1100,1100,1,"{""other"": 1}",unclassified_source_item_metadata,[]
1101,other,CompiledRunner,r_16_96,METAL,0.003166613169014454,3392,6148,1101,1101,1,"{""other"": 1}",unclassified_source_item_metadata,[]
1102,other,CompiledRunner,r_2048_16_96,METAL,0.0113749410957098,10027008,3171332,1102,1102,1,"{""other"": 1}",unclassified_source_item_metadata,[]
1103,other,CompiledRunner,r_8_16_16,METAL,0.002249958924949169,6656,8224,1103,1103,1,"{""other"": 1}",unclassified_source_item_metadata,[]
1104,other,CompiledRunner,E_16_2_16_4,METAL,0.0036249402910470963,37888,16928,1104,1104,1,"{""other"": 1}",unclassified_source_item_metadata,[]
1105,other,CompiledRunner,r_4_32_4_2_4_32,METAL,0.00966666266322136,2097152,548864,1105,1105,1,"{""other"": 1}",unclassified_source_item_metadata,[]
1106,other,CompiledRunner,r_8_16_32,METAL,0.002374988980591297,12288,16416,1106,1106,1,"{""other"": 1}",unclassified_source_item_metadata,[]
1107,other,CompiledRunner,r_8_16_32n1,METAL,0.002874992787837982,18560,16448,1107,1107,1,"{""other"": 1}",unclassified_source_item_metadata,[]
1108,other,CompiledRunner,r_2_32_4_2_4_64,METAL,0.015625031664967537,2197504,548928,1108,1108,1,"{""other"": 1}",unclassified_source_item_metadata,[]
1109,other,CompiledRunner,r_1536_16_128,METAL,0.009583309292793274,6709248,3166208,1109,1109,1,"{""other"": 1}",unclassified_source_item_metadata,[]
1110,other,CompiledRunner,r_16_96,METAL,0.003125052899122238,3392,6148,1110,1110,1,"{""other"": 1}",unclassified_source_item_metadata,[]
1111,other,CompiledRunner,E_16_32_3,METAL,0.006041605956852436,4608,21508,1111,1111,1,"{""other"": 1}",unclassified_source_item_metadata,[]
1112,other,CompiledRunner,r_16_96,METAL,0.023416709154844284,3392,6148,1112,1112,1,"{""other"": 1}",unclassified_source_item_metadata,[]
1113,other,CompiledRunner,r_128_32_3_384_4,METAL,0.1300000585615635,44064768,18981892,1113,1113,1,"{""other"": 1}",unclassified_source_item_metadata,[]
1114,other,CompiledRunner,r_1536_16_384,METAL,0.042458297684788704,113664000,9498624,1114,1114,1,"{""other"": 1}",unclassified_source_item_metadata,[]
1115,other,CompiledRunner,r_16_96,METAL,0.003166729584336281,3392,6148,1115,1115,1,"{""other"": 1}",unclassified_source_item_metadata,[]
1116,other,CompiledRunner,E_16_32_3,METAL,0.002500019036233425,4608,21508,1116,1116,1,"{""other"": 1}",unclassified_source_item_metadata,[]
1117,other,CompiledRunner,r_256_16_96n7,METAL,0.004958361387252808,897024,417792,1117,1117,1,"{""other"": 1}",unclassified_source_item_metadata,[]
1118,other,CompiledRunner,r_1536_16_16n1,METAL,0.003791647031903267,1204224,406528,1118,1118,1,"{""other"": 1}",unclassified_source_item_metadata,[]
1119,other,CompiledRunner,r_16_96,METAL,0.003250082954764366,3392,6148,1119,1119,1,"{""other"": 1}",unclassified_source_item_metadata,[]
1120,other,CompiledRunner,E_16_32_3n1,METAL,0.002499902620911598,6144,21510,1120,1120,1,"{""other"": 1}",unclassified_source_item_metadata,[]
1121,other,CompiledRunner,r_16_96,METAL,0.003250082954764366,3392,6148,1121,1121,1,"{""other"": 1}",unclassified_source_item_metadata,[]
1122,other,CompiledRunner,r_256_16_96,METAL,0.005083391442894936,1253376,404484,1122,1122,1,"{""other"": 1}",unclassified_source_item_metadata,[]
1123,other,CompiledRunner,r_16_16,METAL,0.002374988980591297,832,1028,1123,1123,1,"{""other"": 1}",unclassified_source_item_metadata,[]
1124,other,CompiledRunner,E_2_32_4,METAL,0.007458380423486233,8768,2564,1124,1124,1,"{""other"": 1}",unclassified_source_item_metadata,[]
1125,other,CompiledRunner,E_192_4_8_16_4,METAL,0.0033333199098706245,0,3145732,1125,1125,1,"{""other"": 1}",unclassified_source_item_metadata,[]
1126,other,CompiledRunner,E_1120_4_8_16_4,METAL,0.006499933078885078,0,18350084,1126,1126,1,"{""other"": 1}",unclassified_source_item_metadata,[]
1127,other,CompiledRunner,r_1536_16_16,METAL,0.0039583537727594376,811008,1579008,1127,1127,1,"{""other"": 1}",unclassified_source_item_metadata,[]
1128,other,CompiledRunner,r_16_96,METAL,0.003166729584336281,3392,6148,1128,1128,1,"{""other"": 1}",unclassified_source_item_metadata,[]
1129,other,CompiledRunner,r_70_32_4_384_4,METAL,0.050749978981912136,27543040,13840384,1129,1129,1,"{""other"": 1}",unclassified_source_item_metadata,[]
1130,other,CompiledRunner,r_2048_16_96,METAL,0.012166681699454784,10027008,3171332,1130,1130,1,"{""other"": 1}",unclassified_source_item_metadata,[]
1131,other,CompiledRunner,r_35_16_16,METAL,0.002500019036233425,29120,35980,1131,1131,1,"{""other"": 1}",unclassified_source_item_metadata,[]
1132,other,CompiledRunner,r_8_16_16,METAL,0.002374988980591297,6656,8224,1132,1132,1,"{""other"": 1}",unclassified_source_item_metadata,[]
1133,other,CompiledRunner,r_35_4_16_4_64_4,METAL,0.012541771866381168,2338560,9247372,1133,1133,1,"{""other"": 1}",unclassified_source_item_metadata,[]
1134,other,CompiledRunner,E_16_2_16_4,METAL,0.0035833800211548805,37888,16928,1134,1134,1,"{""other"": 1}",unclassified_source_item_metadata,[]
1135,other,CompiledRunner,r_4_32_4_2_4_32,METAL,0.009041628800332546,2097152,548864,1135,1135,1,"{""other"": 1}",unclassified_source_item_metadata,[]
1136,other,CompiledRunner,r_8_16_32,METAL,0.0024583423510193825,12288,16416,1136,1136,1,"{""other"": 1}",unclassified_source_item_metadata,[]
1137,other,CompiledRunner,r_8_16_32n1,METAL,0.002916669473052025,18560,16448,1137,1137,1,"{""other"": 1}",unclassified_source_item_metadata,[]
1138,other,CompiledRunner,r_2_32_4_2_4_64,METAL,0.015666591934859753,2197504,548928,1138,1138,1,"{""other"": 1}",unclassified_source_item_metadata,[]
1139,other,CompiledRunner,r_1536_16_128,METAL,0.009708339348435402,6709248,3166208,1139,1139,1,"{""other"": 1}",unclassified_source_item_metadata,[]
1140,other,CompiledRunner,r_16_96,METAL,0.0031249364838004112,3392,6148,1140,1140,1,"{""other"": 1}",unclassified_source_item_metadata,[]
1141,other,CompiledRunner,E_16_32_3,METAL,0.002374988980591297,4608,21508,1141,1141,1,"{""other"": 1}",unclassified_source_item_metadata,[]
1142,other,CompiledRunner,r_16_96,METAL,0.0032082898542284966,3392,6148,1142,1142,1,"{""other"": 1}",unclassified_source_item_metadata,[]
1143,other,CompiledRunner,r_128_32_3_384_4,METAL,0.0553749268874526,44064768,18981892,1143,1143,1,"{""other"": 1}",unclassified_source_item_metadata,[]
1144,other,CompiledRunner,r_1536_16_384,METAL,0.04383339546620846,113664000,9498624,1144,1144,1,"{""other"": 1}",unclassified_source_item_metadata,[]
1145,other,CompiledRunner,r_16_96,METAL,0.003041699528694153,3392,6148,1145,1145,1,"{""other"": 1}",unclassified_source_item_metadata,[]
1146,other,CompiledRunner,E_16_32_3,METAL,0.002500019036233425,4608,21508,1146,1146,1,"{""other"": 1}",unclassified_source_item_metadata,[]
1147,other,CompiledRunner,r_256_16_96n1,METAL,0.00500003807246685,897024,417792,1147,1147,1,"{""other"": 1}",unclassified_source_item_metadata,[]
1148,other,CompiledRunner,r_1536_16_16n1,METAL,0.0036249402910470963,1204224,406528,1148,1148,1,"{""other"": 1}",unclassified_source_item_metadata,[]
1149,other,CompiledRunner,r_16_96,METAL,0.003041699528694153,3392,6148,1149,1149,1,"{""other"": 1}",unclassified_source_item_metadata,[]
1150,other,CompiledRunner,E_16_32_3n1,METAL,0.002374988980591297,6144,21510,1150,1150,1,"{""other"": 1}",unclassified_source_item_metadata,[]
1151,other,CompiledRunner,r_16_96,METAL,0.003125052899122238,3392,6148,1151,1151,1,"{""other"": 1}",unclassified_source_item_metadata,[]
1152,other,CompiledRunner,r_2048_16_96,METAL,0.012083328329026699,10027008,3171332,1152,1152,1,"{""other"": 1}",unclassified_source_item_metadata,[]
1153,other,CompiledRunner,r_8_16_16,METAL,0.0023333122953772545,6656,8224,1153,1153,1,"{""other"": 1}",unclassified_source_item_metadata,[]
1154,other,CompiledRunner,E_16_2_16_4,METAL,0.0034583499655127525,37888,16928,1154,1154,1,"{""other"": 1}",unclassified_source_item_metadata,[]
1155,other,CompiledRunner,r_4_32_4_2_4_32,METAL,0.009124982170760632,2097152,548864,1155,1155,1,"{""other"": 1}",unclassified_source_item_metadata,[]
1156,other,CompiledRunner,r_8_16_32,METAL,0.00241666566580534,12288,16416,1156,1156,1,"{""other"": 1}",unclassified_source_item_metadata,[]
1157,other,CompiledRunner,r_8_16_32n1,METAL,0.002916669473052025,18560,16448,1157,1157,1,"{""other"": 1}",unclassified_source_item_metadata,[]
1158,other,CompiledRunner,r_2_32_4_2_4_64,METAL,0.017541577108204365,2197504,548928,1158,1158,1,"{""other"": 1}",unclassified_source_item_metadata,[]
1159,other,CompiledRunner,r_1536_16_128,METAL,0.04087504930794239,6709248,3166208,1159,1159,1,"{""other"": 1}",unclassified_source_item_metadata,[]
1160,other,CompiledRunner,r_16_96,METAL,0.0032082898542284966,3392,6148,1160,1160,1,"{""other"": 1}",unclassified_source_item_metadata,[]
1161,other,CompiledRunner,E_16_32_3,METAL,0.002500019036233425,4608,21508,1161,1161,1,"{""other"": 1}",unclassified_source_item_metadata,[]
1162,other,CompiledRunner,r_16_96,METAL,0.00300002284348011,3392,6148,1162,1162,1,"{""other"": 1}",unclassified_source_item_metadata,[]
1163,other,CompiledRunner,r_128_32_3_384_4,METAL,0.056750024668872356,44064768,18981892,1163,1163,1,"{""other"": 1}",unclassified_source_item_metadata,[]
1164,other,CompiledRunner,r_1536_16_384,METAL,0.042625004425644875,113664000,9498624,1164,1164,1,"{""other"": 1}",unclassified_source_item_metadata,[]
1165,other,CompiledRunner,r_16_96,METAL,0.0032084062695503235,3392,6148,1165,1165,1,"{""other"": 1}",unclassified_source_item_metadata,[]
1166,other,CompiledRunner,E_16_32_3,METAL,0.00241666566580534,4608,21508,1166,1166,1,"{""other"": 1}",unclassified_source_item_metadata,[]
1167,other,CompiledRunner,r_256_16_96n2,METAL,0.004708301275968552,897024,417792,1167,1167,1,"{""other"": 1}",unclassified_source_item_metadata,[]
1168,other,CompiledRunner,r_1536_16_16n1,METAL,0.003541703335940838,1204224,406528,1168,1168,1,"{""other"": 1}",unclassified_source_item_metadata,[]
1169,other,CompiledRunner,r_16_96,METAL,0.003041583113372326,3392,6148,1169,1169,1,"{""other"": 1}",unclassified_source_item_metadata,[]
1170,other,CompiledRunner,E_16_32_3n1,METAL,0.002625049091875553,6144,21510,1170,1170,1,"{""other"": 1}",unclassified_source_item_metadata,[]
1171,other,CompiledRunner,r_16_96,METAL,0.062000006437301636,3392,6148,1171,1171,1,"{""other"": 1}",unclassified_source_item_metadata,[]
1172,other,CompiledRunner,r_2048_16_96,METAL,0.15474995598196983,10027008,3171332,1172,1172,1,"{""other"": 1}",unclassified_source_item_metadata,[]
1173,other,CompiledRunner,r_8_16_16,METAL,0.002249958924949169,6656,8224,1173,1173,1,"{""other"": 1}",unclassified_source_item_metadata,[]
1174,other,CompiledRunner,E_16_2_16_4,METAL,0.003500026650726795,37888,16928,1174,1174,1,"{""other"": 1}",unclassified_source_item_metadata,[]
1175,other,CompiledRunner,r_4_32_4_2_4_32,METAL,0.00900006853044033,2097152,548864,1175,1175,1,"{""other"": 1}",unclassified_source_item_metadata,[]
1176,other,CompiledRunner,r_8_16_32,METAL,0.00241666566580534,12288,16416,1176,1176,1,"{""other"": 1}",unclassified_source_item_metadata,[]
1177,other,CompiledRunner,r_8_16_32n1,METAL,0.0029582297429442406,18560,16448,1177,1177,1,"{""other"": 1}",unclassified_source_item_metadata,[]
1178,other,CompiledRunner,r_2_32_4_2_4_64,METAL,0.015708268620073795,2197504,548928,1178,1178,1,"{""other"": 1}",unclassified_source_item_metadata,[]
1179,other,CompiledRunner,r_1536_16_128,METAL,0.009874929673969746,6709248,3166208,1179,1179,1,"{""other"": 1}",unclassified_source_item_metadata,[]
1180,other,CompiledRunner,r_16_96,METAL,0.003291643224656582,3392,6148,1180,1180,1,"{""other"": 1}",unclassified_source_item_metadata,[]
1181,other,CompiledRunner,E_16_32_3,METAL,0.002500019036233425,4608,21508,1181,1181,1,"{""other"": 1}",unclassified_source_item_metadata,[]
1182,other,CompiledRunner,r_16_96,METAL,0.003125052899122238,3392,6148,1182,1182,1,"{""other"": 1}",unclassified_source_item_metadata,[]
1183,other,CompiledRunner,r_128_32_3_384_4,METAL,0.06191665306687355,44064768,18981892,1183,1183,1,"{""other"": 1}",unclassified_source_item_metadata,[]
1184,other,CompiledRunner,r_1536_16_384,METAL,0.04266668111085892,113664000,9498624,1184,1184,1,"{""other"": 1}",unclassified_source_item_metadata,[]
1185,other,CompiledRunner,r_16_96,METAL,0.00300002284348011,3392,6148,1185,1185,1,"{""other"": 1}",unclassified_source_item_metadata,[]
1186,other,CompiledRunner,E_16_32_3,METAL,0.0024583423510193825,4608,21508,1186,1186,1,"{""other"": 1}",unclassified_source_item_metadata,[]
1187,other,CompiledRunner,r_256_16_96n3,METAL,0.005083391442894936,897024,417792,1187,1187,1,"{""other"": 1}",unclassified_source_item_metadata,[]
1188,other,CompiledRunner,r_1536_16_16n1,METAL,0.0037499703466892242,1204224,406528,1188,1188,1,"{""other"": 1}",unclassified_source_item_metadata,[]
1189,other,CompiledRunner,r_16_96,METAL,0.003249966539442539,3392,6148,1189,1189,1,"{""other"": 1}",unclassified_source_item_metadata,[]
1190,other,CompiledRunner,E_16_32_3n1,METAL,0.002541695721447468,6144,21510,1190,1190,1,"{""other"": 1}",unclassified_source_item_metadata,[]
1191,other,CompiledRunner,r_16_96,METAL,0.003166729584336281,3392,6148,1191,1191,1,"{""other"": 1}",unclassified_source_item_metadata,[]
1192,other,CompiledRunner,r_2048_16_96,METAL,0.011791707947850227,10027008,3171332,1192,1192,1,"{""other"": 1}",unclassified_source_item_metadata,[]
1193,other,CompiledRunner,r_8_16_16,METAL,0.002291635610163212,6656,8224,1193,1193,1,"{""other"": 1}",unclassified_source_item_metadata,[]
1194,other,CompiledRunner,E_16_2_16_4,METAL,0.003166729584336281,37888,16928,1194,1194,1,"{""other"": 1}",unclassified_source_item_metadata,[]
1195,other,CompiledRunner,r_4_32_4_2_4_32,METAL,0.009624985978007317,2097152,548864,1195,1195,1,"{""other"": 1}",unclassified_source_item_metadata,[]
1196,other,CompiledRunner,r_8_16_32,METAL,0.002374988980591297,12288,16416,1196,1196,1,"{""other"": 1}",unclassified_source_item_metadata,[]
1197,other,CompiledRunner,r_8_16_32n1,METAL,0.0029583461582660675,18560,16448,1197,1197,1,"{""other"": 1}",unclassified_source_item_metadata,[]
1198,other,CompiledRunner,r_2_32_4_2_4_64,METAL,0.015874975360929966,2197504,548928,1198,1198,1,"{""other"": 1}",unclassified_source_item_metadata,[]
1199,other,CompiledRunner,r_1536_16_128,METAL,0.00937492586672306,6709248,3166208,1199,1199,1,"{""other"": 1}",unclassified_source_item_metadata,[]
1200,other,CompiledRunner,r_16_96,METAL,0.00300002284348011,3392,6148,1200,1200,1,"{""other"": 1}",unclassified_source_item_metadata,[]
1201,other,CompiledRunner,E_16_32_3,METAL,0.00241666566580534,4608,21508,1201,1201,1,"{""other"": 1}",unclassified_source_item_metadata,[]
1202,other,CompiledRunner,r_16_96,METAL,0.0031249364838004112,3392,6148,1202,1202,1,"{""other"": 1}",unclassified_source_item_metadata,[]
1203,other,CompiledRunner,r_128_32_3_384_4,METAL,0.05725002847611904,44064768,18981892,1203,1203,1,"{""other"": 1}",unclassified_source_item_metadata,[]
1204,other,CompiledRunner,r_1536_16_384,METAL,0.04266668111085892,113664000,9498624,1204,1204,1,"{""other"": 1}",unclassified_source_item_metadata,[]
1205,other,CompiledRunner,r_16_96,METAL,0.003125052899122238,3392,6148,1205,1205,1,"{""other"": 1}",unclassified_source_item_metadata,[]
1206,other,CompiledRunner,E_16_32_3,METAL,0.002625049091875553,4608,21508,1206,1206,1,"{""other"": 1}",unclassified_source_item_metadata,[]
1207,other,CompiledRunner,r_256_16_96n4,METAL,0.0048334477469325066,897024,417792,1207,1207,1,"{""other"": 1}",unclassified_source_item_metadata,[]
1208,other,CompiledRunner,r_1536_16_16n1,METAL,0.0037082936614751816,1204224,406528,1208,1208,1,"{""other"": 1}",unclassified_source_item_metadata,[]
1209,other,CompiledRunner,r_16_96,METAL,0.0032084062695503235,3392,6148,1209,1209,1,"{""other"": 1}",unclassified_source_item_metadata,[]
1210,other,CompiledRunner,E_16_32_3n1,METAL,0.0024583423510193825,6144,21510,1210,1210,1,"{""other"": 1}",unclassified_source_item_metadata,[]
1211,other,CompiledRunner,r_16_96,METAL,0.003291643224656582,3392,6148,1211,1211,1,"{""other"": 1}",unclassified_source_item_metadata,[]
1212,other,CompiledRunner,r_32_32_4_384_4,METAL,0.06179173942655325,14163968,6333444,1212,1212,1,"{""other"": 1}",unclassified_source_item_metadata,[]
1213,other,CompiledRunner,r_8_16_32n2,METAL,0.00300002284348011,10752,16416,1213,1213,1,"{""other"": 1}",unclassified_source_item_metadata,[]
1214,other,CompiledRunner,E_8_2_16_4_4,METAL,0.008541624993085861,95488,33824,1214,1214,1,"{""other"": 1}",unclassified_source_item_metadata,[]
1215,other,CompiledRunner,r_8_(gemma_start_pos_window+1)_16_32,METAL,0.007708324119448662,7208960,1482784,1215,1215,1,"{""other"": 1}",unclassified_source_item_metadata,[]
1216,other,CompiledRunner,r_2_4_(gemma_start_pos_window+1),METAL,0.09850005153566599,11266,22560,1216,1216,1,"{""other"": 1}",unclassified_source_item_metadata,[]
1217,other,CompiledRunner,r_2_4_(gemma_start_pos_window+1)n1,METAL,0.0985416118055582,22538,22592,1217,1217,1,"{""other"": 1}",unclassified_source_item_metadata,[]
1218,other,CompiledRunner,E_(gemma_start_pos_window+1)_2_4,METAL,0.06441667210310698,22528,45120,1218,1218,1,"{""other"": 1}",unclassified_source_item_metadata,[]
1219,other,CompiledRunner,r_8_2_16_4_4_(gemma_start_pos_window+1),METAL,0.3433750243857503,5767424,1482784,1219,1219,1,"{""other"": 1}",unclassified_source_item_metadata,[]
1220,other,CompiledRunner,r_1536_16_256,METAL,0.017125043086707592,13000704,6320128,1220,1220,1,"{""other"": 1}",unclassified_source_item_metadata,[]
1221,other,CompiledRunner,r_16_96,METAL,0.003375113010406494,3392,6148,1221,1221,1,"{""other"": 1}",unclassified_source_item_metadata,[]
1222,other,CompiledRunner,E_16_32_3,METAL,0.002500019036233425,4608,21508,1222,1222,1,"{""other"": 1}",unclassified_source_item_metadata,[]
1223,other,CompiledRunner,r_16_96,METAL,0.0031249364838004112,3392,6148,1223,1223,1,"{""other"": 1}",unclassified_source_item_metadata,[]
1224,other,CompiledRunner,r_128_32_3_384_4,METAL,0.06162503268569708,44064768,18981892,1224,1224,1,"{""other"": 1}",unclassified_source_item_metadata,[]
1225,other,CompiledRunner,r_1536_16_384,METAL,0.042333267629146576,113664000,9498624,1225,1225,1,"{""other"": 1}",unclassified_source_item_metadata,[]
1226,other,CompiledRunner,r_16_96,METAL,0.003250082954764366,3392,6148,1226,1226,1,"{""other"": 1}",unclassified_source_item_metadata,[]
1227,other,CompiledRunner,E_16_32_3,METAL,0.0024583423510193825,4608,21508,1227,1227,1,"{""other"": 1}",unclassified_source_item_metadata,[]
1228,other,CompiledRunner,r_256_16_96n5,METAL,0.004875008016824722,897024,417792,1228,1228,1,"{""other"": 1}",unclassified_source_item_metadata,[]
1229,other,CompiledRunner,r_1536_16_16n1,METAL,0.0036249402910470963,1204224,406528,1229,1229,1,"{""other"": 1}",unclassified_source_item_metadata,[]
1230,other,CompiledRunner,r_16_96,METAL,0.003041699528694153,3392,6148,1230,1230,1,"{""other"": 1}",unclassified_source_item_metadata,[]
1231,other,CompiledRunner,E_16_32_3n1,METAL,0.0025832559913396835,6144,21510,1231,1231,1,"{""other"": 1}",unclassified_source_item_metadata,[]
1232,other,CompiledRunner,r_16_96,METAL,0.003166729584336281,3392,6148,1232,1232,1,"{""other"": 1}",unclassified_source_item_metadata,[]
1233,other,CompiledRunner,r_2048_16_96,METAL,0.0116666778922081,10027008,3171332,1233,1233,1,"{""other"": 1}",unclassified_source_item_metadata,[]
1234,other,CompiledRunner,r_8_16_16,METAL,0.002374988980591297,6656,8224,1234,1234,1,"{""other"": 1}",unclassified_source_item_metadata,[]
1235,other,CompiledRunner,E_16_2_16_4,METAL,0.0036249402910470963,37888,16928,1235,1235,1,"{""other"": 1}",unclassified_source_item_metadata,[]
1236,other,CompiledRunner,r_4_32_4_2_4_32,METAL,0.008750008419156075,2097152,548864,1236,1236,1,"{""other"": 1}",unclassified_source_item_metadata,[]
1237,other,CompiledRunner,r_8_16_32,METAL,0.002374988980591297,12288,16416,1237,1237,1,"{""other"": 1}",unclassified_source_item_metadata,[]
1238,other,CompiledRunner,r_8_16_32n1,METAL,0.003125052899122238,18560,16448,1238,1238,1,"{""other"": 1}",unclassified_source_item_metadata,[]
1239,other,CompiledRunner,r_2_32_4_2_4_64,METAL,0.015833298675715923,2197504,548928,1239,1239,1,"{""other"": 1}",unclassified_source_item_metadata,[]
1240,other,CompiledRunner,r_1536_16_128,METAL,0.009458395652472973,6709248,3166208,1240,1240,1,"{""other"": 1}",unclassified_source_item_metadata,[]
1241,other,CompiledRunner,r_16_96,METAL,0.003166613169014454,3392,6148,1241,1241,1,"{""other"": 1}",unclassified_source_item_metadata,[]
1242,other,CompiledRunner,E_16_32_3,METAL,0.00241666566580534,4608,21508,1242,1242,1,"{""other"": 1}",unclassified_source_item_metadata,[]
1243,other,CompiledRunner,r_16_96,METAL,0.003041699528694153,3392,6148,1243,1243,1,"{""other"": 1}",unclassified_source_item_metadata,[]
1244,other,CompiledRunner,r_128_32_3_384_4,METAL,0.05975004751235247,44064768,18981892,1244,1244,1,"{""other"": 1}",unclassified_source_item_metadata,[]
1245,other,CompiledRunner,r_1536_16_384,METAL,0.04199997056275606,113664000,9498624,1245,1245,1,"{""other"": 1}",unclassified_source_item_metadata,[]
1246,other,CompiledRunner,r_16_96,METAL,0.00300002284348011,3392,6148,1246,1246,1,"{""other"": 1}",unclassified_source_item_metadata,[]
1247,other,CompiledRunner,E_16_32_3,METAL,0.002500019036233425,4608,21508,1247,1247,1,"{""other"": 1}",unclassified_source_item_metadata,[]
1248,other,CompiledRunner,r_256_16_96n6,METAL,0.004875008016824722,897024,417792,1248,1248,1,"{""other"": 1}",unclassified_source_item_metadata,[]
1249,other,CompiledRunner,r_1536_16_16n1,METAL,0.0035832636058330536,1204224,406528,1249,1249,1,"{""other"": 1}",unclassified_source_item_metadata,[]
1250,other,CompiledRunner,r_16_96,METAL,0.003125052899122238,3392,6148,1250,1250,1,"{""other"": 1}",unclassified_source_item_metadata,[]
1251,other,CompiledRunner,E_16_32_3n1,METAL,0.0027082860469818115,6144,21510,1251,1251,1,"{""other"": 1}",unclassified_source_item_metadata,[]
1252,other,CompiledRunner,r_16_96,METAL,0.003041583113372326,3392,6148,1252,1252,1,"{""other"": 1}",unclassified_source_item_metadata,[]
1253,other,CompiledRunner,r_2048_16_96,METAL,0.23499992676079273,10027008,3171332,1253,1253,1,"{""other"": 1}",unclassified_source_item_metadata,[]
1254,other,CompiledRunner,r_8_16_16,METAL,0.002291635610163212,6656,8224,1254,1254,1,"{""other"": 1}",unclassified_source_item_metadata,[]
1255,other,CompiledRunner,E_16_2_16_4,METAL,0.0034583499655127525,37888,16928,1255,1255,1,"{""other"": 1}",unclassified_source_item_metadata,[]
1256,other,CompiledRunner,r_4_32_4_2_4_32,METAL,0.009499955922365189,2097152,548864,1256,1256,1,"{""other"": 1}",unclassified_source_item_metadata,[]
1257,other,CompiledRunner,r_8_16_32,METAL,0.002500019036233425,12288,16416,1257,1257,1,"{""other"": 1}",unclassified_source_item_metadata,[]
1258,other,CompiledRunner,r_8_16_32n1,METAL,0.002874992787837982,18560,16448,1258,1258,1,"{""other"": 1}",unclassified_source_item_metadata,[]
1259,other,CompiledRunner,r_2_32_4_2_4_64,METAL,0.016041682101786137,2197504,548928,1259,1259,1,"{""other"": 1}",unclassified_source_item_metadata,[]
1260,other,CompiledRunner,r_1536_16_128,METAL,0.00979157630354166,6709248,3166208,1260,1260,1,"{""other"": 1}",unclassified_source_item_metadata,[]
1261,other,CompiledRunner,r_16_96,METAL,0.003249966539442539,3392,6148,1261,1261,1,"{""other"": 1}",unclassified_source_item_metadata,[]
1262,other,CompiledRunner,E_16_32_3,METAL,0.0024583423510193825,4608,21508,1262,1262,1,"{""other"": 1}",unclassified_source_item_metadata,[]
1263,other,CompiledRunner,r_16_96,METAL,0.0031249364838004112,3392,6148,1263,1263,1,"{""other"": 1}",unclassified_source_item_metadata,[]
1264,other,CompiledRunner,r_128_32_3_384_4,METAL,0.06524997297674417,44064768,18981892,1264,1264,1,"{""other"": 1}",unclassified_source_item_metadata,[]
1265,other,CompiledRunner,r_1536_16_384,METAL,0.04295830149203539,113664000,9498624,1265,1265,1,"{""other"": 1}",unclassified_source_item_metadata,[]
1266,other,CompiledRunner,r_16_96,METAL,0.003166729584336281,3392,6148,1266,1266,1,"{""other"": 1}",unclassified_source_item_metadata,[]
1267,other,CompiledRunner,E_16_32_3,METAL,0.002625049091875553,4608,21508,1267,1267,1,"{""other"": 1}",unclassified_source_item_metadata,[]
1268,other,CompiledRunner,r_256_16_96n7,METAL,0.00500003807246685,897024,417792,1268,1268,1,"{""other"": 1}",unclassified_source_item_metadata,[]
1269,other,CompiledRunner,r_1536_16_16n1,METAL,0.0036249402910470963,1204224,406528,1269,1269,1,"{""other"": 1}",unclassified_source_item_metadata,[]
1270,other,CompiledRunner,r_16_96,METAL,0.0031249364838004112,3392,6148,1270,1270,1,"{""other"": 1}",unclassified_source_item_metadata,[]
1271,other,CompiledRunner,E_16_32_3n1,METAL,0.0024583423510193825,6144,21510,1271,1271,1,"{""other"": 1}",unclassified_source_item_metadata,[]
1272,other,CompiledRunner,r_16_96,METAL,0.003250082954764366,3392,6148,1272,1272,1,"{""other"": 1}",unclassified_source_item_metadata,[]
1273,other,CompiledRunner,r_256_16_96,METAL,0.004999921657145023,1253376,404484,1273,1273,1,"{""other"": 1}",unclassified_source_item_metadata,[]
1274,other,CompiledRunner,r_16_16,METAL,0.0024583423510193825,832,1028,1274,1274,1,"{""other"": 1}",unclassified_source_item_metadata,[]
1275,other,CompiledRunner,E_2_32_4n1,METAL,0.0023333122953772545,256,2052,1275,1275,1,"{""other"": 1}",unclassified_source_item_metadata,[]
1276,other,CompiledRunner,E_192_4_8_16_4,METAL,0.0034999102354049683,0,3145732,1276,1276,1,"{""other"": 1}",unclassified_source_item_metadata,[]
1277,other,CompiledRunner,E_1120_4_8_16_4,METAL,0.006333342753350735,0,18350084,1277,1277,1,"{""other"": 1}",unclassified_source_item_metadata,[]
1278,other,CompiledRunner,r_1536_16_16,METAL,0.003791763447225094,811008,1579008,1278,1278,1,"{""other"": 1}",unclassified_source_item_metadata,[]
1279,other,CompiledRunner,r_16_96,METAL,0.00300002284348011,3392,6148,1279,1279,1,"{""other"": 1}",unclassified_source_item_metadata,[]
1280,other,CompiledRunner,r_70_32_4_384_4,METAL,0.05045824218541384,27543040,13840384,1280,1280,1,"{""other"": 1}",unclassified_source_item_metadata,[]
1281,other,CompiledRunner,r_2048_16_96,METAL,0.011999974958598614,10027008,3171332,1281,1281,1,"{""other"": 1}",unclassified_source_item_metadata,[]
1282,other,CompiledRunner,r_35_16_16,METAL,0.00241666566580534,29120,35980,1282,1282,1,"{""other"": 1}",unclassified_source_item_metadata,[]
1283,other,CompiledRunner,r_8_16_16,METAL,0.002374988980591297,6656,8224,1283,1283,1,"{""other"": 1}",unclassified_source_item_metadata,[]
1284,other,CompiledRunner,r_35_4_16_4_64_4,METAL,0.012750038877129555,2338560,9247372,1284,1284,1,"{""other"": 1}",unclassified_source_item_metadata,[]
1285,other,CompiledRunner,E_16_2_16_4,METAL,0.003500026650726795,37888,16928,1285,1285,1,"{""other"": 1}",unclassified_source_item_metadata,[]
1286,other,CompiledRunner,r_4_32_4_2_4_32,METAL,0.00925001222640276,2097152,548864,1286,1286,1,"{""other"": 1}",unclassified_source_item_metadata,[]
1287,other,CompiledRunner,r_8_16_32,METAL,0.009124982170760632,12288,16416,1287,1287,1,"{""other"": 1}",unclassified_source_item_metadata,[]
1288,other,CompiledRunner,r_8_16_32n1,METAL,0.00600004568696022,18560,16448,1288,1288,1,"{""other"": 1}",unclassified_source_item_metadata,[]
1289,other,CompiledRunner,r_2_32_4_2_4_64,METAL,0.06375007797032595,2197504,548928,1289,1289,1,"{""other"": 1}",unclassified_source_item_metadata,[]
1290,other,CompiledRunner,r_1536_16_128,METAL,0.058708363212645054,6709248,3166208,1290,1290,1,"{""other"": 1}",unclassified_source_item_metadata,[]
1291,other,CompiledRunner,r_16_96,METAL,0.003291643224656582,3392,6148,1291,1291,1,"{""other"": 1}",unclassified_source_item_metadata,[]
1292,other,CompiledRunner,E_16_32_3,METAL,0.002500019036233425,4608,21508,1292,1292,1,"{""other"": 1}",unclassified_source_item_metadata,[]
1293,other,CompiledRunner,r_16_96,METAL,0.003374996595084667,3392,6148,1293,1293,1,"{""other"": 1}",unclassified_source_item_metadata,[]
1294,other,CompiledRunner,r_128_32_3_384_4,METAL,0.05825003609061241,44064768,18981892,1294,1294,1,"{""other"": 1}",unclassified_source_item_metadata,[]
1295,other,CompiledRunner,r_1536_16_384,METAL,0.04299997817724943,113664000,9498624,1295,1295,1,"{""other"": 1}",unclassified_source_item_metadata,[]
1296,other,CompiledRunner,r_16_96,METAL,0.003249966539442539,3392,6148,1296,1296,1,"{""other"": 1}",unclassified_source_item_metadata,[]
1297,other,CompiledRunner,E_16_32_3,METAL,0.002625049091875553,4608,21508,1297,1297,1,"{""other"": 1}",unclassified_source_item_metadata,[]
1298,other,CompiledRunner,r_256_16_96n1,METAL,0.005083391442894936,897024,417792,1298,1298,1,"{""other"": 1}",unclassified_source_item_metadata,[]
1299,other,CompiledRunner,r_1536_16_16n1,METAL,0.003666733391582966,1204224,406528,1299,1299,1,"{""other"": 1}",unclassified_source_item_metadata,[]
1300,other,CompiledRunner,r_16_96,METAL,0.003249966539442539,3392,6148,1300,1300,1,"{""other"": 1}",unclassified_source_item_metadata,[]
1301,other,CompiledRunner,E_16_32_3n1,METAL,0.002500019036233425,6144,21510,1301,1301,1,"{""other"": 1}",unclassified_source_item_metadata,[]
1302,other,CompiledRunner,r_16_96,METAL,0.0031249364838004112,3392,6148,1302,1302,1,"{""other"": 1}",unclassified_source_item_metadata,[]
1303,other,CompiledRunner,r_2048_16_96,METAL,0.012458302080631256,10027008,3171332,1303,1303,1,"{""other"": 1}",unclassified_source_item_metadata,[]
1304,other,CompiledRunner,r_8_16_16,METAL,0.002374988980591297,6656,8224,1304,1304,1,"{""other"": 1}",unclassified_source_item_metadata,[]
1305,other,CompiledRunner,E_16_2_16_4,METAL,0.003500026650726795,37888,16928,1305,1305,1,"{""other"": 1}",unclassified_source_item_metadata,[]
1306,other,CompiledRunner,r_4_32_4_2_4_32,METAL,0.00925001222640276,2097152,548864,1306,1306,1,"{""other"": 1}",unclassified_source_item_metadata,[]
1307,other,CompiledRunner,r_8_16_32,METAL,0.002375105395913124,12288,16416,1307,1307,1,"{""other"": 1}",unclassified_source_item_metadata,[]
1308,other,CompiledRunner,r_8_16_32n1,METAL,0.003041699528694153,18560,16448,1308,1308,1,"{""other"": 1}",unclassified_source_item_metadata,[]
1309,other,CompiledRunner,r_2_32_4_2_4_64,METAL,0.016000005416572094,2197504,548928,1309,1309,1,"{""other"": 1}",unclassified_source_item_metadata,[]
1310,other,CompiledRunner,r_1536_16_128,METAL,0.009583309292793274,6709248,3166208,1310,1310,1,"{""other"": 1}",unclassified_source_item_metadata,[]
1311,other,CompiledRunner,r_16_96,METAL,0.003166613169014454,3392,6148,1311,1311,1,"{""other"": 1}",unclassified_source_item_metadata,[]
1312,other,CompiledRunner,E_16_32_3,METAL,0.002374988980591297,4608,21508,1312,1312,1,"{""other"": 1}",unclassified_source_item_metadata,[]
1313,other,CompiledRunner,r_16_96,METAL,0.0031249364838004112,3392,6148,1313,1313,1,"{""other"": 1}",unclassified_source_item_metadata,[]
1314,other,CompiledRunner,r_128_32_3_384_4,METAL,0.05537504330277443,44064768,18981892,1314,1314,1,"{""other"": 1}",unclassified_source_item_metadata,[]
1315,other,CompiledRunner,r_1536_16_384,METAL,0.04220823757350445,113664000,9498624,1315,1315,1,"{""other"": 1}",unclassified_source_item_metadata,[]
1316,other,CompiledRunner,r_16_96,METAL,0.0032082898542284966,3392,6148,1316,1316,1,"{""other"": 1}",unclassified_source_item_metadata,[]
1317,other,CompiledRunner,E_16_32_3,METAL,0.002499902620911598,4608,21508,1317,1317,1,"{""other"": 1}",unclassified_source_item_metadata,[]
1318,other,CompiledRunner,r_256_16_96n2,METAL,0.004791654646396637,897024,417792,1318,1318,1,"{""other"": 1}",unclassified_source_item_metadata,[]
1319,other,CompiledRunner,r_1536_16_16n1,METAL,0.003541703335940838,1204224,406528,1319,1319,1,"{""other"": 1}",unclassified_source_item_metadata,[]
1320,other,CompiledRunner,r_16_96,METAL,0.0031249364838004112,3392,6148,1320,1320,1,"{""other"": 1}",unclassified_source_item_metadata,[]
1321,other,CompiledRunner,E_16_32_3n1,METAL,0.002500019036233425,6144,21510,1321,1321,1,"{""other"": 1}",unclassified_source_item_metadata,[]
1322,other,CompiledRunner,r_16_96,METAL,0.003250082954764366,3392,6148,1322,1322,1,"{""other"": 1}",unclassified_source_item_metadata,[]
1323,other,CompiledRunner,r_2048_16_96,METAL,0.015541678294539452,10027008,3171332,1323,1323,1,"{""other"": 1}",unclassified_source_item_metadata,[]
1324,other,CompiledRunner,r_8_16_16,METAL,0.004124944098293781,6656,8224,1324,1324,1,"{""other"": 1}",unclassified_source_item_metadata,[]
1325,other,CompiledRunner,E_16_2_16_4,METAL,0.007916591130197048,37888,16928,1325,1325,1,"{""other"": 1}",unclassified_source_item_metadata,[]
1326,other,CompiledRunner,r_4_32_4_2_4_32,METAL,0.07950002327561378,2097152,548864,1326,1326,1,"{""other"": 1}",unclassified_source_item_metadata,[]
1327,other,CompiledRunner,r_8_16_32,METAL,0.002625049091875553,12288,16416,1327,1327,1,"{""other"": 1}",unclassified_source_item_metadata,[]
1328,other,CompiledRunner,r_8_16_32n1,METAL,0.0032082898542284966,18560,16448,1328,1328,1,"{""other"": 1}",unclassified_source_item_metadata,[]
1329,other,CompiledRunner,r_2_32_4_2_4_64,METAL,0.015791738405823708,2197504,548928,1329,1329,1,"{""other"": 1}",unclassified_source_item_metadata,[]
1330,other,CompiledRunner,r_1536_16_128,METAL,0.009874929673969746,6709248,3166208,1330,1330,1,"{""other"": 1}",unclassified_source_item_metadata,[]
1331,other,CompiledRunner,r_16_96,METAL,0.003374996595084667,3392,6148,1331,1331,1,"{""other"": 1}",unclassified_source_item_metadata,[]
1332,other,CompiledRunner,E_16_32_3,METAL,0.002500019036233425,4608,21508,1332,1332,1,"{""other"": 1}",unclassified_source_item_metadata,[]
1333,other,CompiledRunner,r_16_96,METAL,0.0033333199098706245,3392,6148,1333,1333,1,"{""other"": 1}",unclassified_source_item_metadata,[]
1334,other,CompiledRunner,r_128_32_3_384_4,METAL,0.06162491627037525,44064768,18981892,1334,1334,1,"{""other"": 1}",unclassified_source_item_metadata,[]
1335,other,CompiledRunner,r_1536_16_384,METAL,0.042916624806821346,113664000,9498624,1335,1335,1,"{""other"": 1}",unclassified_source_item_metadata,[]
1336,other,CompiledRunner,r_16_96,METAL,0.0033333199098706245,3392,6148,1336,1336,1,"{""other"": 1}",unclassified_source_item_metadata,[]
1337,other,CompiledRunner,E_16_32_3,METAL,0.002624932676553726,4608,21508,1337,1337,1,"{""other"": 1}",unclassified_source_item_metadata,[]
1338,other,CompiledRunner,r_256_16_96n3,METAL,0.004999921657145023,897024,417792,1338,1338,1,"{""other"": 1}",unclassified_source_item_metadata,[]
1339,other,CompiledRunner,r_1536_16_16n1,METAL,0.0037499703466892242,1204224,406528,1339,1339,1,"{""other"": 1}",unclassified_source_item_metadata,[]
1340,other,CompiledRunner,r_16_96,METAL,0.0033333199098706245,3392,6148,1340,1340,1,"{""other"": 1}",unclassified_source_item_metadata,[]
1341,other,CompiledRunner,E_16_32_3n1,METAL,0.002541695721447468,6144,21510,1341,1341,1,"{""other"": 1}",unclassified_source_item_metadata,[]
1342,other,CompiledRunner,r_16_96,METAL,0.003250082954764366,3392,6148,1342,1342,1,"{""other"": 1}",unclassified_source_item_metadata,[]
1343,other,CompiledRunner,r_2048_16_96,METAL,0.012041651643812656,10027008,3171332,1343,1343,1,"{""other"": 1}",unclassified_source_item_metadata,[]
1344,other,CompiledRunner,r_8_16_16,METAL,0.0024583423510193825,6656,8224,1344,1344,1,"{""other"": 1}",unclassified_source_item_metadata,[]
1345,other,CompiledRunner,E_16_2_16_4,METAL,0.003541586920619011,37888,16928,1345,1345,1,"{""other"": 1}",unclassified_source_item_metadata,[]
1346,other,CompiledRunner,r_4_32_4_2_4_32,METAL,0.00979157630354166,2097152,548864,1346,1346,1,"{""other"": 1}",unclassified_source_item_metadata,[]
1347,other,CompiledRunner,r_8_16_32,METAL,0.002500019036233425,12288,16416,1347,1347,1,"{""other"": 1}",unclassified_source_item_metadata,[]
1348,other,CompiledRunner,r_8_16_32n1,METAL,0.00300002284348011,18560,16448,1348,1348,1,"{""other"": 1}",unclassified_source_item_metadata,[]
1349,other,CompiledRunner,r_2_32_4_2_4_64,METAL,0.01595832873135805,2197504,548928,1349,1349,1,"{""other"": 1}",unclassified_source_item_metadata,[]
1350,other,CompiledRunner,r_1536_16_128,METAL,0.009874929673969746,6709248,3166208,1350,1350,1,"{""other"": 1}",unclassified_source_item_metadata,[]
1351,other,CompiledRunner,r_16_96,METAL,0.003249966539442539,3392,6148,1351,1351,1,"{""other"": 1}",unclassified_source_item_metadata,[]
1352,other,CompiledRunner,E_16_32_3,METAL,0.002499902620911598,4608,21508,1352,1352,1,"{""other"": 1}",unclassified_source_item_metadata,[]
1353,other,CompiledRunner,r_16_96,METAL,0.003125052899122238,3392,6148,1353,1353,1,"{""other"": 1}",unclassified_source_item_metadata,[]
1354,other,CompiledRunner,r_128_32_3_384_4,METAL,0.05625002086162567,44064768,18981892,1354,1354,1,"{""other"": 1}",unclassified_source_item_metadata,[]
1355,other,CompiledRunner,r_1536_16_384,METAL,0.04287506453692913,113664000,9498624,1355,1355,1,"{""other"": 1}",unclassified_source_item_metadata,[]
1356,other,CompiledRunner,r_16_96,METAL,0.003249966539442539,3392,6148,1356,1356,1,"{""other"": 1}",unclassified_source_item_metadata,[]
1357,other,CompiledRunner,E_16_32_3,METAL,0.002625049091875553,4608,21508,1357,1357,1,"{""other"": 1}",unclassified_source_item_metadata,[]
1358,other,CompiledRunner,r_256_16_96n4,METAL,0.004875008016824722,897024,417792,1358,1358,1,"{""other"": 1}",unclassified_source_item_metadata,[]
1359,other,CompiledRunner,r_1536_16_16n1,METAL,0.02537504769861698,1204224,406528,1359,1359,1,"{""other"": 1}",unclassified_source_item_metadata,[]
1360,other,CompiledRunner,r_16_96,METAL,0.029125018045306206,3392,6148,1360,1360,1,"{""other"": 1}",unclassified_source_item_metadata,[]
1361,other,CompiledRunner,E_16_32_3n1,METAL,0.13670837506651878,6144,21510,1361,1361,1,"{""other"": 1}",unclassified_source_item_metadata,[]
1362,other,CompiledRunner,r_16_96,METAL,0.003374996595084667,3392,6148,1362,1362,1,"{""other"": 1}",unclassified_source_item_metadata,[]
1363,other,CompiledRunner,r_32_32_4_384_4,METAL,0.06262504030019045,14163968,6333444,1363,1363,1,"{""other"": 1}",unclassified_source_item_metadata,[]
1364,other,CompiledRunner,r_8_16_32n2,METAL,0.002874992787837982,10752,16416,1364,1364,1,"{""other"": 1}",unclassified_source_item_metadata,[]
1365,other,CompiledRunner,E_8_2_16_4_4,METAL,0.009375042282044888,95488,33824,1365,1365,1,"{""other"": 1}",unclassified_source_item_metadata,[]
1366,other,CompiledRunner,r_8_(gemma_start_pos_window+1)_16_32,METAL,0.00783335417509079,7208960,1482784,1366,1366,1,"{""other"": 1}",unclassified_source_item_metadata,[]
1367,other,CompiledRunner,r_2_4_(gemma_start_pos_window+1),METAL,0.1027500256896019,11266,22560,1367,1367,1,"{""other"": 1}",unclassified_source_item_metadata,[]
1368,other,CompiledRunner,r_2_4_(gemma_start_pos_window+1)n1,METAL,0.10820839088410139,22538,22592,1368,1368,1,"{""other"": 1}",unclassified_source_item_metadata,[]
1369,other,CompiledRunner,E_(gemma_start_pos_window+1)_2_4,METAL,0.002874992787837982,22528,45120,1369,1369,1,"{""other"": 1}",unclassified_source_item_metadata,[]
1370,other,CompiledRunner,r_8_2_16_4_4_(gemma_start_pos_window+1),METAL,0.21124992053955793,5767424,1482784,1370,1370,1,"{""other"": 1}",unclassified_source_item_metadata,[]
1371,other,CompiledRunner,r_1536_16_256,METAL,0.017249956727027893,13000704,6320128,1371,1371,1,"{""other"": 1}",unclassified_source_item_metadata,[]
1372,other,CompiledRunner,r_16_96,METAL,0.003374996595084667,3392,6148,1372,1372,1,"{""other"": 1}",unclassified_source_item_metadata,[]
1373,other,CompiledRunner,E_16_32_3,METAL,0.00241666566580534,4608,21508,1373,1373,1,"{""other"": 1}",unclassified_source_item_metadata,[]
1374,other,CompiledRunner,r_16_96,METAL,0.003250082954764366,3392,6148,1374,1374,1,"{""other"": 1}",unclassified_source_item_metadata,[]
1375,other,CompiledRunner,r_128_32_3_384_4,METAL,0.06137497257441282,44064768,18981892,1375,1375,1,"{""other"": 1}",unclassified_source_item_metadata,[]
1376,other,CompiledRunner,r_1536_16_384,METAL,0.04266668111085892,113664000,9498624,1376,1376,1,"{""other"": 1}",unclassified_source_item_metadata,[]
1377,other,CompiledRunner,r_16_96,METAL,0.003249966539442539,3392,6148,1377,1377,1,"{""other"": 1}",unclassified_source_item_metadata,[]
1378,other,CompiledRunner,E_16_32_3,METAL,0.0025833724066615105,4608,21508,1378,1378,1,"{""other"": 1}",unclassified_source_item_metadata,[]
1379,other,CompiledRunner,r_256_16_96n5,METAL,0.004875008016824722,897024,417792,1379,1379,1,"{""other"": 1}",unclassified_source_item_metadata,[]
1380,other,CompiledRunner,r_1536_16_16n1,METAL,0.003750086762011051,1204224,406528,1380,1380,1,"{""other"": 1}",unclassified_source_item_metadata,[]
1381,other,CompiledRunner,r_16_96,METAL,0.0032082898542284966,3392,6148,1381,1381,1,"{""other"": 1}",unclassified_source_item_metadata,[]
1382,other,CompiledRunner,E_16_32_3n1,METAL,0.002541695721447468,6144,21510,1382,1382,1,"{""other"": 1}",unclassified_source_item_metadata,[]
1383,other,CompiledRunner,r_16_96,METAL,0.003166613169014454,3392,6148,1383,1383,1,"{""other"": 1}",unclassified_source_item_metadata,[]
1384,other,CompiledRunner,r_2048_16_96,METAL,0.011749914847314358,10027008,3171332,1384,1384,1,"{""other"": 1}",unclassified_source_item_metadata,[]
1385,other,CompiledRunner,r_8_16_16,METAL,0.0023333122953772545,6656,8224,1385,1385,1,"{""other"": 1}",unclassified_source_item_metadata,[]
1386,other,CompiledRunner,E_16_2_16_4,METAL,0.0037082936614751816,37888,16928,1386,1386,1,"{""other"": 1}",unclassified_source_item_metadata,[]
1387,other,CompiledRunner,r_4_32_4_2_4_32,METAL,0.008999952115118504,2097152,548864,1387,1387,1,"{""other"": 1}",unclassified_source_item_metadata,[]
1388,other,CompiledRunner,r_8_16_32,METAL,0.002374988980591297,12288,16416,1388,1388,1,"{""other"": 1}",unclassified_source_item_metadata,[]
1389,other,CompiledRunner,r_8_16_32n1,METAL,0.0030832597985863686,18560,16448,1389,1389,1,"{""other"": 1}",unclassified_source_item_metadata,[]
1390,other,CompiledRunner,r_2_32_4_2_4_64,METAL,0.015750061720609665,2197504,548928,1390,1390,1,"{""other"": 1}",unclassified_source_item_metadata,[]
1391,other,CompiledRunner,r_1536_16_128,METAL,0.016625039279460907,6709248,3166208,1391,1391,1,"{""other"": 1}",unclassified_source_item_metadata,[]
1392,other,CompiledRunner,r_16_96,METAL,0.04583329427987337,3392,6148,1392,1392,1,"{""other"": 1}",unclassified_source_item_metadata,[]
1393,other,CompiledRunner,E_16_32_3,METAL,0.08041667751967907,4608,21508,1393,1393,1,"{""other"": 1}",unclassified_source_item_metadata,[]
1394,other,CompiledRunner,r_16_96,METAL,0.003249966539442539,3392,6148,1394,1394,1,"{""other"": 1}",unclassified_source_item_metadata,[]
1395,other,CompiledRunner,r_128_32_3_384_4,METAL,0.06466673221439123,44064768,18981892,1395,1395,1,"{""other"": 1}",unclassified_source_item_metadata,[]
1396,other,CompiledRunner,r_1536_16_384,METAL,0.04329171497374773,113664000,9498624,1396,1396,1,"{""other"": 1}",unclassified_source_item_metadata,[]
1397,other,CompiledRunner,r_16_96,METAL,0.003166613169014454,3392,6148,1397,1397,1,"{""other"": 1}",unclassified_source_item_metadata,[]
1398,other,CompiledRunner,E_16_32_3,METAL,0.002625049091875553,4608,21508,1398,1398,1,"{""other"": 1}",unclassified_source_item_metadata,[]
1399,other,CompiledRunner,r_256_16_96n6,METAL,0.005083275027573109,897024,417792,1399,1399,1,"{""other"": 1}",unclassified_source_item_metadata,[]
1400,other,CompiledRunner,r_1536_16_16n1,METAL,0.003625056706368923,1204224,406528,1400,1400,1,"{""other"": 1}",unclassified_source_item_metadata,[]
1401,other,CompiledRunner,r_16_96,METAL,0.0031249364838004112,3392,6148,1401,1401,1,"{""other"": 1}",unclassified_source_item_metadata,[]
1402,other,CompiledRunner,E_16_32_3n1,METAL,0.00241666566580534,6144,21510,1402,1402,1,"{""other"": 1}",unclassified_source_item_metadata,[]
1403,other,CompiledRunner,r_16_96,METAL,0.0030833762139081955,3392,6148,1403,1403,1,"{""other"": 1}",unclassified_source_item_metadata,[]
1404,other,CompiledRunner,r_2048_16_96,METAL,0.011958414688706398,10027008,3171332,1404,1404,1,"{""other"": 1}",unclassified_source_item_metadata,[]
1405,other,CompiledRunner,r_8_16_16,METAL,0.0024583423510193825,6656,8224,1405,1405,1,"{""other"": 1}",unclassified_source_item_metadata,[]
1406,other,CompiledRunner,E_16_2_16_4,METAL,0.003374996595084667,37888,16928,1406,1406,1,"{""other"": 1}",unclassified_source_item_metadata,[]
1407,other,CompiledRunner,r_4_32_4_2_4_32,METAL,0.009500072337687016,2097152,548864,1407,1407,1,"{""other"": 1}",unclassified_source_item_metadata,[]
1408,other,CompiledRunner,r_8_16_32,METAL,0.002500019036233425,12288,16416,1408,1408,1,"{""other"": 1}",unclassified_source_item_metadata,[]
1409,other,CompiledRunner,r_8_16_32n1,METAL,0.00300002284348011,18560,16448,1409,1409,1,"{""other"": 1}",unclassified_source_item_metadata,[]
1410,other,CompiledRunner,r_2_32_4_2_4_64,METAL,0.015708268620073795,2197504,548928,1410,1410,1,"{""other"": 1}",unclassified_source_item_metadata,[]
1411,other,CompiledRunner,r_1536_16_128,METAL,0.009958399459719658,6709248,3166208,1411,1411,1,"{""other"": 1}",unclassified_source_item_metadata,[]
1412,other,CompiledRunner,r_16_96,METAL,0.003125052899122238,3392,6148,1412,1412,1,"{""other"": 1}",unclassified_source_item_metadata,[]
1413,other,CompiledRunner,E_16_32_3,METAL,0.0024583423510193825,4608,21508,1413,1413,1,"{""other"": 1}",unclassified_source_item_metadata,[]
1414,other,CompiledRunner,r_16_96,METAL,0.003249966539442539,3392,6148,1414,1414,1,"{""other"": 1}",unclassified_source_item_metadata,[]
1415,other,CompiledRunner,r_128_32_3_384_4,METAL,0.059833284467458725,44064768,18981892,1415,1415,1,"{""other"": 1}",unclassified_source_item_metadata,[]
1416,other,CompiledRunner,r_1536_16_384,METAL,0.04258332774043083,113664000,9498624,1416,1416,1,"{""other"": 1}",unclassified_source_item_metadata,[]
1417,other,CompiledRunner,r_16_96,METAL,0.003250082954764366,3392,6148,1417,1417,1,"{""other"": 1}",unclassified_source_item_metadata,[]
1418,other,CompiledRunner,E_16_32_3,METAL,0.002625049091875553,4608,21508,1418,1418,1,"{""other"": 1}",unclassified_source_item_metadata,[]
1419,other,CompiledRunner,r_256_16_96n7,METAL,0.004875008016824722,897024,417792,1419,1419,1,"{""other"": 1}",unclassified_source_item_metadata,[]
1420,other,CompiledRunner,r_1536_16_16n1,METAL,0.0037499703466892242,1204224,406528,1420,1420,1,"{""other"": 1}",unclassified_source_item_metadata,[]
1421,other,CompiledRunner,r_16_96,METAL,0.0029999064281582832,3392,6148,1421,1421,1,"{""other"": 1}",unclassified_source_item_metadata,[]
1422,other,CompiledRunner,E_16_32_3n1,METAL,0.00241666566580534,6144,21510,1422,1422,1,"{""other"": 1}",unclassified_source_item_metadata,[]
1423,other,CompiledRunner,r_16_96,METAL,0.0031249364838004112,3392,6148,1423,1423,1,"{""other"": 1}",unclassified_source_item_metadata,[]
1424,other,CompiledRunner,r_2048_16_96,METAL,0.011499971151351929,10027008,3171332,1424,1424,1,"{""other"": 1}",unclassified_source_item_metadata,[]
1425,other,CompiledRunner,r_8_16_16,METAL,0.0023333122953772545,6656,8224,1425,1425,1,"{""other"": 1}",unclassified_source_item_metadata,[]
1426,other,CompiledRunner,E_16_2_16_4,METAL,0.008874922059476376,37888,16928,1426,1426,1,"{""other"": 1}",unclassified_source_item_metadata,[]
1427,other,CompiledRunner,r_4_32_4_2_4_32,METAL,0.024999957531690598,2097152,548864,1427,1427,1,"{""other"": 1}",unclassified_source_item_metadata,[]
1428,other,CompiledRunner,r_8_16_32,METAL,0.0447083730250597,12288,16416,1428,1428,1,"{""other"": 1}",unclassified_source_item_metadata,[]
1429,other,CompiledRunner,r_8_16_32n1,METAL,0.07624994032084942,18560,16448,1429,1429,1,"{""other"": 1}",unclassified_source_item_metadata,[]
1430,other,CompiledRunner,r_2_32_4_2_4_64,METAL,0.01595832873135805,2197504,548928,1430,1430,1,"{""other"": 1}",unclassified_source_item_metadata,[]
1431,other,CompiledRunner,r_1536_16_128,METAL,0.009833252988755703,6709248,3166208,1431,1431,1,"{""other"": 1}",unclassified_source_item_metadata,[]
1432,other,CompiledRunner,r_16_96,METAL,0.003249966539442539,3392,6148,1432,1432,1,"{""other"": 1}",unclassified_source_item_metadata,[]
1433,other,CompiledRunner,E_16_32_3,METAL,0.002500019036233425,4608,21508,1433,1433,1,"{""other"": 1}",unclassified_source_item_metadata,[]
1434,other,CompiledRunner,r_16_96,METAL,0.003374996595084667,3392,6148,1434,1434,1,"{""other"": 1}",unclassified_source_item_metadata,[]
1435,other,CompiledRunner,r_128_32_3_384_4,METAL,0.06441667210310698,44064768,18981892,1435,1435,1,"{""other"": 1}",unclassified_source_item_metadata,[]
1436,other,CompiledRunner,r_1536_16_384,METAL,0.04266668111085892,113664000,9498624,1436,1436,1,"{""other"": 1}",unclassified_source_item_metadata,[]
1437,other,CompiledRunner,r_16_96,METAL,0.003249966539442539,3392,6148,1437,1437,1,"{""other"": 1}",unclassified_source_item_metadata,[]
1438,other,CompiledRunner,E_16_32_3,METAL,0.002624932676553726,4608,21508,1438,1438,1,"{""other"": 1}",unclassified_source_item_metadata,[]
1439,other,CompiledRunner,r_256_16_96n8,METAL,0.005124951712787151,897024,417792,1439,1439,1,"{""other"": 1}",unclassified_source_item_metadata,[]
1440,other,CompiledRunner,r_1536_16_16n1,METAL,0.004666624590754509,1204224,406528,1440,1440,1,"{""other"": 1}",unclassified_source_item_metadata,[]
1441,other,CompiledRunner,r_16_96,METAL,0.003249966539442539,3392,6148,1441,1441,1,"{""other"": 1}",unclassified_source_item_metadata,[]
1442,other,CompiledRunner,E_16_32_3n1,METAL,0.002500019036233425,6144,21510,1442,1442,1,"{""other"": 1}",unclassified_source_item_metadata,[]
1443,other,CompiledRunner,r_16_96,METAL,0.003249966539442539,3392,6148,1443,1443,1,"{""other"": 1}",unclassified_source_item_metadata,[]
1444,other,CompiledRunner,r_256_16_96,METAL,0.005208305083215237,1253376,404484,1444,1444,1,"{""other"": 1}",unclassified_source_item_metadata,[]
1445,other,CompiledRunner,r_16_16,METAL,0.002500019036233425,832,1028,1445,1445,1,"{""other"": 1}",unclassified_source_item_metadata,[]
1446,other,CompiledRunner,E_2_32_4,METAL,0.007541617378592491,8768,2564,1446,1446,1,"{""other"": 1}",unclassified_source_item_metadata,[]
1447,other,CompiledRunner,E_192_4_8_16_4,METAL,0.0033333199098706245,0,3145732,1447,1447,1,"{""other"": 1}",unclassified_source_item_metadata,[]
1448,other,CompiledRunner,E_1120_4_8_16_4,METAL,0.006291666068136692,0,18350084,1448,1448,1,"{""other"": 1}",unclassified_source_item_metadata,[]
1449,other,CompiledRunner,r_1536_16_16,METAL,0.0038750004023313522,811008,1579008,1449,1449,1,"{""other"": 1}",unclassified_source_item_metadata,[]
1450,other,CompiledRunner,r_16_96,METAL,0.003249966539442539,3392,6148,1450,1450,1,"{""other"": 1}",unclassified_source_item_metadata,[]
1451,other,CompiledRunner,r_70_32_4_384_4,METAL,0.050875009037554264,27543040,13840384,1451,1451,1,"{""other"": 1}",unclassified_source_item_metadata,[]
1452,other,CompiledRunner,r_2048_16_96,METAL,0.012083328329026699,10027008,3171332,1452,1452,1,"{""other"": 1}",unclassified_source_item_metadata,[]
1453,other,CompiledRunner,r_35_16_16,METAL,0.002500019036233425,29120,35980,1453,1453,1,"{""other"": 1}",unclassified_source_item_metadata,[]
1454,other,CompiledRunner,r_8_16_16,METAL,0.002374988980591297,6656,8224,1454,1454,1,"{""other"": 1}",unclassified_source_item_metadata,[]
1455,other,CompiledRunner,r_35_4_16_4_64_4,METAL,0.012750038877129555,2338560,9247372,1455,1455,1,"{""other"": 1}",unclassified_source_item_metadata,[]
1456,other,CompiledRunner,E_16_2_16_4,METAL,0.0036249402910470963,37888,16928,1456,1456,1,"{""other"": 1}",unclassified_source_item_metadata,[]
1457,other,CompiledRunner,r_4_32_4_2_4_32,METAL,0.00900006853044033,2097152,548864,1457,1457,1,"{""other"": 1}",unclassified_source_item_metadata,[]
1458,other,CompiledRunner,r_8_16_32,METAL,0.00241666566580534,12288,16416,1458,1458,1,"{""other"": 1}",unclassified_source_item_metadata,[]
1459,other,CompiledRunner,r_8_16_32n1,METAL,0.002750079147517681,18560,16448,1459,1459,1,"{""other"": 1}",unclassified_source_item_metadata,[]
1460,other,CompiledRunner,r_2_32_4_2_4_64,METAL,0.07283338345587254,2197504,548928,1460,1460,1,"{""other"": 1}",unclassified_source_item_metadata,[]
1461,other,CompiledRunner,r_1536_16_128,METAL,0.14812499284744263,6709248,3166208,1461,1461,1,"{""other"": 1}",unclassified_source_item_metadata,[]
1462,other,CompiledRunner,r_16_96,METAL,0.003291643224656582,3392,6148,1462,1462,1,"{""other"": 1}",unclassified_source_item_metadata,[]
1463,other,CompiledRunner,E_16_32_3,METAL,0.002500019036233425,4608,21508,1463,1463,1,"{""other"": 1}",unclassified_source_item_metadata,[]
1464,other,CompiledRunner,r_16_96,METAL,0.003249966539442539,3392,6148,1464,1464,1,"{""other"": 1}",unclassified_source_item_metadata,[]
1465,other,CompiledRunner,r_128_32_3_384_4,METAL,0.0563750509172678,44064768,18981892,1465,1465,1,"{""other"": 1}",unclassified_source_item_metadata,[]
1466,other,CompiledRunner,r_1536_16_384,METAL,0.04312500823289156,113664000,9498624,1466,1466,1,"{""other"": 1}",unclassified_source_item_metadata,[]
1467,other,CompiledRunner,r_16_96,METAL,0.003041583113372326,3392,6148,1467,1467,1,"{""other"": 1}",unclassified_source_item_metadata,[]
1468,other,CompiledRunner,E_16_32_3,METAL,0.0027082860469818115,4608,21508,1468,1468,1,"{""other"": 1}",unclassified_source_item_metadata,[]
1469,other,CompiledRunner,r_256_16_96n1,METAL,0.004999921657145023,897024,417792,1469,1469,1,"{""other"": 1}",unclassified_source_item_metadata,[]
1470,other,CompiledRunner,r_1536_16_16n1,METAL,0.0038333237171173096,1204224,406528,1470,1470,1,"{""other"": 1}",unclassified_source_item_metadata,[]
1471,other,CompiledRunner,r_16_96,METAL,0.003125052899122238,3392,6148,1471,1471,1,"{""other"": 1}",unclassified_source_item_metadata,[]
1472,other,CompiledRunner,E_16_32_3n1,METAL,0.0027082860469818115,6144,21510,1472,1472,1,"{""other"": 1}",unclassified_source_item_metadata,[]
1473,other,CompiledRunner,r_16_96,METAL,0.003249966539442539,3392,6148,1473,1473,1,"{""other"": 1}",unclassified_source_item_metadata,[]
1474,other,CompiledRunner,r_2048_16_96,METAL,0.013458309695124626,10027008,3171332,1474,1474,1,"{""other"": 1}",unclassified_source_item_metadata,[]
1475,other,CompiledRunner,r_8_16_16,METAL,0.002374988980591297,6656,8224,1475,1475,1,"{""other"": 1}",unclassified_source_item_metadata,[]
1476,other,CompiledRunner,E_16_2_16_4,METAL,0.003541703335940838,37888,16928,1476,1476,1,"{""other"": 1}",unclassified_source_item_metadata,[]
1477,other,CompiledRunner,r_4_32_4_2_4_32,METAL,0.008916715160012245,2097152,548864,1477,1477,1,"{""other"": 1}",unclassified_source_item_metadata,[]
1478,other,CompiledRunner,r_8_16_32,METAL,0.002500019036233425,12288,16416,1478,1478,1,"{""other"": 1}",unclassified_source_item_metadata,[]
1479,other,CompiledRunner,r_8_16_32n1,METAL,0.0030833762139081955,18560,16448,1479,1479,1,"{""other"": 1}",unclassified_source_item_metadata,[]
1480,other,CompiledRunner,r_2_32_4_2_4_64,METAL,0.016000005416572094,2197504,548928,1480,1480,1,"{""other"": 1}",unclassified_source_item_metadata,[]
1481,other,CompiledRunner,r_1536_16_128,METAL,0.009624985978007317,6709248,3166208,1481,1481,1,"{""other"": 1}",unclassified_source_item_metadata,[]
1482,other,CompiledRunner,r_16_96,METAL,0.003291643224656582,3392,6148,1482,1482,1,"{""other"": 1}",unclassified_source_item_metadata,[]
1483,other,CompiledRunner,E_16_32_3,METAL,0.00241666566580534,4608,21508,1483,1483,1,"{""other"": 1}",unclassified_source_item_metadata,[]
1484,other,CompiledRunner,r_16_96,METAL,0.003249966539442539,3392,6148,1484,1484,1,"{""other"": 1}",unclassified_source_item_metadata,[]
1485,other,CompiledRunner,r_128_32_3_384_4,METAL,0.055999960750341415,44064768,18981892,1485,1485,1,"{""other"": 1}",unclassified_source_item_metadata,[]
1486,other,CompiledRunner,r_1536_16_384,METAL,0.042333267629146576,113664000,9498624,1486,1486,1,"{""other"": 1}",unclassified_source_item_metadata,[]
1487,other,CompiledRunner,r_16_96,METAL,0.0032082898542284966,3392,6148,1487,1487,1,"{""other"": 1}",unclassified_source_item_metadata,[]
1488,other,CompiledRunner,E_16_32_3,METAL,0.002500019036233425,4608,21508,1488,1488,1,"{""other"": 1}",unclassified_source_item_metadata,[]
1489,other,CompiledRunner,r_256_16_96n2,METAL,0.004708301275968552,897024,417792,1489,1489,1,"{""other"": 1}",unclassified_source_item_metadata,[]
1490,other,CompiledRunner,r_1536_16_16n1,METAL,0.0038333237171173096,1204224,406528,1490,1490,1,"{""other"": 1}",unclassified_source_item_metadata,[]
1491,other,CompiledRunner,r_16_96,METAL,0.003249966539442539,3392,6148,1491,1491,1,"{""other"": 1}",unclassified_source_item_metadata,[]
1492,other,CompiledRunner,E_16_32_3n1,METAL,0.002500019036233425,6144,21510,1492,1492,1,"{""other"": 1}",unclassified_source_item_metadata,[]
1493,other,CompiledRunner,r_16_96,METAL,0.00300002284348011,3392,6148,1493,1493,1,"{""other"": 1}",unclassified_source_item_metadata,[]
1494,other,CompiledRunner,r_2048_16_96,METAL,0.03350002225488424,10027008,3171332,1494,1494,1,"{""other"": 1}",unclassified_source_item_metadata,[]
1495,other,CompiledRunner,r_8_16_16,METAL,0.04712503869086504,6656,8224,1495,1495,1,"{""other"": 1}",unclassified_source_item_metadata,[]
1496,other,CompiledRunner,E_16_2_16_4,METAL,0.05612499080598354,37888,16928,1496,1496,1,"{""other"": 1}",unclassified_source_item_metadata,[]
1497,other,CompiledRunner,r_4_32_4_2_4_32,METAL,0.009499955922365189,2097152,548864,1497,1497,1,"{""other"": 1}",unclassified_source_item_metadata,[]
1498,other,CompiledRunner,r_8_16_32,METAL,0.0024583423510193825,12288,16416,1498,1498,1,"{""other"": 1}",unclassified_source_item_metadata,[]
1499,other,CompiledRunner,r_8_16_32n1,METAL,0.003166729584336281,18560,16448,1499,1499,1,"{""other"": 1}",unclassified_source_item_metadata,[]
1500,other,CompiledRunner,r_2_32_4_2_4_64,METAL,0.015750061720609665,2197504,548928,1500,1500,1,"{""other"": 1}",unclassified_source_item_metadata,[]
1501,other,CompiledRunner,r_1536_16_128,METAL,0.00983336940407753,6709248,3166208,1501,1501,1,"{""other"": 1}",unclassified_source_item_metadata,[]
1502,other,CompiledRunner,r_16_96,METAL,0.003166729584336281,3392,6148,1502,1502,1,"{""other"": 1}",unclassified_source_item_metadata,[]
1503,other,CompiledRunner,E_16_32_3,METAL,0.002500019036233425,4608,21508,1503,1503,1,"{""other"": 1}",unclassified_source_item_metadata,[]
1504,other,CompiledRunner,r_16_96,METAL,0.0031249364838004112,3392,6148,1504,1504,1,"{""other"": 1}",unclassified_source_item_metadata,[]
1505,other,CompiledRunner,r_128_32_3_384_4,METAL,0.06108335219323635,44064768,18981892,1505,1505,1,"{""other"": 1}",unclassified_source_item_metadata,[]
1506,other,CompiledRunner,r_1536_16_384,METAL,0.04270835779607296,113664000,9498624,1506,1506,1,"{""other"": 1}",unclassified_source_item_metadata,[]
1507,other,CompiledRunner,r_16_96,METAL,0.0030832597985863686,3392,6148,1507,1507,1,"{""other"": 1}",unclassified_source_item_metadata,[]
1508,other,CompiledRunner,E_16_32_3,METAL,0.00241666566580534,4608,21508,1508,1508,1,"{""other"": 1}",unclassified_source_item_metadata,[]
1509,other,CompiledRunner,r_256_16_96n3,METAL,0.005125068128108978,897024,417792,1509,1509,1,"{""other"": 1}",unclassified_source_item_metadata,[]
1510,other,CompiledRunner,r_1536_16_16n1,METAL,0.00483333133161068,1204224,406528,1510,1510,1,"{""other"": 1}",unclassified_source_item_metadata,[]
1511,other,CompiledRunner,r_16_96,METAL,0.0032084062695503235,3392,6148,1511,1511,1,"{""other"": 1}",unclassified_source_item_metadata,[]
1512,other,CompiledRunner,E_16_32_3n1,METAL,0.002625049091875553,6144,21510,1512,1512,1,"{""other"": 1}",unclassified_source_item_metadata,[]
1513,other,CompiledRunner,r_16_96,METAL,0.0032084062695503235,3392,6148,1513,1513,1,"{""other"": 1}",unclassified_source_item_metadata,[]
1514,other,CompiledRunner,r_2048_16_96,METAL,0.011958414688706398,10027008,3171332,1514,1514,1,"{""other"": 1}",unclassified_source_item_metadata,[]
1515,other,CompiledRunner,r_8_16_16,METAL,0.002374988980591297,6656,8224,1515,1515,1,"{""other"": 1}",unclassified_source_item_metadata,[]
1516,other,CompiledRunner,E_16_2_16_4,METAL,0.003374996595084667,37888,16928,1516,1516,1,"{""other"": 1}",unclassified_source_item_metadata,[]
1517,other,CompiledRunner,r_4_32_4_2_4_32,METAL,0.009624985978007317,2097152,548864,1517,1517,1,"{""other"": 1}",unclassified_source_item_metadata,[]
1518,other,CompiledRunner,r_8_16_32,METAL,0.002500019036233425,12288,16416,1518,1518,1,"{""other"": 1}",unclassified_source_item_metadata,[]
1519,other,CompiledRunner,r_8_16_32n1,METAL,0.00300002284348011,18560,16448,1519,1519,1,"{""other"": 1}",unclassified_source_item_metadata,[]
1520,other,CompiledRunner,r_2_32_4_2_4_64,METAL,0.01608335878700018,2197504,548928,1520,1520,1,"{""other"": 1}",unclassified_source_item_metadata,[]
1521,other,CompiledRunner,r_1536_16_128,METAL,0.009458279237151146,6709248,3166208,1521,1521,1,"{""other"": 1}",unclassified_source_item_metadata,[]
1522,other,CompiledRunner,r_16_96,METAL,0.003125052899122238,3392,6148,1522,1522,1,"{""other"": 1}",unclassified_source_item_metadata,[]
1523,other,CompiledRunner,E_16_32_3,METAL,0.002374988980591297,4608,21508,1523,1523,1,"{""other"": 1}",unclassified_source_item_metadata,[]
1524,other,CompiledRunner,r_16_96,METAL,0.003249966539442539,3392,6148,1524,1524,1,"{""other"": 1}",unclassified_source_item_metadata,[]
1525,other,CompiledRunner,r_128_32_3_384_4,METAL,0.058166682720184326,44064768,18981892,1525,1525,1,"{""other"": 1}",unclassified_source_item_metadata,[]
1526,other,CompiledRunner,r_1536_16_384,METAL,0.04245841410011053,113664000,9498624,1526,1526,1,"{""other"": 1}",unclassified_source_item_metadata,[]
1527,other,CompiledRunner,r_16_96,METAL,0.003125052899122238,3392,6148,1527,1527,1,"{""other"": 1}",unclassified_source_item_metadata,[]
1528,other,CompiledRunner,E_16_32_3,METAL,0.007583410479128361,4608,21508,1528,1528,1,"{""other"": 1}",unclassified_source_item_metadata,[]
1529,other,CompiledRunner,r_256_16_96n4,METAL,0.02912490162998438,897024,417792,1529,1529,1,"{""other"": 1}",unclassified_source_item_metadata,[]
1530,other,CompiledRunner,r_1536_16_16n1,METAL,0.22633327171206474,1204224,406528,1530,1530,1,"{""other"": 1}",unclassified_source_item_metadata,[]
1531,other,CompiledRunner,r_16_96,METAL,0.003291643224656582,3392,6148,1531,1531,1,"{""other"": 1}",unclassified_source_item_metadata,[]
1532,other,CompiledRunner,E_16_32_3n1,METAL,0.002624932676553726,6144,21510,1532,1532,1,"{""other"": 1}",unclassified_source_item_metadata,[]
1533,other,CompiledRunner,r_16_96,METAL,0.003166613169014454,3392,6148,1533,1533,1,"{""other"": 1}",unclassified_source_item_metadata,[]
1534,other,CompiledRunner,r_32_32_4_384_4,METAL,0.062125036492943764,14163968,6333444,1534,1534,1,"{""other"": 1}",unclassified_source_item_metadata,[]
1535,other,CompiledRunner,r_8_16_32n2,METAL,0.0031249364838004112,10752,16416,1535,1535,1,"{""other"": 1}",unclassified_source_item_metadata,[]
1536,other,CompiledRunner,E_8_2_16_4_4,METAL,0.008875038474798203,95488,33824,1536,1536,1,"{""other"": 1}",unclassified_source_item_metadata,[]
1537,other,CompiledRunner,r_8_(gemma_start_pos_window+1)_16_32,METAL,0.007791677489876747,7208960,1482784,1537,1537,1,"{""other"": 1}",unclassified_source_item_metadata,[]
1538,other,CompiledRunner,r_2_4_(gemma_start_pos_window+1),METAL,0.10158331133425236,11266,22560,1538,1538,1,"{""other"": 1}",unclassified_source_item_metadata,[]
1539,other,CompiledRunner,r_2_4_(gemma_start_pos_window+1)n1,METAL,0.10912504512816668,22538,22592,1539,1539,1,"{""other"": 1}",unclassified_source_item_metadata,[]
1540,other,CompiledRunner,E_(gemma_start_pos_window+1)_2_4,METAL,0.002749962732195854,22528,45120,1540,1540,1,"{""other"": 1}",unclassified_source_item_metadata,[]
1541,other,CompiledRunner,r_8_2_16_4_4_(gemma_start_pos_window+1),METAL,0.21033326629549265,5767424,1482784,1541,1541,1,"{""other"": 1}",unclassified_source_item_metadata,[]
1542,other,CompiledRunner,r_1536_16_256,METAL,0.01779163721948862,13000704,6320128,1542,1542,1,"{""other"": 1}",unclassified_source_item_metadata,[]
1543,other,CompiledRunner,r_16_96,METAL,0.003374996595084667,3392,6148,1543,1543,1,"{""other"": 1}",unclassified_source_item_metadata,[]
1544,other,CompiledRunner,E_16_32_3,METAL,0.0024583423510193825,4608,21508,1544,1544,1,"{""other"": 1}",unclassified_source_item_metadata,[]
1545,other,CompiledRunner,r_16_96,METAL,0.003041699528694153,3392,6148,1545,1545,1,"{""other"": 1}",unclassified_source_item_metadata,[]
1546,other,CompiledRunner,r_128_32_3_384_4,METAL,0.06045831833034754,44064768,18981892,1546,1546,1,"{""other"": 1}",unclassified_source_item_metadata,[]
1547,other,CompiledRunner,r_1536_16_384,METAL,0.042749918065965176,113664000,9498624,1547,1547,1,"{""other"": 1}",unclassified_source_item_metadata,[]
1548,other,CompiledRunner,r_16_96,METAL,0.003291643224656582,3392,6148,1548,1548,1,"{""other"": 1}",unclassified_source_item_metadata,[]
1549,other,CompiledRunner,E_16_32_3,METAL,0.002500019036233425,4608,21508,1549,1549,1,"{""other"": 1}",unclassified_source_item_metadata,[]
1550,other,CompiledRunner,r_256_16_96n5,METAL,0.004958244971930981,897024,417792,1550,1550,1,"{""other"": 1}",unclassified_source_item_metadata,[]
1551,other,CompiledRunner,r_1536_16_16n1,METAL,0.003666616976261139,1204224,406528,1551,1551,1,"{""other"": 1}",unclassified_source_item_metadata,[]
1552,other,CompiledRunner,r_16_96,METAL,0.003166613169014454,3392,6148,1552,1552,1,"{""other"": 1}",unclassified_source_item_metadata,[]
1553,other,CompiledRunner,E_16_32_3n1,METAL,0.002500019036233425,6144,21510,1553,1553,1,"{""other"": 1}",unclassified_source_item_metadata,[]
1554,other,CompiledRunner,r_16_96,METAL,0.003125052899122238,3392,6148,1554,1554,1,"{""other"": 1}",unclassified_source_item_metadata,[]
1555,other,CompiledRunner,r_2048_16_96,METAL,0.011499971151351929,10027008,3171332,1555,1555,1,"{""other"": 1}",unclassified_source_item_metadata,[]
1556,other,CompiledRunner,r_8_16_16,METAL,0.00241666566580534,6656,8224,1556,1556,1,"{""other"": 1}",unclassified_source_item_metadata,[]
1557,other,CompiledRunner,E_16_2_16_4,METAL,0.003666733391582966,37888,16928,1557,1557,1,"{""other"": 1}",unclassified_source_item_metadata,[]
1558,other,CompiledRunner,r_4_32_4_2_4_32,METAL,0.009249895811080933,2097152,548864,1558,1558,1,"{""other"": 1}",unclassified_source_item_metadata,[]
1559,other,CompiledRunner,r_8_16_32,METAL,0.00241666566580534,12288,16416,1559,1559,1,"{""other"": 1}",unclassified_source_item_metadata,[]
1560,other,CompiledRunner,r_8_16_32n1,METAL,0.015333411283791065,18560,16448,1560,1560,1,"{""other"": 1}",unclassified_source_item_metadata,[]
1561,other,CompiledRunner,r_2_32_4_2_4_64,METAL,0.048041692934930325,2197504,548928,1561,1561,1,"{""other"": 1}",unclassified_source_item_metadata,[]
1562,other,CompiledRunner,r_1536_16_128,METAL,0.05712499842047691,6709248,3166208,1562,1562,1,"{""other"": 1}",unclassified_source_item_metadata,[]
1563,other,CompiledRunner,r_16_96,METAL,0.003166613169014454,3392,6148,1563,1563,1,"{""other"": 1}",unclassified_source_item_metadata,[]
1564,other,CompiledRunner,E_16_32_3,METAL,0.0027082860469818115,4608,21508,1564,1564,1,"{""other"": 1}",unclassified_source_item_metadata,[]
1565,other,CompiledRunner,r_16_96,METAL,0.003125052899122238,3392,6148,1565,1565,1,"{""other"": 1}",unclassified_source_item_metadata,[]
1566,other,CompiledRunner,r_128_32_3_384_4,METAL,0.06724998820573092,44064768,18981892,1566,1566,1,"{""other"": 1}",unclassified_source_item_metadata,[]
1567,other,CompiledRunner,r_1536_16_384,METAL,0.04312500823289156,113664000,9498624,1567,1567,1,"{""other"": 1}",unclassified_source_item_metadata,[]
1568,other,CompiledRunner,r_16_96,METAL,0.003249966539442539,3392,6148,1568,1568,1,"{""other"": 1}",unclassified_source_item_metadata,[]
1569,other,CompiledRunner,E_16_32_3,METAL,0.002541695721447468,4608,21508,1569,1569,1,"{""other"": 1}",unclassified_source_item_metadata,[]
1570,other,CompiledRunner,r_256_16_96n6,METAL,0.00500003807246685,897024,417792,1570,1570,1,"{""other"": 1}",unclassified_source_item_metadata,[]
1571,other,CompiledRunner,r_1536_16_16n1,METAL,0.0037499703466892242,1204224,406528,1571,1571,1,"{""other"": 1}",unclassified_source_item_metadata,[]
1572,other,CompiledRunner,r_16_96,METAL,0.003166729584336281,3392,6148,1572,1572,1,"{""other"": 1}",unclassified_source_item_metadata,[]
1573,other,CompiledRunner,E_16_32_3n1,METAL,0.002625049091875553,6144,21510,1573,1573,1,"{""other"": 1}",unclassified_source_item_metadata,[]
1574,other,CompiledRunner,r_16_96,METAL,0.003166729584336281,3392,6148,1574,1574,1,"{""other"": 1}",unclassified_source_item_metadata,[]
1575,other,CompiledRunner,r_2048_16_96,METAL,0.012125005014240742,10027008,3171332,1575,1575,1,"{""other"": 1}",unclassified_source_item_metadata,[]
1576,other,CompiledRunner,r_8_16_16,METAL,0.002374988980591297,6656,8224,1576,1576,1,"{""other"": 1}",unclassified_source_item_metadata,[]
1577,other,CompiledRunner,E_16_2_16_4,METAL,0.0035832636058330536,37888,16928,1577,1577,1,"{""other"": 1}",unclassified_source_item_metadata,[]
1578,other,CompiledRunner,r_4_32_4_2_4_32,METAL,0.009375042282044888,2097152,548864,1578,1578,1,"{""other"": 1}",unclassified_source_item_metadata,[]
1579,other,CompiledRunner,r_8_16_32,METAL,0.002541695721447468,12288,16416,1579,1579,1,"{""other"": 1}",unclassified_source_item_metadata,[]
1580,other,CompiledRunner,r_8_16_32n1,METAL,0.00300002284348011,18560,16448,1580,1580,1,"{""other"": 1}",unclassified_source_item_metadata,[]
1581,other,CompiledRunner,r_2_32_4_2_4_64,METAL,0.015833298675715923,2197504,548928,1581,1581,1,"{""other"": 1}",unclassified_source_item_metadata,[]
1582,other,CompiledRunner,r_1536_16_128,METAL,0.009791692718863487,6709248,3166208,1582,1582,1,"{""other"": 1}",unclassified_source_item_metadata,[]
1583,other,CompiledRunner,r_16_96,METAL,0.003291643224656582,3392,6148,1583,1583,1,"{""other"": 1}",unclassified_source_item_metadata,[]
1584,other,CompiledRunner,E_16_32_3,METAL,0.0024583423510193825,4608,21508,1584,1584,1,"{""other"": 1}",unclassified_source_item_metadata,[]
1585,other,CompiledRunner,r_16_96,METAL,0.003291643224656582,3392,6148,1585,1585,1,"{""other"": 1}",unclassified_source_item_metadata,[]
1586,other,CompiledRunner,r_128_32_3_384_4,METAL,0.061249942518770695,44064768,18981892,1586,1586,1,"{""other"": 1}",unclassified_source_item_metadata,[]
1587,other,CompiledRunner,r_1536_16_384,METAL,0.042749918065965176,113664000,9498624,1587,1587,1,"{""other"": 1}",unclassified_source_item_metadata,[]
1588,other,CompiledRunner,r_16_96,METAL,0.003166729584336281,3392,6148,1588,1588,1,"{""other"": 1}",unclassified_source_item_metadata,[]
1589,other,CompiledRunner,E_16_32_3,METAL,0.002625049091875553,4608,21508,1589,1589,1,"{""other"": 1}",unclassified_source_item_metadata,[]
1590,other,CompiledRunner,r_256_16_96n7,METAL,0.004791771061718464,897024,417792,1590,1590,1,"{""other"": 1}",unclassified_source_item_metadata,[]
1591,other,CompiledRunner,r_1536_16_16n1,METAL,0.0037499703466892242,1204224,406528,1591,1591,1,"{""other"": 1}",unclassified_source_item_metadata,[]
1592,other,CompiledRunner,r_16_96,METAL,0.003249966539442539,3392,6148,1592,1592,1,"{""other"": 1}",unclassified_source_item_metadata,[]
1593,other,CompiledRunner,E_16_32_3n1,METAL,0.008499948307871819,6144,21510,1593,1593,1,"{""other"": 1}",unclassified_source_item_metadata,[]
1594,other,CompiledRunner,r_16_96,METAL,0.04650000482797623,3392,6148,1594,1594,1,"{""other"": 1}",unclassified_source_item_metadata,[]
1595,other,CompiledRunner,r_2048_16_96,METAL,0.15570828691124916,10027008,3171332,1595,1595,1,"{""other"": 1}",unclassified_source_item_metadata,[]
1596,other,CompiledRunner,r_8_16_16,METAL,0.002500019036233425,6656,8224,1596,1596,1,"{""other"": 1}",unclassified_source_item_metadata,[]
1597,other,CompiledRunner,E_16_2_16_4,METAL,0.0037082936614751816,37888,16928,1597,1597,1,"{""other"": 1}",unclassified_source_item_metadata,[]
1598,other,CompiledRunner,r_4_32_4_2_4_32,METAL,0.009375042282044888,2097152,548864,1598,1598,1,"{""other"": 1}",unclassified_source_item_metadata,[]
1599,other,CompiledRunner,r_8_16_32,METAL,0.002500019036233425,12288,16416,1599,1599,1,"{""other"": 1}",unclassified_source_item_metadata,[]
1600,other,CompiledRunner,r_8_16_32n1,METAL,0.0030833762139081955,18560,16448,1600,1600,1,"{""other"": 1}",unclassified_source_item_metadata,[]
1601,other,CompiledRunner,r_2_32_4_2_4_64,METAL,0.016249949112534523,2197504,548928,1601,1601,1,"{""other"": 1}",unclassified_source_item_metadata,[]
1602,other,CompiledRunner,r_1536_16_128,METAL,0.010041636414825916,6709248,3166208,1602,1602,1,"{""other"": 1}",unclassified_source_item_metadata,[]
1603,other,CompiledRunner,r_16_96,METAL,0.0033333199098706245,3392,6148,1603,1603,1,"{""other"": 1}",unclassified_source_item_metadata,[]
1604,other,CompiledRunner,E_16_32_3,METAL,0.002374988980591297,4608,21508,1604,1604,1,"{""other"": 1}",unclassified_source_item_metadata,[]
1605,other,CompiledRunner,r_16_96,METAL,0.0031249364838004112,3392,6148,1605,1605,1,"{""other"": 1}",unclassified_source_item_metadata,[]
1606,other,CompiledRunner,r_128_32_3_384_4,METAL,0.06687501445412636,44064768,18981892,1606,1606,1,"{""other"": 1}",unclassified_source_item_metadata,[]
1607,other,CompiledRunner,r_1536_16_384,METAL,0.04312500823289156,113664000,9498624,1607,1607,1,"{""other"": 1}",unclassified_source_item_metadata,[]
1608,other,CompiledRunner,r_16_96,METAL,0.003249966539442539,3392,6148,1608,1608,1,"{""other"": 1}",unclassified_source_item_metadata,[]
1609,other,CompiledRunner,E_16_32_3,METAL,0.002625049091875553,4608,21508,1609,1609,1,"{""other"": 1}",unclassified_source_item_metadata,[]
1610,other,CompiledRunner,r_256_16_96n8,METAL,0.005249981768429279,897024,417792,1610,1610,1,"{""other"": 1}",unclassified_source_item_metadata,[]
1611,other,CompiledRunner,r_1536_16_16n1,METAL,0.003750086762011051,1204224,406528,1611,1611,1,"{""other"": 1}",unclassified_source_item_metadata,[]
1612,other,CompiledRunner,r_16_96,METAL,0.003249966539442539,3392,6148,1612,1612,1,"{""other"": 1}",unclassified_source_item_metadata,[]
1613,other,CompiledRunner,E_16_32_3n1,METAL,0.002500019036233425,6144,21510,1613,1613,1,"{""other"": 1}",unclassified_source_item_metadata,[]
1614,other,CompiledRunner,r_16_96,METAL,0.0033333199098706245,3392,6148,1614,1614,1,"{""other"": 1}",unclassified_source_item_metadata,[]
1615,other,CompiledRunner,r_256_16_96,METAL,0.004916684702038765,1253376,404484,1615,1615,1,"{""other"": 1}",unclassified_source_item_metadata,[]
1616,other,CompiledRunner,r_16_16,METAL,0.002624932676553726,832,1028,1616,1616,1,"{""other"": 1}",unclassified_source_item_metadata,[]
1617,other,CompiledRunner,E_2_32_4n1,METAL,0.0024583423510193825,256,2052,1617,1617,1,"{""other"": 1}",unclassified_source_item_metadata,[]
1618,other,CompiledRunner,E_192_4_8_16_4,METAL,0.0034583499655127525,0,3145732,1618,1618,1,"{""other"": 1}",unclassified_source_item_metadata,[]
1619,other,CompiledRunner,E_1120_4_8_16_4,METAL,0.006249989382922649,0,18350084,1619,1619,1,"{""other"": 1}",unclassified_source_item_metadata,[]
1620,other,CompiledRunner,r_1536_16_16,METAL,0.003916560672223568,811008,1579008,1620,1620,1,"{""other"": 1}",unclassified_source_item_metadata,[]
1621,other,CompiledRunner,r_16_96,METAL,0.003249966539442539,3392,6148,1621,1621,1,"{""other"": 1}",unclassified_source_item_metadata,[]
1622,other,CompiledRunner,r_70_32_4_384_4,METAL,0.05004159174859524,27543040,13840384,1622,1622,1,"{""other"": 1}",unclassified_source_item_metadata,[]
1623,other,CompiledRunner,r_2048_16_96,METAL,0.012041651643812656,10027008,3171332,1623,1623,1,"{""other"": 1}",unclassified_source_item_metadata,[]
1624,other,CompiledRunner,r_35_16_16,METAL,0.0024583423510193825,29120,35980,1624,1624,1,"{""other"": 1}",unclassified_source_item_metadata,[]
1625,other,CompiledRunner,r_8_16_16,METAL,0.0023333122953772545,6656,8224,1625,1625,1,"{""other"": 1}",unclassified_source_item_metadata,[]
1626,other,CompiledRunner,r_35_4_16_4_64_4,METAL,0.012958305887877941,2338560,9247372,1626,1626,1,"{""other"": 1}",unclassified_source_item_metadata,[]
1627,other,CompiledRunner,E_16_2_16_4,METAL,0.00841671135276556,37888,16928,1627,1627,1,"{""other"": 1}",unclassified_source_item_metadata,[]
1628,other,CompiledRunner,r_4_32_4_2_4_32,METAL,0.06529164966195822,2097152,548864,1628,1628,1,"{""other"": 1}",unclassified_source_item_metadata,[]
1629,other,CompiledRunner,r_8_16_32,METAL,0.1521250233054161,12288,16416,1629,1629,1,"{""other"": 1}",unclassified_source_item_metadata,[]
1630,other,CompiledRunner,r_8_16_32n1,METAL,0.00300002284348011,18560,16448,1630,1630,1,"{""other"": 1}",unclassified_source_item_metadata,[]
1631,other,CompiledRunner,r_2_32_4_2_4_64,METAL,0.015874975360929966,2197504,548928,1631,1631,1,"{""other"": 1}",unclassified_source_item_metadata,[]
1632,other,CompiledRunner,r_1536_16_128,METAL,0.01025001984089613,6709248,3166208,1632,1632,1,"{""other"": 1}",unclassified_source_item_metadata,[]
1633,other,CompiledRunner,r_16_96,METAL,0.0032082898542284966,3392,6148,1633,1633,1,"{""other"": 1}",unclassified_source_item_metadata,[]
1634,other,CompiledRunner,E_16_32_3,METAL,0.002499902620911598,4608,21508,1634,1634,1,"{""other"": 1}",unclassified_source_item_metadata,[]
1635,other,CompiledRunner,r_16_96,METAL,0.003249966539442539,3392,6148,1635,1635,1,"{""other"": 1}",unclassified_source_item_metadata,[]
1636,other,CompiledRunner,r_128_32_3_384_4,METAL,0.057166675105690956,44064768,18981892,1636,1636,1,"{""other"": 1}",unclassified_source_item_metadata,[]
1637,other,CompiledRunner,r_1536_16_384,METAL,0.04270835779607296,113664000,9498624,1637,1637,1,"{""other"": 1}",unclassified_source_item_metadata,[]
1638,other,CompiledRunner,r_16_96,METAL,0.003041583113372326,3392,6148,1638,1638,1,"{""other"": 1}",unclassified_source_item_metadata,[]
1639,other,CompiledRunner,E_16_32_3,METAL,0.002500019036233425,4608,21508,1639,1639,1,"{""other"": 1}",unclassified_source_item_metadata,[]
1640,other,CompiledRunner,r_256_16_96n1,METAL,0.004916684702038765,897024,417792,1640,1640,1,"{""other"": 1}",unclassified_source_item_metadata,[]
1641,other,CompiledRunner,r_1536_16_16n1,METAL,0.003625056706368923,1204224,406528,1641,1641,1,"{""other"": 1}",unclassified_source_item_metadata,[]
1642,other,CompiledRunner,r_16_96,METAL,0.003041699528694153,3392,6148,1642,1642,1,"{""other"": 1}",unclassified_source_item_metadata,[]
1643,other,CompiledRunner,E_16_32_3n1,METAL,0.0025832559913396835,6144,21510,1643,1643,1,"{""other"": 1}",unclassified_source_item_metadata,[]
1644,other,CompiledRunner,r_16_96,METAL,0.003166613169014454,3392,6148,1644,1644,1,"{""other"": 1}",unclassified_source_item_metadata,[]
1645,other,CompiledRunner,r_2048_16_96,METAL,0.011874944902956486,10027008,3171332,1645,1645,1,"{""other"": 1}",unclassified_source_item_metadata,[]
1646,other,CompiledRunner,r_8_16_16,METAL,0.002291635610163212,6656,8224,1646,1646,1,"{""other"": 1}",unclassified_source_item_metadata,[]
1647,other,CompiledRunner,E_16_2_16_4,METAL,0.0038750004023313522,37888,16928,1647,1647,1,"{""other"": 1}",unclassified_source_item_metadata,[]
1648,other,CompiledRunner,r_4_32_4_2_4_32,METAL,0.009208335541188717,2097152,548864,1648,1648,1,"{""other"": 1}",unclassified_source_item_metadata,[]
1649,other,CompiledRunner,r_8_16_32,METAL,0.002374988980591297,12288,16416,1649,1649,1,"{""other"": 1}",unclassified_source_item_metadata,[]
1650,other,CompiledRunner,r_8_16_32n1,METAL,0.003041699528694153,18560,16448,1650,1650,1,"{""other"": 1}",unclassified_source_item_metadata,[]
1651,other,CompiledRunner,r_2_32_4_2_4_64,METAL,0.016000005416572094,2197504,548928,1651,1651,1,"{""other"": 1}",unclassified_source_item_metadata,[]
1652,other,CompiledRunner,r_1536_16_128,METAL,0.009750016033649445,6709248,3166208,1652,1652,1,"{""other"": 1}",unclassified_source_item_metadata,[]
1653,other,CompiledRunner,r_16_96,METAL,0.003166729584336281,3392,6148,1653,1653,1,"{""other"": 1}",unclassified_source_item_metadata,[]
1654,other,CompiledRunner,E_16_32_3,METAL,0.002499902620911598,4608,21508,1654,1654,1,"{""other"": 1}",unclassified_source_item_metadata,[]
1655,other,CompiledRunner,r_16_96,METAL,0.003374996595084667,3392,6148,1655,1655,1,"{""other"": 1}",unclassified_source_item_metadata,[]
1656,other,CompiledRunner,r_128_32_3_384_4,METAL,0.05695829167962074,44064768,18981892,1656,1656,1,"{""other"": 1}",unclassified_source_item_metadata,[]
1657,other,CompiledRunner,r_1536_16_384,METAL,0.04225003067404032,113664000,9498624,1657,1657,1,"{""other"": 1}",unclassified_source_item_metadata,[]
1658,other,CompiledRunner,r_16_96,METAL,0.003249966539442539,3392,6148,1658,1658,1,"{""other"": 1}",unclassified_source_item_metadata,[]
1659,other,CompiledRunner,E_16_32_3,METAL,0.002500019036233425,4608,21508,1659,1659,1,"{""other"": 1}",unclassified_source_item_metadata,[]
1660,other,CompiledRunner,r_256_16_96n2,METAL,0.004958244971930981,897024,417792,1660,1660,1,"{""other"": 1}",unclassified_source_item_metadata,[]
1661,other,CompiledRunner,r_1536_16_16n1,METAL,0.009499955922365189,1204224,406528,1661,1661,1,"{""other"": 1}",unclassified_source_item_metadata,[]
1662,other,CompiledRunner,r_16_96,METAL,0.0031249364838004112,3392,6148,1662,1662,1,"{""other"": 1}",unclassified_source_item_metadata,[]
1663,other,CompiledRunner,E_16_32_3n1,METAL,0.05112495273351669,6144,21510,1663,1663,1,"{""other"": 1}",unclassified_source_item_metadata,[]
1664,other,CompiledRunner,r_16_96,METAL,0.07050007116049528,3392,6148,1664,1664,1,"{""other"": 1}",unclassified_source_item_metadata,[]
1665,other,CompiledRunner,r_2048_16_96,METAL,0.012499978765845299,10027008,3171332,1665,1665,1,"{""other"": 1}",unclassified_source_item_metadata,[]
1666,other,CompiledRunner,r_8_16_16,METAL,0.0024583423510193825,6656,8224,1666,1666,1,"{""other"": 1}",unclassified_source_item_metadata,[]
1667,other,CompiledRunner,E_16_2_16_4,METAL,0.0036249402910470963,37888,16928,1667,1667,1,"{""other"": 1}",unclassified_source_item_metadata,[]
1668,other,CompiledRunner,r_4_32_4_2_4_32,METAL,0.009208335541188717,2097152,548864,1668,1668,1,"{""other"": 1}",unclassified_source_item_metadata,[]
1669,other,CompiledRunner,r_8_16_32,METAL,0.002500019036233425,12288,16416,1669,1669,1,"{""other"": 1}",unclassified_source_item_metadata,[]
1670,other,CompiledRunner,r_8_16_32n1,METAL,0.002874992787837982,18560,16448,1670,1670,1,"{""other"": 1}",unclassified_source_item_metadata,[]
1671,other,CompiledRunner,r_2_32_4_2_4_64,METAL,0.016125035472214222,2197504,548928,1671,1671,1,"{""other"": 1}",unclassified_source_item_metadata,[]
1672,other,CompiledRunner,r_1536_16_128,METAL,0.00983336940407753,6709248,3166208,1672,1672,1,"{""other"": 1}",unclassified_source_item_metadata,[]
1673,other,CompiledRunner,r_16_96,METAL,0.0032084062695503235,3392,6148,1673,1673,1,"{""other"": 1}",unclassified_source_item_metadata,[]
1674,other,CompiledRunner,E_16_32_3,METAL,0.002500019036233425,4608,21508,1674,1674,1,"{""other"": 1}",unclassified_source_item_metadata,[]
1675,other,CompiledRunner,r_16_96,METAL,0.003125052899122238,3392,6148,1675,1675,1,"{""other"": 1}",unclassified_source_item_metadata,[]
1676,other,CompiledRunner,r_128_32_3_384_4,METAL,0.060999998822808266,44064768,18981892,1676,1676,1,"{""other"": 1}",unclassified_source_item_metadata,[]
1677,other,CompiledRunner,r_1536_16_384,METAL,0.04308333154767752,113664000,9498624,1677,1677,1,"{""other"": 1}",unclassified_source_item_metadata,[]
1678,other,CompiledRunner,r_16_96,METAL,0.003249966539442539,3392,6148,1678,1678,1,"{""other"": 1}",unclassified_source_item_metadata,[]
1679,other,CompiledRunner,E_16_32_3,METAL,0.002749962732195854,4608,21508,1679,1679,1,"{""other"": 1}",unclassified_source_item_metadata,[]
1680,other,CompiledRunner,r_256_16_96n3,METAL,0.00483333133161068,897024,417792,1680,1680,1,"{""other"": 1}",unclassified_source_item_metadata,[]
1681,other,CompiledRunner,r_1536_16_16n1,METAL,0.0037499703466892242,1204224,406528,1681,1681,1,"{""other"": 1}",unclassified_source_item_metadata,[]
1682,other,CompiledRunner,r_16_96,METAL,0.003125052899122238,3392,6148,1682,1682,1,"{""other"": 1}",unclassified_source_item_metadata,[]
1683,other,CompiledRunner,E_16_32_3n1,METAL,0.002500019036233425,6144,21510,1683,1683,1,"{""other"": 1}",unclassified_source_item_metadata,[]
1684,other,CompiledRunner,r_16_96,METAL,0.003166613169014454,3392,6148,1684,1684,1,"{""other"": 1}",unclassified_source_item_metadata,[]
1685,other,CompiledRunner,r_2048_16_96,METAL,0.011999974958598614,10027008,3171332,1685,1685,1,"{""other"": 1}",unclassified_source_item_metadata,[]
1686,other,CompiledRunner,r_8_16_16,METAL,0.002374988980591297,6656,8224,1686,1686,1,"{""other"": 1}",unclassified_source_item_metadata,[]
1687,other,CompiledRunner,E_16_2_16_4,METAL,0.003500026650726795,37888,16928,1687,1687,1,"{""other"": 1}",unclassified_source_item_metadata,[]
1688,other,CompiledRunner,r_4_32_4_2_4_32,METAL,0.00966666266322136,2097152,548864,1688,1688,1,"{""other"": 1}",unclassified_source_item_metadata,[]
1689,other,CompiledRunner,r_8_16_32,METAL,0.00241666566580534,12288,16416,1689,1689,1,"{""other"": 1}",unclassified_source_item_metadata,[]
1690,other,CompiledRunner,r_8_16_32n1,METAL,0.00300002284348011,18560,16448,1690,1690,1,"{""other"": 1}",unclassified_source_item_metadata,[]
1691,other,CompiledRunner,r_2_32_4_2_4_64,METAL,0.01595832873135805,2197504,548928,1691,1691,1,"{""other"": 1}",unclassified_source_item_metadata,[]
1692,other,CompiledRunner,r_1536_16_128,METAL,0.009624985978007317,6709248,3166208,1692,1692,1,"{""other"": 1}",unclassified_source_item_metadata,[]
1693,other,CompiledRunner,r_16_96,METAL,0.003249966539442539,3392,6148,1693,1693,1,"{""other"": 1}",unclassified_source_item_metadata,[]
1694,other,CompiledRunner,E_16_32_3,METAL,0.002374988980591297,4608,21508,1694,1694,1,"{""other"": 1}",unclassified_source_item_metadata,[]
1695,other,CompiledRunner,r_16_96,METAL,0.0032084062695503235,3392,6148,1695,1695,1,"{""other"": 1}",unclassified_source_item_metadata,[]
1696,other,CompiledRunner,r_128_32_3_384_4,METAL,0.08237501606345177,44064768,18981892,1696,1696,1,"{""other"": 1}",unclassified_source_item_metadata,[]
1697,other,CompiledRunner,r_1536_16_384,METAL,0.08837494533509016,113664000,9498624,1697,1697,1,"{""other"": 1}",unclassified_source_item_metadata,[]
1698,other,CompiledRunner,r_16_96,METAL,0.02820836380124092,3392,6148,1698,1698,1,"{""other"": 1}",unclassified_source_item_metadata,[]
1699,other,CompiledRunner,E_16_32_3,METAL,0.002625049091875553,4608,21508,1699,1699,1,"{""other"": 1}",unclassified_source_item_metadata,[]
1700,other,CompiledRunner,r_256_16_96n4,METAL,0.004749977961182594,897024,417792,1700,1700,1,"{""other"": 1}",unclassified_source_item_metadata,[]
1701,other,CompiledRunner,r_1536_16_16n1,METAL,0.003541586920619011,1204224,406528,1701,1701,1,"{""other"": 1}",unclassified_source_item_metadata,[]
1702,other,CompiledRunner,r_16_96,METAL,0.003291643224656582,3392,6148,1702,1702,1,"{""other"": 1}",unclassified_source_item_metadata,[]
1703,other,CompiledRunner,E_16_32_3n1,METAL,0.002500019036233425,6144,21510,1703,1703,1,"{""other"": 1}",unclassified_source_item_metadata,[]
1704,other,CompiledRunner,r_16_96,METAL,0.0032082898542284966,3392,6148,1704,1704,1,"{""other"": 1}",unclassified_source_item_metadata,[]
1705,other,CompiledRunner,r_32_32_4_384_4,METAL,0.06275007035583258,14163968,6333444,1705,1705,1,"{""other"": 1}",unclassified_source_item_metadata,[]
1706,other,CompiledRunner,r_8_16_32n2,METAL,0.0029999064281582832,10752,16416,1706,1706,1,"{""other"": 1}",unclassified_source_item_metadata,[]
1707,other,CompiledRunner,E_8_2_16_4_4,METAL,0.009124982170760632,95488,33824,1707,1707,1,"{""other"": 1}",unclassified_source_item_metadata,[]
1708,other,CompiledRunner,r_8_(gemma_start_pos_window+1)_16_32,METAL,0.007791677489876747,7208960,1482784,1708,1708,1,"{""other"": 1}",unclassified_source_item_metadata,[]
1709,other,CompiledRunner,r_2_4_(gemma_start_pos_window+1),METAL,0.10229158215224743,11266,22560,1709,1709,1,"{""other"": 1}",unclassified_source_item_metadata,[]
1710,other,CompiledRunner,r_2_4_(gemma_start_pos_window+1)n1,METAL,0.11024996638298035,22538,22592,1710,1710,1,"{""other"": 1}",unclassified_source_item_metadata,[]
1711,other,CompiledRunner,E_(gemma_start_pos_window+1)_2_4,METAL,0.003999914042651653,22528,45120,1711,1711,1,"{""other"": 1}",unclassified_source_item_metadata,[]
1712,other,CompiledRunner,r_8_2_16_4_4_(gemma_start_pos_window+1),METAL,0.2086249878630042,5767424,1482784,1712,1712,1,"{""other"": 1}",unclassified_source_item_metadata,[]
1713,other,CompiledRunner,r_1536_16_256,METAL,0.016708276234567165,13000704,6320128,1713,1713,1,"{""other"": 1}",unclassified_source_item_metadata,[]
1714,other,CompiledRunner,r_16_96,METAL,0.003125052899122238,3392,6148,1714,1714,1,"{""other"": 1}",unclassified_source_item_metadata,[]
1715,other,CompiledRunner,E_16_32_3,METAL,0.002500019036233425,4608,21508,1715,1715,1,"{""other"": 1}",unclassified_source_item_metadata,[]
1716,other,CompiledRunner,r_16_96,METAL,0.003249966539442539,3392,6148,1716,1716,1,"{""other"": 1}",unclassified_source_item_metadata,[]
1717,other,CompiledRunner,r_128_32_3_384_4,METAL,0.06062502507120371,44064768,18981892,1717,1717,1,"{""other"": 1}",unclassified_source_item_metadata,[]
1718,other,CompiledRunner,r_1536_16_384,METAL,0.04299997817724943,113664000,9498624,1718,1718,1,"{""other"": 1}",unclassified_source_item_metadata,[]
1719,other,CompiledRunner,r_16_96,METAL,0.0031249364838004112,3392,6148,1719,1719,1,"{""other"": 1}",unclassified_source_item_metadata,[]
1720,other,CompiledRunner,E_16_32_3,METAL,0.002541695721447468,4608,21508,1720,1720,1,"{""other"": 1}",unclassified_source_item_metadata,[]
1721,other,CompiledRunner,r_256_16_96n5,METAL,0.004791654646396637,897024,417792,1721,1721,1,"{""other"": 1}",unclassified_source_item_metadata,[]
1722,other,CompiledRunner,r_1536_16_16n1,METAL,0.0037499703466892242,1204224,406528,1722,1722,1,"{""other"": 1}",unclassified_source_item_metadata,[]
1723,other,CompiledRunner,r_16_96,METAL,0.003166729584336281,3392,6148,1723,1723,1,"{""other"": 1}",unclassified_source_item_metadata,[]
1724,other,CompiledRunner,E_16_32_3n1,METAL,0.002500019036233425,6144,21510,1724,1724,1,"{""other"": 1}",unclassified_source_item_metadata,[]
1725,other,CompiledRunner,r_16_96,METAL,0.0031249364838004112,3392,6148,1725,1725,1,"{""other"": 1}",unclassified_source_item_metadata,[]
1726,other,CompiledRunner,r_2048_16_96,METAL,0.01200009137392044,10027008,3171332,1726,1726,1,"{""other"": 1}",unclassified_source_item_metadata,[]
1727,other,CompiledRunner,r_8_16_16,METAL,0.002374988980591297,6656,8224,1727,1727,1,"{""other"": 1}",unclassified_source_item_metadata,[]
1728,other,CompiledRunner,E_16_2_16_4,METAL,0.0035832636058330536,37888,16928,1728,1728,1,"{""other"": 1}",unclassified_source_item_metadata,[]
1729,other,CompiledRunner,r_4_32_4_2_4_32,METAL,0.009416602551937103,2097152,548864,1729,1729,1,"{""other"": 1}",unclassified_source_item_metadata,[]
1730,other,CompiledRunner,r_8_16_32,METAL,0.00241666566580534,12288,16416,1730,1730,1,"{""other"": 1}",unclassified_source_item_metadata,[]
1731,other,CompiledRunner,r_8_16_32n1,METAL,0.04575005732476711,18560,16448,1731,1731,1,"{""other"": 1}",unclassified_source_item_metadata,[]
1732,other,CompiledRunner,r_2_32_4_2_4_64,METAL,0.08695840369910002,2197504,548928,1732,1732,1,"{""other"": 1}",unclassified_source_item_metadata,[]
1733,other,CompiledRunner,r_1536_16_128,METAL,0.009916606359183788,6709248,3166208,1733,1733,1,"{""other"": 1}",unclassified_source_item_metadata,[]
1734,other,CompiledRunner,r_16_96,METAL,0.003249966539442539,3392,6148,1734,1734,1,"{""other"": 1}",unclassified_source_item_metadata,[]
1735,other,CompiledRunner,E_16_32_3,METAL,0.002625049091875553,4608,21508,1735,1735,1,"{""other"": 1}",unclassified_source_item_metadata,[]
1736,other,CompiledRunner,r_16_96,METAL,0.003249966539442539,3392,6148,1736,1736,1,"{""other"": 1}",unclassified_source_item_metadata,[]
1737,other,CompiledRunner,r_128_32_3_384_4,METAL,0.06333331111818552,44064768,18981892,1737,1737,1,"{""other"": 1}",unclassified_source_item_metadata,[]
1738,other,CompiledRunner,r_1536_16_384,METAL,0.043208361603319645,113664000,9498624,1738,1738,1,"{""other"": 1}",unclassified_source_item_metadata,[]
1739,other,CompiledRunner,r_16_96,METAL,0.003249966539442539,3392,6148,1739,1739,1,"{""other"": 1}",unclassified_source_item_metadata,[]
1740,other,CompiledRunner,E_16_32_3,METAL,0.00241666566580534,4608,21508,1740,1740,1,"{""other"": 1}",unclassified_source_item_metadata,[]
1741,other,CompiledRunner,r_256_16_96n6,METAL,0.004749977961182594,897024,417792,1741,1741,1,"{""other"": 1}",unclassified_source_item_metadata,[]
1742,other,CompiledRunner,r_1536_16_16n1,METAL,0.0037499703466892242,1204224,406528,1742,1742,1,"{""other"": 1}",unclassified_source_item_metadata,[]
1743,other,CompiledRunner,r_16_96,METAL,0.0032084062695503235,3392,6148,1743,1743,1,"{""other"": 1}",unclassified_source_item_metadata,[]
1744,other,CompiledRunner,E_16_32_3n1,METAL,0.002625049091875553,6144,21510,1744,1744,1,"{""other"": 1}",unclassified_source_item_metadata,[]
1745,other,CompiledRunner,r_16_96,METAL,0.003125052899122238,3392,6148,1745,1745,1,"{""other"": 1}",unclassified_source_item_metadata,[]
1746,other,CompiledRunner,r_2048_16_96,METAL,0.01237494871020317,10027008,3171332,1746,1746,1,"{""other"": 1}",unclassified_source_item_metadata,[]
1747,other,CompiledRunner,r_8_16_16,METAL,0.002500019036233425,6656,8224,1747,1747,1,"{""other"": 1}",unclassified_source_item_metadata,[]
1748,other,CompiledRunner,E_16_2_16_4,METAL,0.003625056706368923,37888,16928,1748,1748,1,"{""other"": 1}",unclassified_source_item_metadata,[]
1749,other,CompiledRunner,r_4_32_4_2_4_32,METAL,0.00941671896725893,2097152,548864,1749,1749,1,"{""other"": 1}",unclassified_source_item_metadata,[]
1750,other,CompiledRunner,r_8_16_32,METAL,0.002374988980591297,12288,16416,1750,1750,1,"{""other"": 1}",unclassified_source_item_metadata,[]
1751,other,CompiledRunner,r_8_16_32n1,METAL,0.00300002284348011,18560,16448,1751,1751,1,"{""other"": 1}",unclassified_source_item_metadata,[]
1752,other,CompiledRunner,r_2_32_4_2_4_64,METAL,0.015999889001250267,2197504,548928,1752,1752,1,"{""other"": 1}",unclassified_source_item_metadata,[]
1753,other,CompiledRunner,r_1536_16_128,METAL,0.009833252988755703,6709248,3166208,1753,1753,1,"{""other"": 1}",unclassified_source_item_metadata,[]
1754,other,CompiledRunner,r_16_96,METAL,0.003250082954764366,3392,6148,1754,1754,1,"{""other"": 1}",unclassified_source_item_metadata,[]
1755,other,CompiledRunner,E_16_32_3,METAL,0.002374988980591297,4608,21508,1755,1755,1,"{""other"": 1}",unclassified_source_item_metadata,[]
1756,other,CompiledRunner,r_16_96,METAL,0.003125052899122238,3392,6148,1756,1756,1,"{""other"": 1}",unclassified_source_item_metadata,[]
1757,other,CompiledRunner,r_128_32_3_384_4,METAL,0.06037508137524128,44064768,18981892,1757,1757,1,"{""other"": 1}",unclassified_source_item_metadata,[]
1758,other,CompiledRunner,r_1536_16_384,METAL,0.042458297684788704,113664000,9498624,1758,1758,1,"{""other"": 1}",unclassified_source_item_metadata,[]
1759,other,CompiledRunner,r_16_96,METAL,0.003249966539442539,3392,6148,1759,1759,1,"{""other"": 1}",unclassified_source_item_metadata,[]
1760,other,CompiledRunner,E_16_32_3,METAL,0.002500019036233425,4608,21508,1760,1760,1,"{""other"": 1}",unclassified_source_item_metadata,[]
1761,other,CompiledRunner,r_256_16_96n7,METAL,0.00483333133161068,897024,417792,1761,1761,1,"{""other"": 1}",unclassified_source_item_metadata,[]
1762,other,CompiledRunner,r_1536_16_16n1,METAL,0.0037499703466892242,1204224,406528,1762,1762,1,"{""other"": 1}",unclassified_source_item_metadata,[]
1763,other,CompiledRunner,r_16_96,METAL,0.003249966539442539,3392,6148,1763,1763,1,"{""other"": 1}",unclassified_source_item_metadata,[]
1764,other,CompiledRunner,E_16_32_3n1,METAL,0.008083297871053219,6144,21510,1764,1764,1,"{""other"": 1}",unclassified_source_item_metadata,[]
1765,other,CompiledRunner,r_16_96,METAL,0.01425005029886961,3392,6148,1765,1765,1,"{""other"": 1}",unclassified_source_item_metadata,[]
1766,other,CompiledRunner,r_2048_16_96,METAL,0.23695826530456543,10027008,3171332,1766,1766,1,"{""other"": 1}",unclassified_source_item_metadata,[]
1767,other,CompiledRunner,r_8_16_16,METAL,0.0024583423510193825,6656,8224,1767,1767,1,"{""other"": 1}",unclassified_source_item_metadata,[]
1768,other,CompiledRunner,E_16_2_16_4,METAL,0.00341667328029871,37888,16928,1768,1768,1,"{""other"": 1}",unclassified_source_item_metadata,[]
1769,other,CompiledRunner,r_4_32_4_2_4_32,METAL,0.009333365596830845,2097152,548864,1769,1769,1,"{""other"": 1}",unclassified_source_item_metadata,[]
1770,other,CompiledRunner,r_8_16_32,METAL,0.002541579306125641,12288,16416,1770,1770,1,"{""other"": 1}",unclassified_source_item_metadata,[]
1771,other,CompiledRunner,r_8_16_32n1,METAL,0.002916669473052025,18560,16448,1771,1771,1,"{""other"": 1}",unclassified_source_item_metadata,[]
1772,other,CompiledRunner,r_2_32_4_2_4_64,METAL,0.016000005416572094,2197504,548928,1772,1772,1,"{""other"": 1}",unclassified_source_item_metadata,[]
1773,other,CompiledRunner,r_1536_16_128,METAL,0.010041636414825916,6709248,3166208,1773,1773,1,"{""other"": 1}",unclassified_source_item_metadata,[]
1774,other,CompiledRunner,r_16_96,METAL,0.003291643224656582,3392,6148,1774,1774,1,"{""other"": 1}",unclassified_source_item_metadata,[]
1775,other,CompiledRunner,E_16_32_3,METAL,0.002250075340270996,4608,21508,1775,1775,1,"{""other"": 1}",unclassified_source_item_metadata,[]
1776,other,CompiledRunner,r_16_96,METAL,0.003250082954764366,3392,6148,1776,1776,1,"{""other"": 1}",unclassified_source_item_metadata,[]
1777,other,CompiledRunner,r_128_32_3_384_4,METAL,0.0665000407025218,44064768,18981892,1777,1777,1,"{""other"": 1}",unclassified_source_item_metadata,[]
1778,other,CompiledRunner,r_1536_16_384,METAL,0.04312500823289156,113664000,9498624,1778,1778,1,"{""other"": 1}",unclassified_source_item_metadata,[]
1779,other,CompiledRunner,r_16_96,METAL,0.0030833762139081955,3392,6148,1779,1779,1,"{""other"": 1}",unclassified_source_item_metadata,[]
1780,other,CompiledRunner,E_16_32_3,METAL,0.002625049091875553,4608,21508,1780,1780,1,"{""other"": 1}",unclassified_source_item_metadata,[]
1781,other,CompiledRunner,r_256_16_96n8,METAL,0.005125068128108978,897024,417792,1781,1781,1,"{""other"": 1}",unclassified_source_item_metadata,[]
1782,other,CompiledRunner,r_1536_16_16n1,METAL,0.003791647031903267,1204224,406528,1782,1782,1,"{""other"": 1}",unclassified_source_item_metadata,[]
1783,other,CompiledRunner,r_16_96,METAL,0.0031249364838004112,3392,6148,1783,1783,1,"{""other"": 1}",unclassified_source_item_metadata,[]
1784,other,CompiledRunner,E_16_32_3n1,METAL,0.002625049091875553,6144,21510,1784,1784,1,"{""other"": 1}",unclassified_source_item_metadata,[]
1785,other,CompiledRunner,r_16_96,METAL,0.0031249364838004112,3392,6148,1785,1785,1,"{""other"": 1}",unclassified_source_item_metadata,[]
1786,other,CompiledRunner,r_2048_16_96,METAL,0.01200009137392044,10027008,3171332,1786,1786,1,"{""other"": 1}",unclassified_source_item_metadata,[]
1787,other,CompiledRunner,r_8_16_16,METAL,0.002374988980591297,6656,8224,1787,1787,1,"{""other"": 1}",unclassified_source_item_metadata,[]
1788,other,CompiledRunner,E_16_2_16_4,METAL,0.0037082936614751816,37888,16928,1788,1788,1,"{""other"": 1}",unclassified_source_item_metadata,[]
1789,other,CompiledRunner,r_4_32_4_2_4_32,METAL,0.009583309292793274,2097152,548864,1789,1789,1,"{""other"": 1}",unclassified_source_item_metadata,[]
1790,other,CompiledRunner,r_8_16_32,METAL,0.002500019036233425,12288,16416,1790,1790,1,"{""other"": 1}",unclassified_source_item_metadata,[]
1791,other,CompiledRunner,r_8_16_32n1,METAL,0.00300002284348011,18560,16448,1791,1791,1,"{""other"": 1}",unclassified_source_item_metadata,[]
1792,other,CompiledRunner,r_2_32_4_2_4_64,METAL,0.015833298675715923,2197504,548928,1792,1792,1,"{""other"": 1}",unclassified_source_item_metadata,[]
1793,other,CompiledRunner,r_1536_16_128,METAL,0.009708339348435402,6709248,3166208,1793,1793,1,"{""other"": 1}",unclassified_source_item_metadata,[]
1794,other,CompiledRunner,r_16_96,METAL,0.003250082954764366,3392,6148,1794,1794,1,"{""other"": 1}",unclassified_source_item_metadata,[]
1795,other,CompiledRunner,E_16_32_3,METAL,0.002374988980591297,4608,21508,1795,1795,1,"{""other"": 1}",unclassified_source_item_metadata,[]
1796,other,CompiledRunner,r_16_96,METAL,0.003250082954764366,3392,6148,1796,1796,1,"{""other"": 1}",unclassified_source_item_metadata,[]
1797,other,CompiledRunner,r_128_32_3_384_4,METAL,0.0641250517219305,44064768,18981892,1797,1797,1,"{""other"": 1}",unclassified_source_item_metadata,[]
1798,other,CompiledRunner,r_1536_16_384,METAL,0.05012494511902332,113664000,9498624,1798,1798,1,"{""other"": 1}",unclassified_source_item_metadata,[]
1799,other,CompiledRunner,r_16_96,METAL,0.037541729398071766,3392,6148,1799,1799,1,"{""other"": 1}",unclassified_source_item_metadata,[]
1800,other,CompiledRunner,E_16_32_3,METAL,0.15195831656455994,4608,21508,1800,1800,1,"{""other"": 1}",unclassified_source_item_metadata,[]
1801,other,CompiledRunner,r_256_16_96n9,METAL,0.00500003807246685,897024,417792,1801,1801,1,"{""other"": 1}",unclassified_source_item_metadata,[]
1802,other,CompiledRunner,r_1536_16_16n1,METAL,0.0036249402910470963,1204224,406528,1802,1802,1,"{""other"": 1}",unclassified_source_item_metadata,[]
1803,other,CompiledRunner,r_16_96,METAL,0.003291643224656582,3392,6148,1803,1803,1,"{""other"": 1}",unclassified_source_item_metadata,[]
1804,other,CompiledRunner,E_16_32_3n1,METAL,0.002666725777089596,6144,21510,1804,1804,1,"{""other"": 1}",unclassified_source_item_metadata,[]
1805,other,CompiledRunner,r_16_96,METAL,0.003291759639978409,3392,6148,1805,1805,1,"{""other"": 1}",unclassified_source_item_metadata,[]
1806,other,CompiledRunner,r_512_16_96,METAL,0.005791662260890007,2506752,799748,1806,1806,1,"{""other"": 1}",unclassified_source_item_metadata,[]
1807,other,CompiledRunner,r_16_32,METAL,0.002749962732195854,1344,2052,1807,1807,1,"{""other"": 1}",unclassified_source_item_metadata,[]
1808,other,CompiledRunner,E_4_32_4n2,METAL,0.007375027053058147,20096,5124,1808,1808,1,"{""other"": 1}",unclassified_source_item_metadata,[]
1809,other,CompiledRunner,E_192_4_8_16_4,METAL,0.0034583499655127525,0,3145732,1809,1809,1,"{""other"": 1}",unclassified_source_item_metadata,[]
1810,other,CompiledRunner,E_1120_4_8_16_4,METAL,0.006249989382922649,0,18350084,1810,1810,1,"{""other"": 1}",unclassified_source_item_metadata,[]
1811,other,CompiledRunner,r_1536_16_16,METAL,0.0038750004023313522,811008,1579008,1811,1811,1,"{""other"": 1}",unclassified_source_item_metadata,[]
1812,other,CompiledRunner,r_16_96,METAL,0.003166729584336281,3392,6148,1812,1812,1,"{""other"": 1}",unclassified_source_item_metadata,[]
1813,other,CompiledRunner,r_70_32_4_384_4,METAL,0.052166637033224106,27543040,13840384,1813,1813,1,"{""other"": 1}",unclassified_source_item_metadata,[]
1814,other,CompiledRunner,r_2048_16_96,METAL,0.012874952517449856,10027008,3171332,1814,1814,1,"{""other"": 1}",unclassified_source_item_metadata,[]
1815,other,CompiledRunner,r_35_16_16,METAL,0.002625049091875553,29120,35980,1815,1815,1,"{""other"": 1}",unclassified_source_item_metadata,[]
1816,other,CompiledRunner,r_8_16_16,METAL,0.002374988980591297,6656,8224,1816,1816,1,"{""other"": 1}",unclassified_source_item_metadata,[]
1817,other,CompiledRunner,r_35_4_16_4_64_4,METAL,0.012874952517449856,2338560,9247372,1817,1817,1,"{""other"": 1}",unclassified_source_item_metadata,[]
1818,other,CompiledRunner,E_16_2_16_4,METAL,0.003625056706368923,37888,16928,1818,1818,1,"{""other"": 1}",unclassified_source_item_metadata,[]
1819,other,CompiledRunner,r_4_32_4_2_4_32,METAL,0.00925001222640276,2097152,548864,1819,1819,1,"{""other"": 1}",unclassified_source_item_metadata,[]
1820,other,CompiledRunner,r_8_16_32,METAL,0.002541579306125641,12288,16416,1820,1820,1,"{""other"": 1}",unclassified_source_item_metadata,[]
1821,other,CompiledRunner,r_8_16_32n1,METAL,0.0029999064281582832,18560,16448,1821,1821,1,"{""other"": 1}",unclassified_source_item_metadata,[]
1822,other,CompiledRunner,r_2_32_4_2_4_64,METAL,0.015791738405823708,2197504,548928,1822,1822,1,"{""other"": 1}",unclassified_source_item_metadata,[]
1823,other,CompiledRunner,r_1536_16_128,METAL,0.009875046089291573,6709248,3166208,1823,1823,1,"{""other"": 1}",unclassified_source_item_metadata,[]
1824,other,CompiledRunner,r_16_96,METAL,0.003250082954764366,3392,6148,1824,1824,1,"{""other"": 1}",unclassified_source_item_metadata,[]
1825,other,CompiledRunner,E_16_32_3,METAL,0.002374988980591297,4608,21508,1825,1825,1,"{""other"": 1}",unclassified_source_item_metadata,[]
1826,other,CompiledRunner,r_16_96,METAL,0.003249966539442539,3392,6148,1826,1826,1,"{""other"": 1}",unclassified_source_item_metadata,[]
1827,other,CompiledRunner,r_128_32_3_384_4,METAL,0.05783338565379381,44064768,18981892,1827,1827,1,"{""other"": 1}",unclassified_source_item_metadata,[]
1828,other,CompiledRunner,r_1536_16_384,METAL,0.043375068344175816,113664000,9498624,1828,1828,1,"{""other"": 1}",unclassified_source_item_metadata,[]
1829,other,CompiledRunner,r_16_96,METAL,0.003249966539442539,3392,6148,1829,1829,1,"{""other"": 1}",unclassified_source_item_metadata,[]
1830,other,CompiledRunner,E_16_32_3,METAL,0.002666609361767769,4608,21508,1830,1830,1,"{""other"": 1}",unclassified_source_item_metadata,[]
1831,other,CompiledRunner,r_256_16_96n1,METAL,0.005083275027573109,897024,417792,1831,1831,1,"{""other"": 1}",unclassified_source_item_metadata,[]
1832,other,CompiledRunner,r_1536_16_16n1,METAL,0.010333373211324215,1204224,406528,1832,1832,1,"{""other"": 1}",unclassified_source_item_metadata,[]
1833,other,CompiledRunner,r_16_96,METAL,0.008208327926695347,3392,6148,1833,1833,1,"{""other"": 1}",unclassified_source_item_metadata,[]
1834,other,CompiledRunner,E_16_32_3n1,METAL,0.04912493750452995,6144,21510,1834,1834,1,"{""other"": 1}",unclassified_source_item_metadata,[]
1835,other,CompiledRunner,r_16_96,METAL,0.07975008338689804,3392,6148,1835,1835,1,"{""other"": 1}",unclassified_source_item_metadata,[]
1836,other,CompiledRunner,r_2048_16_96,METAL,0.012208358384668827,10027008,3171332,1836,1836,1,"{""other"": 1}",unclassified_source_item_metadata,[]
1837,other,CompiledRunner,r_8_16_16,METAL,0.002291635610163212,6656,8224,1837,1837,1,"{""other"": 1}",unclassified_source_item_metadata,[]
1838,other,CompiledRunner,E_16_2_16_4,METAL,0.003625056706368923,37888,16928,1838,1838,1,"{""other"": 1}",unclassified_source_item_metadata,[]
1839,other,CompiledRunner,r_4_32_4_2_4_32,METAL,0.009458279237151146,2097152,548864,1839,1839,1,"{""other"": 1}",unclassified_source_item_metadata,[]
1840,other,CompiledRunner,r_8_16_32,METAL,0.002291635610163212,12288,16416,1840,1840,1,"{""other"": 1}",unclassified_source_item_metadata,[]
1841,other,CompiledRunner,r_8_16_32n1,METAL,0.003041699528694153,18560,16448,1841,1841,1,"{""other"": 1}",unclassified_source_item_metadata,[]
1842,other,CompiledRunner,r_2_32_4_2_4_64,METAL,0.01608335878700018,2197504,548928,1842,1842,1,"{""other"": 1}",unclassified_source_item_metadata,[]
1843,other,CompiledRunner,r_1536_16_128,METAL,0.009916722774505615,6709248,3166208,1843,1843,1,"{""other"": 1}",unclassified_source_item_metadata,[]
1844,other,CompiledRunner,r_16_96,METAL,0.003166613169014454,3392,6148,1844,1844,1,"{""other"": 1}",unclassified_source_item_metadata,[]
1845,other,CompiledRunner,E_16_32_3,METAL,0.0023333122953772545,4608,21508,1845,1845,1,"{""other"": 1}",unclassified_source_item_metadata,[]
1846,other,CompiledRunner,r_16_96,METAL,0.003125052899122238,3392,6148,1846,1846,1,"{""other"": 1}",unclassified_source_item_metadata,[]
1847,other,CompiledRunner,r_128_32_3_384_4,METAL,0.05954166408628225,44064768,18981892,1847,1847,1,"{""other"": 1}",unclassified_source_item_metadata,[]
1848,other,CompiledRunner,r_1536_16_384,METAL,0.043041654862463474,113664000,9498624,1848,1848,1,"{""other"": 1}",unclassified_source_item_metadata,[]
1849,other,CompiledRunner,r_16_96,METAL,0.0031249364838004112,3392,6148,1849,1849,1,"{""other"": 1}",unclassified_source_item_metadata,[]
1850,other,CompiledRunner,E_16_32_3,METAL,0.00241666566580534,4608,21508,1850,1850,1,"{""other"": 1}",unclassified_source_item_metadata,[]
1851,other,CompiledRunner,r_256_16_96n2,METAL,0.005208421498537064,897024,417792,1851,1851,1,"{""other"": 1}",unclassified_source_item_metadata,[]
1852,other,CompiledRunner,r_1536_16_16n1,METAL,0.0037082936614751816,1204224,406528,1852,1852,1,"{""other"": 1}",unclassified_source_item_metadata,[]
1853,other,CompiledRunner,r_16_96,METAL,0.003249966539442539,3392,6148,1853,1853,1,"{""other"": 1}",unclassified_source_item_metadata,[]
1854,other,CompiledRunner,E_16_32_3n1,METAL,0.002625049091875553,6144,21510,1854,1854,1,"{""other"": 1}",unclassified_source_item_metadata,[]
1855,other,CompiledRunner,r_16_96,METAL,0.003291643224656582,3392,6148,1855,1855,1,"{""other"": 1}",unclassified_source_item_metadata,[]
1856,other,CompiledRunner,r_2048_16_96,METAL,0.0117915915325284,10027008,3171332,1856,1856,1,"{""other"": 1}",unclassified_source_item_metadata,[]
1857,other,CompiledRunner,r_8_16_16,METAL,0.002374988980591297,6656,8224,1857,1857,1,"{""other"": 1}",unclassified_source_item_metadata,[]
1858,other,CompiledRunner,E_16_2_16_4,METAL,0.003625056706368923,37888,16928,1858,1858,1,"{""other"": 1}",unclassified_source_item_metadata,[]
1859,other,CompiledRunner,r_4_32_4_2_4_32,METAL,0.00925001222640276,2097152,548864,1859,1859,1,"{""other"": 1}",unclassified_source_item_metadata,[]
1860,other,CompiledRunner,r_8_16_32,METAL,0.002500019036233425,12288,16416,1860,1860,1,"{""other"": 1}",unclassified_source_item_metadata,[]
1861,other,CompiledRunner,r_8_16_32n1,METAL,0.002916669473052025,18560,16448,1861,1861,1,"{""other"": 1}",unclassified_source_item_metadata,[]
1862,other,CompiledRunner,r_2_32_4_2_4_64,METAL,0.016083242371678352,2197504,548928,1862,1862,1,"{""other"": 1}",unclassified_source_item_metadata,[]
1863,other,CompiledRunner,r_1536_16_128,METAL,0.009750016033649445,6709248,3166208,1863,1863,1,"{""other"": 1}",unclassified_source_item_metadata,[]
1864,other,CompiledRunner,r_16_96,METAL,0.003249966539442539,3392,6148,1864,1864,1,"{""other"": 1}",unclassified_source_item_metadata,[]
1865,other,CompiledRunner,E_16_32_3,METAL,0.00241666566580534,4608,21508,1865,1865,1,"{""other"": 1}",unclassified_source_item_metadata,[]
1866,other,CompiledRunner,r_16_96,METAL,0.0032082898542284966,3392,6148,1866,1866,1,"{""other"": 1}",unclassified_source_item_metadata,[]
1867,other,CompiledRunner,r_128_32_3_384_4,METAL,0.06695836782455444,44064768,18981892,1867,1867,1,"{""other"": 1}",unclassified_source_item_metadata,[]
1868,other,CompiledRunner,r_1536_16_384,METAL,0.07912504952400923,113664000,9498624,1868,1868,1,"{""other"": 1}",unclassified_source_item_metadata,[]
1869,other,CompiledRunner,r_16_96,METAL,0.14299992471933365,3392,6148,1869,1869,1,"{""other"": 1}",unclassified_source_item_metadata,[]
1870,other,CompiledRunner,E_16_32_3,METAL,0.002749962732195854,4608,21508,1870,1870,1,"{""other"": 1}",unclassified_source_item_metadata,[]
1871,other,CompiledRunner,r_256_16_96n3,METAL,0.005083391442894936,897024,417792,1871,1871,1,"{""other"": 1}",unclassified_source_item_metadata,[]
1872,other,CompiledRunner,r_1536_16_16n1,METAL,0.003750086762011051,1204224,406528,1872,1872,1,"{""other"": 1}",unclassified_source_item_metadata,[]
1873,other,CompiledRunner,r_16_96,METAL,0.0032082898542284966,3392,6148,1873,1873,1,"{""other"": 1}",unclassified_source_item_metadata,[]
1874,other,CompiledRunner,E_16_32_3n1,METAL,0.0025833724066615105,6144,21510,1874,1874,1,"{""other"": 1}",unclassified_source_item_metadata,[]
1875,other,CompiledRunner,r_16_96,METAL,0.0032082898542284966,3392,6148,1875,1875,1,"{""other"": 1}",unclassified_source_item_metadata,[]
1876,other,CompiledRunner,r_2048_16_96,METAL,0.012208358384668827,10027008,3171332,1876,1876,1,"{""other"": 1}",unclassified_source_item_metadata,[]
1877,other,CompiledRunner,r_8_16_16,METAL,0.002374988980591297,6656,8224,1877,1877,1,"{""other"": 1}",unclassified_source_item_metadata,[]
1878,other,CompiledRunner,E_16_2_16_4,METAL,0.003500026650726795,37888,16928,1878,1878,1,"{""other"": 1}",unclassified_source_item_metadata,[]
1879,other,CompiledRunner,r_4_32_4_2_4_32,METAL,0.010124989785254002,2097152,548864,1879,1879,1,"{""other"": 1}",unclassified_source_item_metadata,[]
1880,other,CompiledRunner,r_8_16_32,METAL,0.0024583423510193825,12288,16416,1880,1880,1,"{""other"": 1}",unclassified_source_item_metadata,[]
1881,other,CompiledRunner,r_8_16_32n1,METAL,0.003041699528694153,18560,16448,1881,1881,1,"{""other"": 1}",unclassified_source_item_metadata,[]
1882,other,CompiledRunner,r_2_32_4_2_4_64,METAL,0.016041682101786137,2197504,548928,1882,1882,1,"{""other"": 1}",unclassified_source_item_metadata,[]
1883,other,CompiledRunner,r_1536_16_128,METAL,0.009916606359183788,6709248,3166208,1883,1883,1,"{""other"": 1}",unclassified_source_item_metadata,[]
1884,other,CompiledRunner,r_16_96,METAL,0.0031249364838004112,3392,6148,1884,1884,1,"{""other"": 1}",unclassified_source_item_metadata,[]
1885,other,CompiledRunner,E_16_32_3,METAL,0.0024583423510193825,4608,21508,1885,1885,1,"{""other"": 1}",unclassified_source_item_metadata,[]
1886,other,CompiledRunner,r_16_96,METAL,0.003166613169014454,3392,6148,1886,1886,1,"{""other"": 1}",unclassified_source_item_metadata,[]
1887,other,CompiledRunner,r_128_32_3_384_4,METAL,0.05883339326828718,44064768,18981892,1887,1887,1,"{""other"": 1}",unclassified_source_item_metadata,[]
1888,other,CompiledRunner,r_1536_16_384,METAL,0.04312500823289156,113664000,9498624,1888,1888,1,"{""other"": 1}",unclassified_source_item_metadata,[]
1889,other,CompiledRunner,r_16_96,METAL,0.003166729584336281,3392,6148,1889,1889,1,"{""other"": 1}",unclassified_source_item_metadata,[]
1890,other,CompiledRunner,E_16_32_3,METAL,0.002624932676553726,4608,21508,1890,1890,1,"{""other"": 1}",unclassified_source_item_metadata,[]
1891,other,CompiledRunner,r_256_16_96n4,METAL,0.004749977961182594,897024,417792,1891,1891,1,"{""other"": 1}",unclassified_source_item_metadata,[]
1892,other,CompiledRunner,r_1536_16_16n1,METAL,0.0037082936614751816,1204224,406528,1892,1892,1,"{""other"": 1}",unclassified_source_item_metadata,[]
1893,other,CompiledRunner,r_16_96,METAL,0.0032082898542284966,3392,6148,1893,1893,1,"{""other"": 1}",unclassified_source_item_metadata,[]
1894,other,CompiledRunner,E_16_32_3n1,METAL,0.002374988980591297,6144,21510,1894,1894,1,"{""other"": 1}",unclassified_source_item_metadata,[]
1895,other,CompiledRunner,r_16_96,METAL,0.003249966539442539,3392,6148,1895,1895,1,"{""other"": 1}",unclassified_source_item_metadata,[]
1896,other,CompiledRunner,r_32_32_4_384_4,METAL,0.062249950133264065,14163968,6333444,1896,1896,1,"{""other"": 1}",unclassified_source_item_metadata,[]
1897,other,CompiledRunner,r_8_16_32n2,METAL,0.002916669473052025,10752,16416,1897,1897,1,"{""other"": 1}",unclassified_source_item_metadata,[]
1898,other,CompiledRunner,E_8_2_16_4_4,METAL,0.009125098586082458,95488,33824,1898,1898,1,"{""other"": 1}",unclassified_source_item_metadata,[]
1899,other,CompiledRunner,r_8_(gemma_start_pos_window+1)_16_32,METAL,0.0076249707490205765,7208960,1482784,1899,1899,1,"{""other"": 1}",unclassified_source_item_metadata,[]
1900,other,CompiledRunner,r_2_4_(gemma_start_pos_window+1),METAL,0.10145839769393206,11266,22560,1900,1900,1,"{""other"": 1}",unclassified_source_item_metadata,[]
1901,other,CompiledRunner,r_2_4_(gemma_start_pos_window+1)n1,METAL,0.09570841211825609,22538,22592,1901,1901,1,"{""other"": 1}",unclassified_source_item_metadata,[]
1902,other,CompiledRunner,E_(gemma_start_pos_window+1)_2_4,METAL,0.04624994471669197,22528,45120,1902,1902,1,"{""other"": 1}",unclassified_source_item_metadata,[]
1903,other,CompiledRunner,r_8_2_16_4_4_(gemma_start_pos_window+1),METAL,0.27620827313512564,5767424,1482784,1903,1903,1,"{""other"": 1}",unclassified_source_item_metadata,[]
1904,other,CompiledRunner,r_1536_16_256,METAL,0.01733331009745598,13000704,6320128,1904,1904,1,"{""other"": 1}",unclassified_source_item_metadata,[]
1905,other,CompiledRunner,r_16_96,METAL,0.003291643224656582,3392,6148,1905,1905,1,"{""other"": 1}",unclassified_source_item_metadata,[]
1906,other,CompiledRunner,E_16_32_3,METAL,0.002541579306125641,4608,21508,1906,1906,1,"{""other"": 1}",unclassified_source_item_metadata,[]
1907,other,CompiledRunner,r_16_96,METAL,0.003166729584336281,3392,6148,1907,1907,1,"{""other"": 1}",unclassified_source_item_metadata,[]
1908,other,CompiledRunner,r_128_32_3_384_4,METAL,0.06166670937091112,44064768,18981892,1908,1908,1,"{""other"": 1}",unclassified_source_item_metadata,[]
1909,other,CompiledRunner,r_1536_16_384,METAL,0.04283327143639326,113664000,9498624,1909,1909,1,"{""other"": 1}",unclassified_source_item_metadata,[]
1910,other,CompiledRunner,r_16_96,METAL,0.00341667328029871,3392,6148,1910,1910,1,"{""other"": 1}",unclassified_source_item_metadata,[]
1911,other,CompiledRunner,E_16_32_3,METAL,0.002541695721447468,4608,21508,1911,1911,1,"{""other"": 1}",unclassified_source_item_metadata,[]
1912,other,CompiledRunner,r_256_16_96n5,METAL,0.005041714757680893,897024,417792,1912,1912,1,"{""other"": 1}",unclassified_source_item_metadata,[]
1913,other,CompiledRunner,r_1536_16_16n1,METAL,0.003750086762011051,1204224,406528,1913,1913,1,"{""other"": 1}",unclassified_source_item_metadata,[]
1914,other,CompiledRunner,r_16_96,METAL,0.003250082954764366,3392,6148,1914,1914,1,"{""other"": 1}",unclassified_source_item_metadata,[]
1915,other,CompiledRunner,E_16_32_3n1,METAL,0.002500019036233425,6144,21510,1915,1915,1,"{""other"": 1}",unclassified_source_item_metadata,[]
1916,other,CompiledRunner,r_16_96,METAL,0.0031249364838004112,3392,6148,1916,1916,1,"{""other"": 1}",unclassified_source_item_metadata,[]
1917,other,CompiledRunner,r_2048_16_96,METAL,0.011999974958598614,10027008,3171332,1917,1917,1,"{""other"": 1}",unclassified_source_item_metadata,[]
1918,other,CompiledRunner,r_8_16_16,METAL,0.002374988980591297,6656,8224,1918,1918,1,"{""other"": 1}",unclassified_source_item_metadata,[]
1919,other,CompiledRunner,E_16_2_16_4,METAL,0.003625056706368923,37888,16928,1919,1919,1,"{""other"": 1}",unclassified_source_item_metadata,[]
1920,other,CompiledRunner,r_4_32_4_2_4_32,METAL,0.008999952115118504,2097152,548864,1920,1920,1,"{""other"": 1}",unclassified_source_item_metadata,[]
1921,other,CompiledRunner,r_8_16_32,METAL,0.002374988980591297,12288,16416,1921,1921,1,"{""other"": 1}",unclassified_source_item_metadata,[]
1922,other,CompiledRunner,r_8_16_32n1,METAL,0.0031249364838004112,18560,16448,1922,1922,1,"{""other"": 1}",unclassified_source_item_metadata,[]
1923,other,CompiledRunner,r_2_32_4_2_4_64,METAL,0.016041682101786137,2197504,548928,1923,1923,1,"{""other"": 1}",unclassified_source_item_metadata,[]
1924,other,CompiledRunner,r_1536_16_128,METAL,0.009124982170760632,6709248,3166208,1924,1924,1,"{""other"": 1}",unclassified_source_item_metadata,[]
1925,other,CompiledRunner,r_16_96,METAL,0.0031249364838004112,3392,6148,1925,1925,1,"{""other"": 1}",unclassified_source_item_metadata,[]
1926,other,CompiledRunner,E_16_32_3,METAL,0.002500019036233425,4608,21508,1926,1926,1,"{""other"": 1}",unclassified_source_item_metadata,[]
1927,other,CompiledRunner,r_16_96,METAL,0.003166613169014454,3392,6148,1927,1927,1,"{""other"": 1}",unclassified_source_item_metadata,[]
1928,other,CompiledRunner,r_128_32_3_384_4,METAL,0.06137497257441282,44064768,18981892,1928,1928,1,"{""other"": 1}",unclassified_source_item_metadata,[]
1929,other,CompiledRunner,r_1536_16_384,METAL,0.041916617192327976,113664000,9498624,1929,1929,1,"{""other"": 1}",unclassified_source_item_metadata,[]
1930,other,CompiledRunner,r_16_96,METAL,0.003166729584336281,3392,6148,1930,1930,1,"{""other"": 1}",unclassified_source_item_metadata,[]
1931,other,CompiledRunner,E_16_32_3,METAL,0.002374988980591297,4608,21508,1931,1931,1,"{""other"": 1}",unclassified_source_item_metadata,[]
1932,other,CompiledRunner,r_256_16_96n6,METAL,0.004791654646396637,897024,417792,1932,1932,1,"{""other"": 1}",unclassified_source_item_metadata,[]
1933,other,CompiledRunner,r_1536_16_16n1,METAL,0.0037499703466892242,1204224,406528,1933,1933,1,"{""other"": 1}",unclassified_source_item_metadata,[]
1934,other,CompiledRunner,r_16_96,METAL,0.003249966539442539,3392,6148,1934,1934,1,"{""other"": 1}",unclassified_source_item_metadata,[]
1935,other,CompiledRunner,E_16_32_3n1,METAL,0.002500019036233425,6144,21510,1935,1935,1,"{""other"": 1}",unclassified_source_item_metadata,[]
1936,other,CompiledRunner,r_16_96,METAL,0.03866665065288544,3392,6148,1936,1936,1,"{""other"": 1}",unclassified_source_item_metadata,[]
1937,other,CompiledRunner,r_2048_16_96,METAL,0.08466665167361498,10027008,3171332,1937,1937,1,"{""other"": 1}",unclassified_source_item_metadata,[]
1938,other,CompiledRunner,r_8_16_16,METAL,0.0023334287106990814,6656,8224,1938,1938,1,"{""other"": 1}",unclassified_source_item_metadata,[]
1939,other,CompiledRunner,E_16_2_16_4,METAL,0.0035833800211548805,37888,16928,1939,1939,1,"{""other"": 1}",unclassified_source_item_metadata,[]
1940,other,CompiledRunner,r_4_32_4_2_4_32,METAL,0.009624985978007317,2097152,548864,1940,1940,1,"{""other"": 1}",unclassified_source_item_metadata,[]
1941,other,CompiledRunner,r_8_16_32,METAL,0.00241666566580534,12288,16416,1941,1941,1,"{""other"": 1}",unclassified_source_item_metadata,[]
1942,other,CompiledRunner,r_8_16_32n1,METAL,0.00300002284348011,18560,16448,1942,1942,1,"{""other"": 1}",unclassified_source_item_metadata,[]
1943,other,CompiledRunner,r_2_32_4_2_4_64,METAL,0.01566670835018158,2197504,548928,1943,1943,1,"{""other"": 1}",unclassified_source_item_metadata,[]
1944,other,CompiledRunner,r_1536_16_128,METAL,0.010124989785254002,6709248,3166208,1944,1944,1,"{""other"": 1}",unclassified_source_item_metadata,[]
1945,other,CompiledRunner,r_16_96,METAL,0.003291759639978409,3392,6148,1945,1945,1,"{""other"": 1}",unclassified_source_item_metadata,[]
1946,other,CompiledRunner,E_16_32_3,METAL,0.00241666566580534,4608,21508,1946,1946,1,"{""other"": 1}",unclassified_source_item_metadata,[]
1947,other,CompiledRunner,r_16_96,METAL,0.0030833762139081955,3392,6148,1947,1947,1,"{""other"": 1}",unclassified_source_item_metadata,[]
1948,other,CompiledRunner,r_128_32_3_384_4,METAL,0.06254168692976236,44064768,18981892,1948,1948,1,"{""other"": 1}",unclassified_source_item_metadata,[]
1949,other,CompiledRunner,r_1536_16_384,METAL,0.04279159475117922,113664000,9498624,1949,1949,1,"{""other"": 1}",unclassified_source_item_metadata,[]
1950,other,CompiledRunner,r_16_96,METAL,0.0029583461582660675,3392,6148,1950,1950,1,"{""other"": 1}",unclassified_source_item_metadata,[]
1951,other,CompiledRunner,E_16_32_3,METAL,0.002541695721447468,4608,21508,1951,1951,1,"{""other"": 1}",unclassified_source_item_metadata,[]
1952,other,CompiledRunner,r_256_16_96n7,METAL,0.004791654646396637,897024,417792,1952,1952,1,"{""other"": 1}",unclassified_source_item_metadata,[]
1953,other,CompiledRunner,r_1536_16_16n1,METAL,0.0037082936614751816,1204224,406528,1953,1953,1,"{""other"": 1}",unclassified_source_item_metadata,[]
1954,other,CompiledRunner,r_16_96,METAL,0.0033334363251924515,3392,6148,1954,1954,1,"{""other"": 1}",unclassified_source_item_metadata,[]
1955,other,CompiledRunner,E_16_32_3n1,METAL,0.002541579306125641,6144,21510,1955,1955,1,"{""other"": 1}",unclassified_source_item_metadata,[]
1956,other,CompiledRunner,r_16_96,METAL,0.003249966539442539,3392,6148,1956,1956,1,"{""other"": 1}",unclassified_source_item_metadata,[]
1957,other,CompiledRunner,r_2048_16_96,METAL,0.011708238162100315,10027008,3171332,1957,1957,1,"{""other"": 1}",unclassified_source_item_metadata,[]
1958,other,CompiledRunner,r_8_16_16,METAL,0.002374988980591297,6656,8224,1958,1958,1,"{""other"": 1}",unclassified_source_item_metadata,[]
1959,other,CompiledRunner,E_16_2_16_4,METAL,0.003541703335940838,37888,16928,1959,1959,1,"{""other"": 1}",unclassified_source_item_metadata,[]
1960,other,CompiledRunner,r_4_32_4_2_4_32,METAL,0.009124982170760632,2097152,548864,1960,1960,1,"{""other"": 1}",unclassified_source_item_metadata,[]
1961,other,CompiledRunner,r_8_16_32,METAL,0.002374988980591297,12288,16416,1961,1961,1,"{""other"": 1}",unclassified_source_item_metadata,[]
1962,other,CompiledRunner,r_8_16_32n1,METAL,0.003166613169014454,18560,16448,1962,1962,1,"{""other"": 1}",unclassified_source_item_metadata,[]
1963,other,CompiledRunner,r_2_32_4_2_4_64,METAL,0.015874975360929966,2197504,548928,1963,1963,1,"{""other"": 1}",unclassified_source_item_metadata,[]
1964,other,CompiledRunner,r_1536_16_128,METAL,0.009624985978007317,6709248,3166208,1964,1964,1,"{""other"": 1}",unclassified_source_item_metadata,[]
1965,other,CompiledRunner,r_16_96,METAL,0.0034582335501909256,3392,6148,1965,1965,1,"{""other"": 1}",unclassified_source_item_metadata,[]
1966,other,CompiledRunner,E_16_32_3,METAL,0.002374988980591297,4608,21508,1966,1966,1,"{""other"": 1}",unclassified_source_item_metadata,[]
1967,other,CompiledRunner,r_16_96,METAL,0.003166729584336281,3392,6148,1967,1967,1,"{""other"": 1}",unclassified_source_item_metadata,[]
1968,other,CompiledRunner,r_128_32_3_384_4,METAL,0.06358337122946978,44064768,18981892,1968,1968,1,"{""other"": 1}",unclassified_source_item_metadata,[]
1969,other,CompiledRunner,r_1536_16_384,METAL,0.06237509660422802,113664000,9498624,1969,1969,1,"{""other"": 1}",unclassified_source_item_metadata,[]
1970,other,CompiledRunner,r_16_96,METAL,0.0039583537727594376,3392,6148,1970,1970,1,"{""other"": 1}",unclassified_source_item_metadata,[]
1971,other,CompiledRunner,E_16_32_3,METAL,0.15404168516397476,4608,21508,1971,1971,1,"{""other"": 1}",unclassified_source_item_metadata,[]
1972,other,CompiledRunner,r_256_16_96n8,METAL,0.005083275027573109,897024,417792,1972,1972,1,"{""other"": 1}",unclassified_source_item_metadata,[]
1973,other,CompiledRunner,r_1536_16_16n1,METAL,0.0037499703466892242,1204224,406528,1973,1973,1,"{""other"": 1}",unclassified_source_item_metadata,[]
1974,other,CompiledRunner,r_16_96,METAL,0.003249966539442539,3392,6148,1974,1974,1,"{""other"": 1}",unclassified_source_item_metadata,[]
1975,other,CompiledRunner,E_16_32_3n1,METAL,0.002624932676553726,6144,21510,1975,1975,1,"{""other"": 1}",unclassified_source_item_metadata,[]
1976,other,CompiledRunner,r_16_96,METAL,0.003125052899122238,3392,6148,1976,1976,1,"{""other"": 1}",unclassified_source_item_metadata,[]
1977,other,CompiledRunner,r_2048_16_96,METAL,0.01225003506988287,10027008,3171332,1977,1977,1,"{""other"": 1}",unclassified_source_item_metadata,[]
1978,other,CompiledRunner,r_8_16_16,METAL,0.002374988980591297,6656,8224,1978,1978,1,"{""other"": 1}",unclassified_source_item_metadata,[]
1979,other,CompiledRunner,E_16_2_16_4,METAL,0.003541703335940838,37888,16928,1979,1979,1,"{""other"": 1}",unclassified_source_item_metadata,[]
1980,other,CompiledRunner,r_4_32_4_2_4_32,METAL,0.009499955922365189,2097152,548864,1980,1980,1,"{""other"": 1}",unclassified_source_item_metadata,[]
1981,other,CompiledRunner,r_8_16_32,METAL,0.0024583423510193825,12288,16416,1981,1981,1,"{""other"": 1}",unclassified_source_item_metadata,[]
1982,other,CompiledRunner,r_8_16_32n1,METAL,0.0029999064281582832,18560,16448,1982,1982,1,"{""other"": 1}",unclassified_source_item_metadata,[]
1983,other,CompiledRunner,r_2_32_4_2_4_64,METAL,0.015833298675715923,2197504,548928,1983,1983,1,"{""other"": 1}",unclassified_source_item_metadata,[]
1984,other,CompiledRunner,r_1536_16_128,METAL,0.009916606359183788,6709248,3166208,1984,1984,1,"{""other"": 1}",unclassified_source_item_metadata,[]
1985,other,CompiledRunner,r_16_96,METAL,0.0029999064281582832,3392,6148,1985,1985,1,"{""other"": 1}",unclassified_source_item_metadata,[]
1986,other,CompiledRunner,E_16_32_3,METAL,0.002375105395913124,4608,21508,1986,1986,1,"{""other"": 1}",unclassified_source_item_metadata,[]
1987,other,CompiledRunner,r_16_96,METAL,0.003166729584336281,3392,6148,1987,1987,1,"{""other"": 1}",unclassified_source_item_metadata,[]
1988,other,CompiledRunner,r_128_32_3_384_4,METAL,0.06337498780339956,44064768,18981892,1988,1988,1,"{""other"": 1}",unclassified_source_item_metadata,[]
1989,other,CompiledRunner,r_1536_16_384,METAL,0.042874948121607304,113664000,9498624,1989,1989,1,"{""other"": 1}",unclassified_source_item_metadata,[]
1990,other,CompiledRunner,r_16_96,METAL,0.0030832597985863686,3392,6148,1990,1990,1,"{""other"": 1}",unclassified_source_item_metadata,[]
1991,other,CompiledRunner,E_16_32_3,METAL,0.0027082860469818115,4608,21508,1991,1991,1,"{""other"": 1}",unclassified_source_item_metadata,[]
1992,other,CompiledRunner,r_256_16_96n9,METAL,0.004875008016824722,897024,417792,1992,1992,1,"{""other"": 1}",unclassified_source_item_metadata,[]
1993,other,CompiledRunner,r_1536_16_16n1,METAL,0.0034582335501909256,1204224,406528,1993,1993,1,"{""other"": 1}",unclassified_source_item_metadata,[]
1994,other,CompiledRunner,r_16_96,METAL,0.0033334363251924515,3392,6148,1994,1994,1,"{""other"": 1}",unclassified_source_item_metadata,[]
1995,other,CompiledRunner,E_16_32_3n1,METAL,0.0025833724066615105,6144,21510,1995,1995,1,"{""other"": 1}",unclassified_source_item_metadata,[]
1996,other,CompiledRunner,r_16_96,METAL,0.003249966539442539,3392,6148,1996,1996,1,"{""other"": 1}",unclassified_source_item_metadata,[]
1997,other,CompiledRunner,r_512_16_96,METAL,0.005708308890461922,2506752,799748,1997,1997,1,"{""other"": 1}",unclassified_source_item_metadata,[]
1998,other,CompiledRunner,r_16_32,METAL,0.002666609361767769,1344,2052,1998,1998,1,"{""other"": 1}",unclassified_source_item_metadata,[]
1999,other,CompiledRunner,E_4_32_4n1,METAL,0.0023333122953772545,512,4100,1999,1999,1,"{""other"": 1}",unclassified_source_item_metadata,[]
2000,other,CompiledRunner,E_192_4_8_16_4,METAL,0.0034582335501909256,0,3145732,2000,2000,1,"{""other"": 1}",unclassified_source_item_metadata,[]
2001,other,CompiledRunner,E_1120_4_8_16_4,METAL,0.006249989382922649,0,18350084,2001,2001,1,"{""other"": 1}",unclassified_source_item_metadata,[]
2002,other,CompiledRunner,r_1536_16_16,METAL,0.0037499703466892242,811008,1579008,2002,2002,1,"{""other"": 1}",unclassified_source_item_metadata,[]
2003,other,CompiledRunner,r_16_96,METAL,0.003249966539442539,3392,6148,2003,2003,1,"{""other"": 1}",unclassified_source_item_metadata,[]
2004,other,CompiledRunner,r_70_32_4_384_4,METAL,0.05674990825355053,27543040,13840384,2004,2004,1,"{""other"": 1}",unclassified_source_item_metadata,[]
2005,other,CompiledRunner,r_2048_16_96,METAL,0.04541664384305477,10027008,3171332,2005,2005,1,"{""other"": 1}",unclassified_source_item_metadata,[]
2006,other,CompiledRunner,r_35_16_16,METAL,0.15716662164777517,29120,35980,2006,2006,1,"{""other"": 1}",unclassified_source_item_metadata,[]
2007,other,CompiledRunner,r_8_16_16,METAL,0.002500019036233425,6656,8224,2007,2007,1,"{""other"": 1}",unclassified_source_item_metadata,[]
2008,other,CompiledRunner,r_35_4_16_4_64_4,METAL,0.023416592739522457,2338560,9247372,2008,2008,1,"{""other"": 1}",unclassified_source_item_metadata,[]
2009,other,CompiledRunner,E_16_2_16_4,METAL,0.0037499703466892242,37888,16928,2009,2009,1,"{""other"": 1}",unclassified_source_item_metadata,[]
2010,other,CompiledRunner,r_4_32_4_2_4_32,METAL,0.00925001222640276,2097152,548864,2010,2010,1,"{""other"": 1}",unclassified_source_item_metadata,[]
2011,other,CompiledRunner,r_8_16_32,METAL,0.002374988980591297,12288,16416,2011,2011,1,"{""other"": 1}",unclassified_source_item_metadata,[]
2012,other,CompiledRunner,r_8_16_32n1,METAL,0.00300002284348011,18560,16448,2012,2012,1,"{""other"": 1}",unclassified_source_item_metadata,[]
2013,other,CompiledRunner,r_2_32_4_2_4_64,METAL,0.015749945305287838,2197504,548928,2013,2013,1,"{""other"": 1}",unclassified_source_item_metadata,[]
2014,other,CompiledRunner,r_1536_16_128,METAL,0.0100000761449337,6709248,3166208,2014,2014,1,"{""other"": 1}",unclassified_source_item_metadata,[]
2015,other,CompiledRunner,r_16_96,METAL,0.003249966539442539,3392,6148,2015,2015,1,"{""other"": 1}",unclassified_source_item_metadata,[]
2016,other,CompiledRunner,E_16_32_3,METAL,0.00241666566580534,4608,21508,2016,2016,1,"{""other"": 1}",unclassified_source_item_metadata,[]
2017,other,CompiledRunner,r_16_96,METAL,0.003166729584336281,3392,6148,2017,2017,1,"{""other"": 1}",unclassified_source_item_metadata,[]
2018,other,CompiledRunner,r_128_32_3_384_4,METAL,0.05662499461323023,44064768,18981892,2018,2018,1,"{""other"": 1}",unclassified_source_item_metadata,[]
2019,other,CompiledRunner,r_1536_16_384,METAL,0.043375068344175816,113664000,9498624,2019,2019,1,"{""other"": 1}",unclassified_source_item_metadata,[]
2020,other,CompiledRunner,r_16_96,METAL,0.00300002284348011,3392,6148,2020,2020,1,"{""other"": 1}",unclassified_source_item_metadata,[]
2021,other,CompiledRunner,E_16_32_3,METAL,0.002625049091875553,4608,21508,2021,2021,1,"{""other"": 1}",unclassified_source_item_metadata,[]
2022,other,CompiledRunner,r_256_16_96n1,METAL,0.004749977961182594,897024,417792,2022,2022,1,"{""other"": 1}",unclassified_source_item_metadata,[]
2023,other,CompiledRunner,r_1536_16_16n1,METAL,0.0037499703466892242,1204224,406528,2023,2023,1,"{""other"": 1}",unclassified_source_item_metadata,[]
2024,other,CompiledRunner,r_16_96,METAL,0.0033333199098706245,3392,6148,2024,2024,1,"{""other"": 1}",unclassified_source_item_metadata,[]
2025,other,CompiledRunner,E_16_32_3n1,METAL,0.002624932676553726,6144,21510,2025,2025,1,"{""other"": 1}",unclassified_source_item_metadata,[]
2026,other,CompiledRunner,r_16_96,METAL,0.003125052899122238,3392,6148,2026,2026,1,"{""other"": 1}",unclassified_source_item_metadata,[]
2027,other,CompiledRunner,r_2048_16_96,METAL,0.011625001206994057,10027008,3171332,2027,2027,1,"{""other"": 1}",unclassified_source_item_metadata,[]
2028,other,CompiledRunner,r_8_16_16,METAL,0.002374988980591297,6656,8224,2028,2028,1,"{""other"": 1}",unclassified_source_item_metadata,[]
2029,other,CompiledRunner,E_16_2_16_4,METAL,0.0034999102354049683,37888,16928,2029,2029,1,"{""other"": 1}",unclassified_source_item_metadata,[]
2030,other,CompiledRunner,r_4_32_4_2_4_32,METAL,0.008999952115118504,2097152,548864,2030,2030,1,"{""other"": 1}",unclassified_source_item_metadata,[]
2031,other,CompiledRunner,r_8_16_32,METAL,0.002500019036233425,12288,16416,2031,2031,1,"{""other"": 1}",unclassified_source_item_metadata,[]
2032,other,CompiledRunner,r_8_16_32n1,METAL,0.003041699528694153,18560,16448,2032,2032,1,"{""other"": 1}",unclassified_source_item_metadata,[]
2033,other,CompiledRunner,r_2_32_4_2_4_64,METAL,0.01583341509103775,2197504,548928,2033,2033,1,"{""other"": 1}",unclassified_source_item_metadata,[]
2034,other,CompiledRunner,r_1536_16_128,METAL,0.0095834257081151,6709248,3166208,2034,2034,1,"{""other"": 1}",unclassified_source_item_metadata,[]
2035,other,CompiledRunner,r_16_96,METAL,0.003249966539442539,3392,6148,2035,2035,1,"{""other"": 1}",unclassified_source_item_metadata,[]
2036,other,CompiledRunner,E_16_32_3,METAL,0.002499902620911598,4608,21508,2036,2036,1,"{""other"": 1}",unclassified_source_item_metadata,[]
2037,other,CompiledRunner,r_16_96,METAL,0.0030833762139081955,3392,6148,2037,2037,1,"{""other"": 1}",unclassified_source_item_metadata,[]
2038,other,CompiledRunner,r_128_32_3_384_4,METAL,0.06420840509235859,44064768,18981892,2038,2038,1,"{""other"": 1}",unclassified_source_item_metadata,[]
2039,other,CompiledRunner,r_1536_16_384,METAL,0.09650003630667925,113664000,9498624,2039,2039,1,"{""other"": 1}",unclassified_source_item_metadata,[]
2040,other,CompiledRunner,r_16_96,METAL,0.14062505215406418,3392,6148,2040,2040,1,"{""other"": 1}",unclassified_source_item_metadata,[]
2041,other,CompiledRunner,E_16_32_3,METAL,0.002500019036233425,4608,21508,2041,2041,1,"{""other"": 1}",unclassified_source_item_metadata,[]
2042,other,CompiledRunner,r_256_16_96n2,METAL,0.004999921657145023,897024,417792,2042,2042,1,"{""other"": 1}",unclassified_source_item_metadata,[]
2043,other,CompiledRunner,r_1536_16_16n1,METAL,0.003625056706368923,1204224,406528,2043,2043,1,"{""other"": 1}",unclassified_source_item_metadata,[]
2044,other,CompiledRunner,r_16_96,METAL,0.0032082898542284966,3392,6148,2044,2044,1,"{""other"": 1}",unclassified_source_item_metadata,[]
2045,other,CompiledRunner,E_16_32_3n1,METAL,0.0025833724066615105,6144,21510,2045,2045,1,"{""other"": 1}",unclassified_source_item_metadata,[]
2046,other,CompiledRunner,r_16_96,METAL,0.0032082898542284966,3392,6148,2046,2046,1,"{""other"": 1}",unclassified_source_item_metadata,[]
2047,other,CompiledRunner,r_2048_16_96,METAL,0.012083328329026699,10027008,3171332,2047,2047,1,"{""other"": 1}",unclassified_source_item_metadata,[]
2048,other,CompiledRunner,r_8_16_16,METAL,0.002249958924949169,6656,8224,2048,2048,1,"{""other"": 1}",unclassified_source_item_metadata,[]
2049,other,CompiledRunner,E_16_2_16_4,METAL,0.0035833800211548805,37888,16928,2049,2049,1,"{""other"": 1}",unclassified_source_item_metadata,[]
2050,other,CompiledRunner,r_4_32_4_2_4_32,METAL,0.009208335541188717,2097152,548864,2050,2050,1,"{""other"": 1}",unclassified_source_item_metadata,[]
2051,other,CompiledRunner,r_8_16_32,METAL,0.0025833724066615105,12288,16416,2051,2051,1,"{""other"": 1}",unclassified_source_item_metadata,[]
2052,other,CompiledRunner,r_8_16_32n1,METAL,0.002749962732195854,18560,16448,2052,2052,1,"{""other"": 1}",unclassified_source_item_metadata,[]
2053,other,CompiledRunner,r_2_32_4_2_4_64,METAL,0.01579162199050188,2197504,548928,2053,2053,1,"{""other"": 1}",unclassified_source_item_metadata,[]
2054,other,CompiledRunner,r_1536_16_128,METAL,0.009791692718863487,6709248,3166208,2054,2054,1,"{""other"": 1}",unclassified_source_item_metadata,[]
2055,other,CompiledRunner,r_16_96,METAL,0.003249966539442539,3392,6148,2055,2055,1,"{""other"": 1}",unclassified_source_item_metadata,[]
2056,other,CompiledRunner,E_16_32_3,METAL,0.0024583423510193825,4608,21508,2056,2056,1,"{""other"": 1}",unclassified_source_item_metadata,[]
2057,other,CompiledRunner,r_16_96,METAL,0.003125052899122238,3392,6148,2057,2057,1,"{""other"": 1}",unclassified_source_item_metadata,[]
2058,other,CompiledRunner,r_128_32_3_384_4,METAL,0.062083243392407894,44064768,18981892,2058,2058,1,"{""other"": 1}",unclassified_source_item_metadata,[]
2059,other,CompiledRunner,r_1536_16_384,METAL,0.042625004425644875,113664000,9498624,2059,2059,1,"{""other"": 1}",unclassified_source_item_metadata,[]
2060,other,CompiledRunner,r_16_96,METAL,0.003250082954764366,3392,6148,2060,2060,1,"{""other"": 1}",unclassified_source_item_metadata,[]
2061,other,CompiledRunner,E_16_32_3,METAL,0.00241666566580534,4608,21508,2061,2061,1,"{""other"": 1}",unclassified_source_item_metadata,[]
2062,other,CompiledRunner,r_256_16_96n3,METAL,0.005124951712787151,897024,417792,2062,2062,1,"{""other"": 1}",unclassified_source_item_metadata,[]
2063,other,CompiledRunner,r_1536_16_16n1,METAL,0.003791647031903267,1204224,406528,2063,2063,1,"{""other"": 1}",unclassified_source_item_metadata,[]
2064,other,CompiledRunner,r_16_96,METAL,0.003166613169014454,3392,6148,2064,2064,1,"{""other"": 1}",unclassified_source_item_metadata,[]
2065,other,CompiledRunner,E_16_32_3n1,METAL,0.00241666566580534,6144,21510,2065,2065,1,"{""other"": 1}",unclassified_source_item_metadata,[]
2066,other,CompiledRunner,r_16_96,METAL,0.00300002284348011,3392,6148,2066,2066,1,"{""other"": 1}",unclassified_source_item_metadata,[]
2067,other,CompiledRunner,r_2048_16_96,METAL,0.011499971151351929,10027008,3171332,2067,2067,1,"{""other"": 1}",unclassified_source_item_metadata,[]
2068,other,CompiledRunner,r_8_16_16,METAL,0.002375105395913124,6656,8224,2068,2068,1,"{""other"": 1}",unclassified_source_item_metadata,[]
2069,other,CompiledRunner,E_16_2_16_4,METAL,0.0033333199098706245,37888,16928,2069,2069,1,"{""other"": 1}",unclassified_source_item_metadata,[]
2070,other,CompiledRunner,r_4_32_4_2_4_32,METAL,0.0100000761449337,2097152,548864,2070,2070,1,"{""other"": 1}",unclassified_source_item_metadata,[]
2071,other,CompiledRunner,r_8_16_32,METAL,0.002499902620911598,12288,16416,2071,2071,1,"{""other"": 1}",unclassified_source_item_metadata,[]
2072,other,CompiledRunner,r_8_16_32n1,METAL,0.025625107809901237,18560,16448,2072,2072,1,"{""other"": 1}",unclassified_source_item_metadata,[]
2073,other,CompiledRunner,r_2_32_4_2_4_64,METAL,0.0906666973605752,2197504,548928,2073,2073,1,"{""other"": 1}",unclassified_source_item_metadata,[]
2074,other,CompiledRunner,r_1536_16_128,METAL,0.0100000761449337,6709248,3166208,2074,2074,1,"{""other"": 1}",unclassified_source_item_metadata,[]
2075,other,CompiledRunner,r_16_96,METAL,0.003166613169014454,3392,6148,2075,2075,1,"{""other"": 1}",unclassified_source_item_metadata,[]
2076,other,CompiledRunner,E_16_32_3,METAL,0.002625049091875553,4608,21508,2076,2076,1,"{""other"": 1}",unclassified_source_item_metadata,[]
2077,other,CompiledRunner,r_16_96,METAL,0.0031249364838004112,3392,6148,2077,2077,1,"{""other"": 1}",unclassified_source_item_metadata,[]
2078,other,CompiledRunner,r_128_32_3_384_4,METAL,0.061875092796981335,44064768,18981892,2078,2078,1,"{""other"": 1}",unclassified_source_item_metadata,[]
2079,other,CompiledRunner,r_1536_16_384,METAL,0.0442917225882411,113664000,9498624,2079,2079,1,"{""other"": 1}",unclassified_source_item_metadata,[]
2080,other,CompiledRunner,r_16_96,METAL,0.003125052899122238,3392,6148,2080,2080,1,"{""other"": 1}",unclassified_source_item_metadata,[]
2081,other,CompiledRunner,E_16_32_3,METAL,0.002625049091875553,4608,21508,2081,2081,1,"{""other"": 1}",unclassified_source_item_metadata,[]
2082,other,CompiledRunner,r_256_16_96n4,METAL,0.00500003807246685,897024,417792,2082,2082,1,"{""other"": 1}",unclassified_source_item_metadata,[]
2083,other,CompiledRunner,r_1536_16_16n1,METAL,0.0036249402910470963,1204224,406528,2083,2083,1,"{""other"": 1}",unclassified_source_item_metadata,[]
2084,other,CompiledRunner,r_16_96,METAL,0.003249966539442539,3392,6148,2084,2084,1,"{""other"": 1}",unclassified_source_item_metadata,[]
2085,other,CompiledRunner,E_16_32_3n1,METAL,0.0025833724066615105,6144,21510,2085,2085,1,"{""other"": 1}",unclassified_source_item_metadata,[]
2086,other,CompiledRunner,r_16_96,METAL,0.0031249364838004112,3392,6148,2086,2086,1,"{""other"": 1}",unclassified_source_item_metadata,[]
2087,other,CompiledRunner,r_32_32_4_384_4,METAL,0.06250001024454832,14163968,6333444,2087,2087,1,"{""other"": 1}",unclassified_source_item_metadata,[]
2088,other,CompiledRunner,r_8_16_32n2,METAL,0.0029583461582660675,10752,16416,2088,2088,1,"{""other"": 1}",unclassified_source_item_metadata,[]
2089,other,CompiledRunner,E_8_2_16_4_4,METAL,0.008999952115118504,95488,33824,2089,2089,1,"{""other"": 1}",unclassified_source_item_metadata,[]
2090,other,CompiledRunner,r_8_(gemma_start_pos_window+1)_16_32,METAL,0.0076249707490205765,7208960,1482784,2090,2090,1,"{""other"": 1}",unclassified_source_item_metadata,[]
2091,other,CompiledRunner,r_2_4_(gemma_start_pos_window+1),METAL,0.10291661601513624,11266,22560,2091,2091,1,"{""other"": 1}",unclassified_source_item_metadata,[]
2092,other,CompiledRunner,r_2_4_(gemma_start_pos_window+1)n1,METAL,0.10800000745803118,22538,22592,2092,2092,1,"{""other"": 1}",unclassified_source_item_metadata,[]
2093,other,CompiledRunner,E_(gemma_start_pos_window+1)_2_4,METAL,0.002874992787837982,22528,45120,2093,2093,1,"{""other"": 1}",unclassified_source_item_metadata,[]
2094,other,CompiledRunner,r_8_2_16_4_4_(gemma_start_pos_window+1),METAL,0.20491669420152903,5767424,1482784,2094,2094,1,"{""other"": 1}",unclassified_source_item_metadata,[]
2095,other,CompiledRunner,r_1536_16_256,METAL,0.016166712157428265,13000704,6320128,2095,2095,1,"{""other"": 1}",unclassified_source_item_metadata,[]
2096,other,CompiledRunner,r_16_96,METAL,0.003125052899122238,3392,6148,2096,2096,1,"{""other"": 1}",unclassified_source_item_metadata,[]
2097,other,CompiledRunner,E_16_32_3,METAL,0.002374988980591297,4608,21508,2097,2097,1,"{""other"": 1}",unclassified_source_item_metadata,[]
2098,other,CompiledRunner,r_16_96,METAL,0.003250082954764366,3392,6148,2098,2098,1,"{""other"": 1}",unclassified_source_item_metadata,[]
2099,other,CompiledRunner,r_128_32_3_384_4,METAL,0.05729158874601126,44064768,18981892,2099,2099,1,"{""other"": 1}",unclassified_source_item_metadata,[]
2100,other,CompiledRunner,r_1536_16_384,METAL,0.04299997817724943,113664000,9498624,2100,2100,1,"{""other"": 1}",unclassified_source_item_metadata,[]
2101,other,CompiledRunner,r_16_96,METAL,0.0036249402910470963,3392,6148,2101,2101,1,"{""other"": 1}",unclassified_source_item_metadata,[]
2102,other,CompiledRunner,E_16_32_3,METAL,0.05787494592368603,4608,21508,2102,2102,1,"{""other"": 1}",unclassified_source_item_metadata,[]
2103,other,CompiledRunner,r_256_16_96n5,METAL,0.16033335123211145,897024,417792,2103,2103,1,"{""other"": 1}",unclassified_source_item_metadata,[]
2104,other,CompiledRunner,r_1536_16_16n1,METAL,0.0037499703466892242,1204224,406528,2104,2104,1,"{""other"": 1}",unclassified_source_item_metadata,[]
2105,other,CompiledRunner,r_16_96,METAL,0.0033333199098706245,3392,6148,2105,2105,1,"{""other"": 1}",unclassified_source_item_metadata,[]
2106,other,CompiledRunner,E_16_32_3n1,METAL,0.002625049091875553,6144,21510,2106,2106,1,"{""other"": 1}",unclassified_source_item_metadata,[]
2107,other,CompiledRunner,r_16_96,METAL,0.003250082954764366,3392,6148,2107,2107,1,"{""other"": 1}",unclassified_source_item_metadata,[]
2108,other,CompiledRunner,r_2048_16_96,METAL,0.012375065125524998,10027008,3171332,2108,2108,1,"{""other"": 1}",unclassified_source_item_metadata,[]
2109,other,CompiledRunner,r_8_16_16,METAL,0.002374988980591297,6656,8224,2109,2109,1,"{""other"": 1}",unclassified_source_item_metadata,[]
2110,other,CompiledRunner,E_16_2_16_4,METAL,0.0037082936614751816,37888,16928,2110,2110,1,"{""other"": 1}",unclassified_source_item_metadata,[]
2111,other,CompiledRunner,r_4_32_4_2_4_32,METAL,0.009124982170760632,2097152,548864,2111,2111,1,"{""other"": 1}",unclassified_source_item_metadata,[]
2112,other,CompiledRunner,r_8_16_32,METAL,0.002500019036233425,12288,16416,2112,2112,1,"{""other"": 1}",unclassified_source_item_metadata,[]
2113,other,CompiledRunner,r_8_16_32n1,METAL,0.00300002284348011,18560,16448,2113,2113,1,"{""other"": 1}",unclassified_source_item_metadata,[]
2114,other,CompiledRunner,r_2_32_4_2_4_64,METAL,0.01650000922381878,2197504,548928,2114,2114,1,"{""other"": 1}",unclassified_source_item_metadata,[]
2115,other,CompiledRunner,r_1536_16_128,METAL,0.01037493348121643,6709248,3166208,2115,2115,1,"{""other"": 1}",unclassified_source_item_metadata,[]
2116,other,CompiledRunner,r_16_96,METAL,0.0030833762139081955,3392,6148,2116,2116,1,"{""other"": 1}",unclassified_source_item_metadata,[]
2117,other,CompiledRunner,E_16_32_3,METAL,0.0023333122953772545,4608,21508,2117,2117,1,"{""other"": 1}",unclassified_source_item_metadata,[]
2118,other,CompiledRunner,r_16_96,METAL,0.0032084062695503235,3392,6148,2118,2118,1,"{""other"": 1}",unclassified_source_item_metadata,[]
2119,other,CompiledRunner,r_128_32_3_384_4,METAL,0.06370828486979008,44064768,18981892,2119,2119,1,"{""other"": 1}",unclassified_source_item_metadata,[]
2120,other,CompiledRunner,r_1536_16_384,METAL,0.04425004590302706,113664000,9498624,2120,2120,1,"{""other"": 1}",unclassified_source_item_metadata,[]
2121,other,CompiledRunner,r_16_96,METAL,0.003166613169014454,3392,6148,2121,2121,1,"{""other"": 1}",unclassified_source_item_metadata,[]
2122,other,CompiledRunner,E_16_32_3,METAL,0.002291635610163212,4608,21508,2122,2122,1,"{""other"": 1}",unclassified_source_item_metadata,[]
2123,other,CompiledRunner,r_256_16_96n6,METAL,0.00500003807246685,897024,417792,2123,2123,1,"{""other"": 1}",unclassified_source_item_metadata,[]
2124,other,CompiledRunner,r_1536_16_16n1,METAL,0.0038750004023313522,1204224,406528,2124,2124,1,"{""other"": 1}",unclassified_source_item_metadata,[]
2125,other,CompiledRunner,r_16_96,METAL,0.003249966539442539,3392,6148,2125,2125,1,"{""other"": 1}",unclassified_source_item_metadata,[]
2126,other,CompiledRunner,E_16_32_3n1,METAL,0.002374988980591297,6144,21510,2126,2126,1,"{""other"": 1}",unclassified_source_item_metadata,[]
2127,other,CompiledRunner,r_16_96,METAL,0.003125052899122238,3392,6148,2127,2127,1,"{""other"": 1}",unclassified_source_item_metadata,[]
2128,other,CompiledRunner,r_2048_16_96,METAL,0.011874944902956486,10027008,3171332,2128,2128,1,"{""other"": 1}",unclassified_source_item_metadata,[]
2129,other,CompiledRunner,r_8_16_16,METAL,0.002374988980591297,6656,8224,2129,2129,1,"{""other"": 1}",unclassified_source_item_metadata,[]
2130,other,CompiledRunner,E_16_2_16_4,METAL,0.003500026650726795,37888,16928,2130,2130,1,"{""other"": 1}",unclassified_source_item_metadata,[]
2131,other,CompiledRunner,r_4_32_4_2_4_32,METAL,0.009625102393329144,2097152,548864,2131,2131,1,"{""other"": 1}",unclassified_source_item_metadata,[]
2132,other,CompiledRunner,r_8_16_32,METAL,0.002374988980591297,12288,16416,2132,2132,1,"{""other"": 1}",unclassified_source_item_metadata,[]
2133,other,CompiledRunner,r_8_16_32n1,METAL,0.002874992787837982,18560,16448,2133,2133,1,"{""other"": 1}",unclassified_source_item_metadata,[]
2134,other,CompiledRunner,r_2_32_4_2_4_64,METAL,0.015749945305287838,2197504,548928,2134,2134,1,"{""other"": 1}",unclassified_source_item_metadata,[]
2135,other,CompiledRunner,r_1536_16_128,METAL,0.00966666266322136,6709248,3166208,2135,2135,1,"{""other"": 1}",unclassified_source_item_metadata,[]
2136,other,CompiledRunner,r_16_96,METAL,0.0030832597985863686,3392,6148,2136,2136,1,"{""other"": 1}",unclassified_source_item_metadata,[]
2137,other,CompiledRunner,E_16_32_3,METAL,0.020291656255722046,4608,21508,2137,2137,1,"{""other"": 1}",unclassified_source_item_metadata,[]
2138,other,CompiledRunner,r_16_96,METAL,0.055166659876704216,3392,6148,2138,2138,1,"{""other"": 1}",unclassified_source_item_metadata,[]
2139,other,CompiledRunner,r_128_32_3_384_4,METAL,0.1439583720639348,44064768,18981892,2139,2139,1,"{""other"": 1}",unclassified_source_item_metadata,[]
2140,other,CompiledRunner,r_1536_16_384,METAL,0.04662491846829653,113664000,9498624,2140,2140,1,"{""other"": 1}",unclassified_source_item_metadata,[]
2141,other,CompiledRunner,r_16_96,METAL,0.003166729584336281,3392,6148,2141,2141,1,"{""other"": 1}",unclassified_source_item_metadata,[]
2142,other,CompiledRunner,E_16_32_3,METAL,0.002625049091875553,4608,21508,2142,2142,1,"{""other"": 1}",unclassified_source_item_metadata,[]
2143,other,CompiledRunner,r_256_16_96n7,METAL,0.004875008016824722,897024,417792,2143,2143,1,"{""other"": 1}",unclassified_source_item_metadata,[]
2144,other,CompiledRunner,r_1536_16_16n1,METAL,0.0037499703466892242,1204224,406528,2144,2144,1,"{""other"": 1}",unclassified_source_item_metadata,[]
2145,other,CompiledRunner,r_16_96,METAL,0.0032082898542284966,3392,6148,2145,2145,1,"{""other"": 1}",unclassified_source_item_metadata,[]
2146,other,CompiledRunner,E_16_32_3n1,METAL,0.0027082860469818115,6144,21510,2146,2146,1,"{""other"": 1}",unclassified_source_item_metadata,[]
2147,other,CompiledRunner,r_16_96,METAL,0.003249966539442539,3392,6148,2147,2147,1,"{""other"": 1}",unclassified_source_item_metadata,[]
2148,other,CompiledRunner,r_2048_16_96,METAL,0.012125005014240742,10027008,3171332,2148,2148,1,"{""other"": 1}",unclassified_source_item_metadata,[]
2149,other,CompiledRunner,r_8_16_16,METAL,0.0023334287106990814,6656,8224,2149,2149,1,"{""other"": 1}",unclassified_source_item_metadata,[]
2150,other,CompiledRunner,E_16_2_16_4,METAL,0.003625056706368923,37888,16928,2150,2150,1,"{""other"": 1}",unclassified_source_item_metadata,[]
2151,other,CompiledRunner,r_4_32_4_2_4_32,METAL,0.009166658855974674,2097152,548864,2151,2151,1,"{""other"": 1}",unclassified_source_item_metadata,[]
2152,other,CompiledRunner,r_8_16_32,METAL,0.002374988980591297,12288,16416,2152,2152,1,"{""other"": 1}",unclassified_source_item_metadata,[]
2153,other,CompiledRunner,r_8_16_32n1,METAL,0.003125052899122238,18560,16448,2153,2153,1,"{""other"": 1}",unclassified_source_item_metadata,[]
2154,other,CompiledRunner,r_2_32_4_2_4_64,METAL,0.01620827242732048,2197504,548928,2154,2154,1,"{""other"": 1}",unclassified_source_item_metadata,[]
2155,other,CompiledRunner,r_1536_16_128,METAL,0.009750016033649445,6709248,3166208,2155,2155,1,"{""other"": 1}",unclassified_source_item_metadata,[]
2156,other,CompiledRunner,r_16_96,METAL,0.003249966539442539,3392,6148,2156,2156,1,"{""other"": 1}",unclassified_source_item_metadata,[]
2157,other,CompiledRunner,E_16_32_3,METAL,0.0022917520254850388,4608,21508,2157,2157,1,"{""other"": 1}",unclassified_source_item_metadata,[]
2158,other,CompiledRunner,r_16_96,METAL,0.0032082898542284966,3392,6148,2158,2158,1,"{""other"": 1}",unclassified_source_item_metadata,[]
2159,other,CompiledRunner,r_128_32_3_384_4,METAL,0.0641250517219305,44064768,18981892,2159,2159,1,"{""other"": 1}",unclassified_source_item_metadata,[]
2160,other,CompiledRunner,r_1536_16_384,METAL,0.043500098399817944,113664000,9498624,2160,2160,1,"{""other"": 1}",unclassified_source_item_metadata,[]
2161,other,CompiledRunner,r_16_96,METAL,0.0030833762139081955,3392,6148,2161,2161,1,"{""other"": 1}",unclassified_source_item_metadata,[]
2162,other,CompiledRunner,E_16_32_3,METAL,0.0024583423510193825,4608,21508,2162,2162,1,"{""other"": 1}",unclassified_source_item_metadata,[]
2163,other,CompiledRunner,r_256_16_96n8,METAL,0.005166628398001194,897024,417792,2163,2163,1,"{""other"": 1}",unclassified_source_item_metadata,[]
2164,other,CompiledRunner,r_1536_16_16n1,METAL,0.0037499703466892242,1204224,406528,2164,2164,1,"{""other"": 1}",unclassified_source_item_metadata,[]
2165,other,CompiledRunner,r_16_96,METAL,0.0031249364838004112,3392,6148,2165,2165,1,"{""other"": 1}",unclassified_source_item_metadata,[]
2166,other,CompiledRunner,E_16_32_3n1,METAL,0.0025832559913396835,6144,21510,2166,2166,1,"{""other"": 1}",unclassified_source_item_metadata,[]
2167,other,CompiledRunner,r_16_96,METAL,0.0031249364838004112,3392,6148,2167,2167,1,"{""other"": 1}",unclassified_source_item_metadata,[]
2168,other,CompiledRunner,r_2048_16_96,METAL,0.011499971151351929,10027008,3171332,2168,2168,1,"{""other"": 1}",unclassified_source_item_metadata,[]
2169,other,CompiledRunner,r_8_16_16,METAL,0.002374988980591297,6656,8224,2169,2169,1,"{""other"": 1}",unclassified_source_item_metadata,[]
2170,other,CompiledRunner,E_16_2_16_4,METAL,0.003541703335940838,37888,16928,2170,2170,1,"{""other"": 1}",unclassified_source_item_metadata,[]
2171,other,CompiledRunner,r_4_32_4_2_4_32,METAL,0.009500072337687016,2097152,548864,2171,2171,1,"{""other"": 1}",unclassified_source_item_metadata,[]
2172,other,CompiledRunner,r_8_16_32,METAL,0.002874992787837982,12288,16416,2172,2172,1,"{""other"": 1}",unclassified_source_item_metadata,[]
2173,other,CompiledRunner,r_8_16_32n1,METAL,0.01995835918933153,18560,16448,2173,2173,1,"{""other"": 1}",unclassified_source_item_metadata,[]
2174,other,CompiledRunner,r_2_32_4_2_4_64,METAL,0.07199996616691351,2197504,548928,2174,2174,1,"{""other"": 1}",unclassified_source_item_metadata,[]
2175,other,CompiledRunner,r_1536_16_128,METAL,0.07608334999531507,6709248,3166208,2175,2175,1,"{""other"": 1}",unclassified_source_item_metadata,[]
2176,other,CompiledRunner,r_16_96,METAL,0.003374996595084667,3392,6148,2176,2176,1,"{""other"": 1}",unclassified_source_item_metadata,[]
2177,other,CompiledRunner,E_16_32_3,METAL,0.002625049091875553,4608,21508,2177,2177,1,"{""other"": 1}",unclassified_source_item_metadata,[]
2178,other,CompiledRunner,r_16_96,METAL,0.0032082898542284966,3392,6148,2178,2178,1,"{""other"": 1}",unclassified_source_item_metadata,[]
2179,other,CompiledRunner,r_128_32_3_384_4,METAL,0.06324995774775743,44064768,18981892,2179,2179,1,"{""other"": 1}",unclassified_source_item_metadata,[]
2180,other,CompiledRunner,r_1536_16_384,METAL,0.04666659515351057,113664000,9498624,2180,2180,1,"{""other"": 1}",unclassified_source_item_metadata,[]
2181,other,CompiledRunner,r_16_96,METAL,0.0033333199098706245,3392,6148,2181,2181,1,"{""other"": 1}",unclassified_source_item_metadata,[]
2182,other,CompiledRunner,E_16_32_3,METAL,0.002541695721447468,4608,21508,2182,2182,1,"{""other"": 1}",unclassified_source_item_metadata,[]
2183,other,CompiledRunner,r_256_16_96n9,METAL,0.005249981768429279,897024,417792,2183,2183,1,"{""other"": 1}",unclassified_source_item_metadata,[]
2184,other,CompiledRunner,r_1536_16_16n1,METAL,0.0037499703466892242,1204224,406528,2184,2184,1,"{""other"": 1}",unclassified_source_item_metadata,[]
2185,other,CompiledRunner,r_16_96,METAL,0.0033333199098706245,3392,6148,2185,2185,1,"{""other"": 1}",unclassified_source_item_metadata,[]
2186,other,CompiledRunner,E_16_32_3n1,METAL,0.002874992787837982,6144,21510,2186,2186,1,"{""other"": 1}",unclassified_source_item_metadata,[]
2187,other,CompiledRunner,r_16_96,METAL,0.003166613169014454,3392,6148,2187,2187,1,"{""other"": 1}",unclassified_source_item_metadata,[]
2188,other,CompiledRunner,r_32_32_4_384_4,METAL,0.06283330731093884,14163968,6333444,2188,2188,1,"{""other"": 1}",unclassified_source_item_metadata,[]
2189,other,CompiledRunner,r_8_16_32n2,METAL,0.00300002284348011,10752,16416,2189,2189,1,"{""other"": 1}",unclassified_source_item_metadata,[]
2190,other,CompiledRunner,E_8_2_16_4_4,METAL,0.009041745215654373,95488,33824,2190,2190,1,"{""other"": 1}",unclassified_source_item_metadata,[]
2191,other,CompiledRunner,r_8_(gemma_start_pos_window+1)_16_32,METAL,0.007791677489876747,7208960,1482784,2191,2191,1,"{""other"": 1}",unclassified_source_item_metadata,[]
2192,other,CompiledRunner,r_2_4_(gemma_start_pos_window+1),METAL,0.0964583596214652,11266,22560,2192,2192,1,"{""other"": 1}",unclassified_source_item_metadata,[]
2193,other,CompiledRunner,r_2_4_(gemma_start_pos_window+1)n1,METAL,0.10837498120963573,22538,22592,2193,2193,1,"{""other"": 1}",unclassified_source_item_metadata,[]
2194,other,CompiledRunner,E_(gemma_start_pos_window+1)_2_4,METAL,0.002874992787837982,22528,45120,2194,2194,1,"{""other"": 1}",unclassified_source_item_metadata,[]
2195,other,CompiledRunner,r_8_2_16_4_4_(gemma_start_pos_window+1),METAL,0.2082083374261856,5767424,1482784,2195,2195,1,"{""other"": 1}",unclassified_source_item_metadata,[]
2196,other,CompiledRunner,r_1536_16_256,METAL,0.016375095583498478,13000704,6320128,2196,2196,1,"{""other"": 1}",unclassified_source_item_metadata,[]
2197,other,CompiledRunner,r_16_96,METAL,0.0032084062695503235,3392,6148,2197,2197,1,"{""other"": 1}",unclassified_source_item_metadata,[]
2198,other,CompiledRunner,E_16_32_3,METAL,0.002374988980591297,4608,21508,2198,2198,1,"{""other"": 1}",unclassified_source_item_metadata,[]
2199,other,CompiledRunner,r_16_96,METAL,0.003249966539442539,3392,6148,2199,2199,1,"{""other"": 1}",unclassified_source_item_metadata,[]
2200,other,CompiledRunner,r_128_32_3_384_4,METAL,0.059125013649463654,44064768,18981892,2200,2200,1,"{""other"": 1}",unclassified_source_item_metadata,[]
2201,other,CompiledRunner,r_1536_16_384,METAL,0.04324992187321186,113664000,9498624,2201,2201,1,"{""other"": 1}",unclassified_source_item_metadata,[]
2202,other,CompiledRunner,r_16_96,METAL,0.0031249364838004112,3392,6148,2202,2202,1,"{""other"": 1}",unclassified_source_item_metadata,[]
2203,other,CompiledRunner,E_16_32_3,METAL,0.00241666566580534,4608,21508,2203,2203,1,"{""other"": 1}",unclassified_source_item_metadata,[]
2204,other,CompiledRunner,r_256_16_96n10,METAL,0.01100008375942707,897024,417792,2204,2204,1,"{""other"": 1}",unclassified_source_item_metadata,[]
2205,other,CompiledRunner,r_1536_16_16n1,METAL,0.014083227142691612,1204224,406528,2205,2205,1,"{""other"": 1}",unclassified_source_item_metadata,[]
2206,other,CompiledRunner,r_16_96,METAL,0.05712499842047691,3392,6148,2206,2206,1,"{""other"": 1}",unclassified_source_item_metadata,[]
2207,other,CompiledRunner,E_16_32_3n1,METAL,0.0884166220203042,6144,21510,2207,2207,1,"{""other"": 1}",unclassified_source_item_metadata,[]
2208,other,CompiledRunner,r_16_96,METAL,0.00341667328029871,3392,6148,2208,2208,1,"{""other"": 1}",unclassified_source_item_metadata,[]
2209,other,CompiledRunner,r_256_16_96,METAL,0.005208305083215237,1253376,404484,2209,2209,1,"{""other"": 1}",unclassified_source_item_metadata,[]
2210,other,CompiledRunner,r_16_16,METAL,0.002541695721447468,832,1028,2210,2210,1,"{""other"": 1}",unclassified_source_item_metadata,[]
2211,other,CompiledRunner,E_2_32_4,METAL,0.007375027053058147,8768,2564,2211,2211,1,"{""other"": 1}",unclassified_source_item_metadata,[]
2212,other,CompiledRunner,E_192_4_8_16_4,METAL,0.003500026650726795,0,3145732,2212,2212,1,"{""other"": 1}",unclassified_source_item_metadata,[]
2213,other,CompiledRunner,E_1120_4_8_16_4,METAL,0.006624963134527206,0,18350084,2213,2213,1,"{""other"": 1}",unclassified_source_item_metadata,[]
2214,other,CompiledRunner,r_1536_16_16,METAL,0.00400003045797348,811008,1579008,2214,2214,1,"{""other"": 1}",unclassified_source_item_metadata,[]
2215,other,CompiledRunner,r_16_96,METAL,0.0031249364838004112,3392,6148,2215,2215,1,"{""other"": 1}",unclassified_source_item_metadata,[]
2216,other,CompiledRunner,r_70_32_4_384_4,METAL,0.05425000563263893,27543040,13840384,2216,2216,1,"{""other"": 1}",unclassified_source_item_metadata,[]
2217,other,CompiledRunner,r_2048_16_96,METAL,0.013499986380338669,10027008,3171332,2217,2217,1,"{""other"": 1}",unclassified_source_item_metadata,[]
2218,other,CompiledRunner,r_35_16_16,METAL,0.002500019036233425,29120,35980,2218,2218,1,"{""other"": 1}",unclassified_source_item_metadata,[]
2219,other,CompiledRunner,r_8_16_16,METAL,0.00241666566580534,6656,8224,2219,2219,1,"{""other"": 1}",unclassified_source_item_metadata,[]
2220,other,CompiledRunner,r_35_4_16_4_64_4,METAL,0.013833283446729183,2338560,9247372,2220,2220,1,"{""other"": 1}",unclassified_source_item_metadata,[]
2221,other,CompiledRunner,E_16_2_16_4,METAL,0.0038333237171173096,37888,16928,2221,2221,1,"{""other"": 1}",unclassified_source_item_metadata,[]
2222,other,CompiledRunner,r_4_32_4_2_4_32,METAL,0.009624985978007317,2097152,548864,2222,2222,1,"{""other"": 1}",unclassified_source_item_metadata,[]
2223,other,CompiledRunner,r_8_16_32,METAL,0.002625049091875553,12288,16416,2223,2223,1,"{""other"": 1}",unclassified_source_item_metadata,[]
2224,other,CompiledRunner,r_8_16_32n1,METAL,0.0030833762139081955,18560,16448,2224,2224,1,"{""other"": 1}",unclassified_source_item_metadata,[]
2225,other,CompiledRunner,r_2_32_4_2_4_64,METAL,0.017041689716279507,2197504,548928,2225,2225,1,"{""other"": 1}",unclassified_source_item_metadata,[]
2226,other,CompiledRunner,r_1536_16_128,METAL,0.01020822674036026,6709248,3166208,2226,2226,1,"{""other"": 1}",unclassified_source_item_metadata,[]
2227,other,CompiledRunner,r_16_96,METAL,0.0034583499655127525,3392,6148,2227,2227,1,"{""other"": 1}",unclassified_source_item_metadata,[]
2228,other,CompiledRunner,E_16_32_3,METAL,0.002374988980591297,4608,21508,2228,2228,1,"{""other"": 1}",unclassified_source_item_metadata,[]
2229,other,CompiledRunner,r_16_96,METAL,0.003374996595084667,3392,6148,2229,2229,1,"{""other"": 1}",unclassified_source_item_metadata,[]
2230,other,CompiledRunner,r_128_32_3_384_4,METAL,0.06004166789352894,44064768,18981892,2230,2230,1,"{""other"": 1}",unclassified_source_item_metadata,[]
2231,other,CompiledRunner,r_1536_16_384,METAL,0.04408333916217089,113664000,9498624,2231,2231,1,"{""other"": 1}",unclassified_source_item_metadata,[]
2232,other,CompiledRunner,r_16_96,METAL,0.003166613169014454,3392,6148,2232,2232,1,"{""other"": 1}",unclassified_source_item_metadata,[]
2233,other,CompiledRunner,E_16_32_3,METAL,0.002625049091875553,4608,21508,2233,2233,1,"{""other"": 1}",unclassified_source_item_metadata,[]
2234,other,CompiledRunner,r_256_16_96n1,METAL,0.00500003807246685,897024,417792,2234,2234,1,"{""other"": 1}",unclassified_source_item_metadata,[]
2235,other,CompiledRunner,r_1536_16_16n1,METAL,0.0037499703466892242,1204224,406528,2235,2235,1,"{""other"": 1}",unclassified_source_item_metadata,[]
2236,other,CompiledRunner,r_16_96,METAL,0.0032082898542284966,3392,6148,2236,2236,1,"{""other"": 1}",unclassified_source_item_metadata,[]
2237,other,CompiledRunner,E_16_32_3n1,METAL,0.00241666566580534,6144,21510,2237,2237,1,"{""other"": 1}",unclassified_source_item_metadata,[]
2238,other,CompiledRunner,r_16_96,METAL,0.003166729584336281,3392,6148,2238,2238,1,"{""other"": 1}",unclassified_source_item_metadata,[]
2239,other,CompiledRunner,r_2048_16_96,METAL,0.01200009137392044,10027008,3171332,2239,2239,1,"{""other"": 1}",unclassified_source_item_metadata,[]
2240,other,CompiledRunner,r_8_16_16,METAL,0.002374988980591297,6656,8224,2240,2240,1,"{""other"": 1}",unclassified_source_item_metadata,[]
2241,other,CompiledRunner,E_16_2_16_4,METAL,0.003374996595084667,37888,16928,2241,2241,1,"{""other"": 1}",unclassified_source_item_metadata,[]
2242,other,CompiledRunner,r_4_32_4_2_4_32,METAL,0.030125025659799576,2097152,548864,2242,2242,1,"{""other"": 1}",unclassified_source_item_metadata,[]
2243,other,CompiledRunner,r_8_16_32,METAL,0.03674998879432678,12288,16416,2243,2243,1,"{""other"": 1}",unclassified_source_item_metadata,[]
2244,other,CompiledRunner,r_8_16_32n1,METAL,0.09824999142438173,18560,16448,2244,2244,1,"{""other"": 1}",unclassified_source_item_metadata,[]
2245,other,CompiledRunner,r_2_32_4_2_4_64,METAL,0.016750069335103035,2197504,548928,2245,2245,1,"{""other"": 1}",unclassified_source_item_metadata,[]
2246,other,CompiledRunner,r_1536_16_128,METAL,0.010124989785254002,6709248,3166208,2246,2246,1,"{""other"": 1}",unclassified_source_item_metadata,[]
2247,other,CompiledRunner,r_16_96,METAL,0.0033333199098706245,3392,6148,2247,2247,1,"{""other"": 1}",unclassified_source_item_metadata,[]
2248,other,CompiledRunner,E_16_32_3,METAL,0.002749962732195854,4608,21508,2248,2248,1,"{""other"": 1}",unclassified_source_item_metadata,[]
2249,other,CompiledRunner,r_16_96,METAL,0.003249966539442539,3392,6148,2249,2249,1,"{""other"": 1}",unclassified_source_item_metadata,[]
2250,other,CompiledRunner,r_128_32_3_384_4,METAL,0.05904166027903557,44064768,18981892,2250,2250,1,"{""other"": 1}",unclassified_source_item_metadata,[]
2251,other,CompiledRunner,r_1536_16_384,METAL,0.04650000482797623,113664000,9498624,2251,2251,1,"{""other"": 1}",unclassified_source_item_metadata,[]
2252,other,CompiledRunner,r_16_96,METAL,0.003374996595084667,3392,6148,2252,2252,1,"{""other"": 1}",unclassified_source_item_metadata,[]
2253,other,CompiledRunner,E_16_32_3,METAL,0.002624932676553726,4608,21508,2253,2253,1,"{""other"": 1}",unclassified_source_item_metadata,[]
2254,other,CompiledRunner,r_256_16_96n2,METAL,0.005291658453643322,897024,417792,2254,2254,1,"{""other"": 1}",unclassified_source_item_metadata,[]
2255,other,CompiledRunner,r_1536_16_16n1,METAL,0.0038750004023313522,1204224,406528,2255,2255,1,"{""other"": 1}",unclassified_source_item_metadata,[]
2256,other,CompiledRunner,r_16_96,METAL,0.0033333199098706245,3392,6148,2256,2256,1,"{""other"": 1}",unclassified_source_item_metadata,[]
2257,other,CompiledRunner,E_16_32_3n1,METAL,0.002749962732195854,6144,21510,2257,2257,1,"{""other"": 1}",unclassified_source_item_metadata,[]
2258,other,CompiledRunner,r_16_96,METAL,0.003374996595084667,3392,6148,2258,2258,1,"{""other"": 1}",unclassified_source_item_metadata,[]
2259,other,CompiledRunner,r_2048_16_96,METAL,0.012499978765845299,10027008,3171332,2259,2259,1,"{""other"": 1}",unclassified_source_item_metadata,[]
2260,other,CompiledRunner,r_8_16_16,METAL,0.002500019036233425,6656,8224,2260,2260,1,"{""other"": 1}",unclassified_source_item_metadata,[]
2261,other,CompiledRunner,E_16_2_16_4,METAL,0.003666616976261139,37888,16928,2261,2261,1,"{""other"": 1}",unclassified_source_item_metadata,[]
2262,other,CompiledRunner,r_4_32_4_2_4_32,METAL,0.00966666266322136,2097152,548864,2262,2262,1,"{""other"": 1}",unclassified_source_item_metadata,[]
2263,other,CompiledRunner,r_8_16_32,METAL,0.002500019036233425,12288,16416,2263,2263,1,"{""other"": 1}",unclassified_source_item_metadata,[]
2264,other,CompiledRunner,r_8_16_32n1,METAL,0.003125052899122238,18560,16448,2264,2264,1,"{""other"": 1}",unclassified_source_item_metadata,[]
2265,other,CompiledRunner,r_2_32_4_2_4_64,METAL,0.016874982975423336,2197504,548928,2265,2265,1,"{""other"": 1}",unclassified_source_item_metadata,[]
2266,other,CompiledRunner,r_1536_16_128,METAL,0.01025001984089613,6709248,3166208,2266,2266,1,"{""other"": 1}",unclassified_source_item_metadata,[]
2267,other,CompiledRunner,r_16_96,METAL,0.003374996595084667,3392,6148,2267,2267,1,"{""other"": 1}",unclassified_source_item_metadata,[]
2268,other,CompiledRunner,E_16_32_3,METAL,0.00241666566580534,4608,21508,2268,2268,1,"{""other"": 1}",unclassified_source_item_metadata,[]
2269,other,CompiledRunner,r_16_96,METAL,0.003250082954764366,3392,6148,2269,2269,1,"{""other"": 1}",unclassified_source_item_metadata,[]
2270,other,CompiledRunner,r_128_32_3_384_4,METAL,0.06150000263005495,44064768,18981892,2270,2270,1,"{""other"": 1}",unclassified_source_item_metadata,[]
2271,other,CompiledRunner,r_1536_16_384,METAL,0.046333298087120056,113664000,9498624,2271,2271,1,"{""other"": 1}",unclassified_source_item_metadata,[]
2272,other,CompiledRunner,r_16_96,METAL,0.003249966539442539,3392,6148,2272,2272,1,"{""other"": 1}",unclassified_source_item_metadata,[]
2273,other,CompiledRunner,E_16_32_3,METAL,0.002666725777089596,4608,21508,2273,2273,1,"{""other"": 1}",unclassified_source_item_metadata,[]
2274,other,CompiledRunner,r_256_16_96n3,METAL,0.005500041879713535,897024,417792,2274,2274,1,"{""other"": 1}",unclassified_source_item_metadata,[]
2275,other,CompiledRunner,r_1536_16_16n1,METAL,0.003791647031903267,1204224,406528,2275,2275,1,"{""other"": 1}",unclassified_source_item_metadata,[]
2276,other,CompiledRunner,r_16_96,METAL,0.0037499703466892242,3392,6148,2276,2276,1,"{""other"": 1}",unclassified_source_item_metadata,[]
2277,other,CompiledRunner,E_16_32_3n1,METAL,0.017874990589916706,6144,21510,2277,2277,1,"{""other"": 1}",unclassified_source_item_metadata,[]
2278,other,CompiledRunner,r_16_96,METAL,0.0724999699741602,3392,6148,2278,2278,1,"{""other"": 1}",unclassified_source_item_metadata,[]
2279,other,CompiledRunner,r_2048_16_96,METAL,0.09537499863654375,10027008,3171332,2279,2279,1,"{""other"": 1}",unclassified_source_item_metadata,[]
2280,other,CompiledRunner,r_8_16_16,METAL,0.002624932676553726,6656,8224,2280,2280,1,"{""other"": 1}",unclassified_source_item_metadata,[]
2281,other,CompiledRunner,E_16_2_16_4,METAL,0.003791647031903267,37888,16928,2281,2281,1,"{""other"": 1}",unclassified_source_item_metadata,[]
2282,other,CompiledRunner,r_4_32_4_2_4_32,METAL,0.010333373211324215,2097152,548864,2282,2282,1,"{""other"": 1}",unclassified_source_item_metadata,[]
2283,other,CompiledRunner,r_8_16_32,METAL,0.002749962732195854,12288,16416,2283,2283,1,"{""other"": 1}",unclassified_source_item_metadata,[]
2284,other,CompiledRunner,r_8_16_32n1,METAL,0.003374996595084667,18560,16448,2284,2284,1,"{""other"": 1}",unclassified_source_item_metadata,[]
2285,other,CompiledRunner,r_2_32_4_2_4_64,METAL,0.017625046893954277,2197504,548928,2285,2285,1,"{""other"": 1}",unclassified_source_item_metadata,[]
2286,other,CompiledRunner,r_1536_16_128,METAL,0.010583433322608471,6709248,3166208,2286,2286,1,"{""other"": 1}",unclassified_source_item_metadata,[]
2287,other,CompiledRunner,r_16_96,METAL,0.0035833800211548805,3392,6148,2287,2287,1,"{""other"": 1}",unclassified_source_item_metadata,[]
2288,other,CompiledRunner,E_16_32_3,METAL,0.002749962732195854,4608,21508,2288,2288,1,"{""other"": 1}",unclassified_source_item_metadata,[]
2289,other,CompiledRunner,r_16_96,METAL,0.003374996595084667,3392,6148,2289,2289,1,"{""other"": 1}",unclassified_source_item_metadata,[]
2290,other,CompiledRunner,r_128_32_3_384_4,METAL,0.06295833736658096,44064768,18981892,2290,2290,1,"{""other"": 1}",unclassified_source_item_metadata,[]
2291,other,CompiledRunner,r_1536_16_384,METAL,0.04995835479348898,113664000,9498624,2291,2291,1,"{""other"": 1}",unclassified_source_item_metadata,[]
2292,other,CompiledRunner,r_16_96,METAL,0.003541703335940838,3392,6148,2292,2292,1,"{""other"": 1}",unclassified_source_item_metadata,[]
2293,other,CompiledRunner,E_16_32_3,METAL,0.002624932676553726,4608,21508,2293,2293,1,"{""other"": 1}",unclassified_source_item_metadata,[]
2294,other,CompiledRunner,r_256_16_96n4,METAL,0.005041714757680893,897024,417792,2294,2294,1,"{""other"": 1}",unclassified_source_item_metadata,[]
2295,other,CompiledRunner,r_1536_16_16n1,METAL,0.0037499703466892242,1204224,406528,2295,2295,1,"{""other"": 1}",unclassified_source_item_metadata,[]
2296,other,CompiledRunner,r_16_96,METAL,0.003374996595084667,3392,6148,2296,2296,1,"{""other"": 1}",unclassified_source_item_metadata,[]
2297,other,CompiledRunner,E_16_32_3n1,METAL,0.0027082860469818115,6144,21510,2297,2297,1,"{""other"": 1}",unclassified_source_item_metadata,[]
2298,other,CompiledRunner,r_16_96,METAL,0.0032082898542284966,3392,6148,2298,2298,1,"{""other"": 1}",unclassified_source_item_metadata,[]
2299,other,CompiledRunner,r_32_32_4_384_4,METAL,0.06620842032134533,14163968,6333444,2299,2299,1,"{""other"": 1}",unclassified_source_item_metadata,[]
2300,other,CompiledRunner,r_8_16_32n2,METAL,0.002916669473052025,10752,16416,2300,2300,1,"{""other"": 1}",unclassified_source_item_metadata,[]
2301,other,CompiledRunner,E_8_2_16_4_4,METAL,0.009375042282044888,95488,33824,2301,2301,1,"{""other"": 1}",unclassified_source_item_metadata,[]
2302,other,CompiledRunner,r_8_(gemma_start_pos_window+1)_16_32,METAL,0.008041621185839176,7208960,1482784,2302,2302,1,"{""other"": 1}",unclassified_source_item_metadata,[]
2303,other,CompiledRunner,r_2_4_(gemma_start_pos_window+1),METAL,0.10725005995482206,11266,22560,2303,2303,1,"{""other"": 1}",unclassified_source_item_metadata,[]
2304,other,CompiledRunner,r_2_4_(gemma_start_pos_window+1)n1,METAL,0.11420832015573978,22538,22592,2304,2304,1,"{""other"": 1}",unclassified_source_item_metadata,[]
2305,other,CompiledRunner,E_(gemma_start_pos_window+1)_2_4,METAL,0.00300002284348011,22528,45120,2305,2305,1,"{""other"": 1}",unclassified_source_item_metadata,[]
2306,other,CompiledRunner,r_8_2_16_4_4_(gemma_start_pos_window+1),METAL,0.21729175932705402,5767424,1482784,2306,2306,1,"{""other"": 1}",unclassified_source_item_metadata,[]
2307,other,CompiledRunner,r_1536_16_256,METAL,0.016249949112534523,13000704,6320128,2307,2307,1,"{""other"": 1}",unclassified_source_item_metadata,[]
2308,other,CompiledRunner,r_16_96,METAL,0.003250082954764366,3392,6148,2308,2308,1,"{""other"": 1}",unclassified_source_item_metadata,[]
2309,other,CompiledRunner,E_16_32_3,METAL,0.005375011824071407,4608,21508,2309,2309,1,"{""other"": 1}",unclassified_source_item_metadata,[]
2310,other,CompiledRunner,r_16_96,METAL,0.034791650250554085,3392,6148,2310,2310,1,"{""other"": 1}",unclassified_source_item_metadata,[]
2311,other,CompiledRunner,r_128_32_3_384_4,METAL,0.2319583436474204,44064768,18981892,2311,2311,1,"{""other"": 1}",unclassified_source_item_metadata,[]
2312,other,CompiledRunner,r_1536_16_384,METAL,0.04670838825404644,113664000,9498624,2312,2312,1,"{""other"": 1}",unclassified_source_item_metadata,[]
2313,other,CompiledRunner,r_16_96,METAL,0.003500026650726795,3392,6148,2313,2313,1,"{""other"": 1}",unclassified_source_item_metadata,[]
2314,other,CompiledRunner,E_16_32_3,METAL,0.002791755832731724,4608,21508,2314,2314,1,"{""other"": 1}",unclassified_source_item_metadata,[]
2315,other,CompiledRunner,r_256_16_96n5,METAL,0.005375011824071407,897024,417792,2315,2315,1,"{""other"": 1}",unclassified_source_item_metadata,[]
2316,other,CompiledRunner,r_1536_16_16n1,METAL,0.004041707143187523,1204224,406528,2316,2316,1,"{""other"": 1}",unclassified_source_item_metadata,[]
2317,other,CompiledRunner,r_16_96,METAL,0.0035832636058330536,3392,6148,2317,2317,1,"{""other"": 1}",unclassified_source_item_metadata,[]
2318,other,CompiledRunner,E_16_32_3n1,METAL,0.002750079147517681,6144,21510,2318,2318,1,"{""other"": 1}",unclassified_source_item_metadata,[]
2319,other,CompiledRunner,r_16_96,METAL,0.0034999102354049683,3392,6148,2319,2319,1,"{""other"": 1}",unclassified_source_item_metadata,[]
2320,other,CompiledRunner,r_2048_16_96,METAL,0.013125012628734112,10027008,3171332,2320,2320,1,"{""other"": 1}",unclassified_source_item_metadata,[]
2321,other,CompiledRunner,r_8_16_16,METAL,0.002624932676553726,6656,8224,2321,2321,1,"{""other"": 1}",unclassified_source_item_metadata,[]
2322,other,CompiledRunner,E_16_2_16_4,METAL,0.0038750004023313522,37888,16928,2322,2322,1,"{""other"": 1}",unclassified_source_item_metadata,[]
2323,other,CompiledRunner,r_4_32_4_2_4_32,METAL,0.0100000761449337,2097152,548864,2323,2323,1,"{""other"": 1}",unclassified_source_item_metadata,[]
2324,other,CompiledRunner,r_8_16_32,METAL,0.002625049091875553,12288,16416,2324,2324,1,"{""other"": 1}",unclassified_source_item_metadata,[]
2325,other,CompiledRunner,r_8_16_32n1,METAL,0.0033333199098706245,18560,16448,2325,2325,1,"{""other"": 1}",unclassified_source_item_metadata,[]
2326,other,CompiledRunner,r_2_32_4_2_4_64,METAL,0.01808337401598692,2197504,548928,2326,2326,1,"{""other"": 1}",unclassified_source_item_metadata,[]
2327,other,CompiledRunner,r_1536_16_128,METAL,0.010458286851644516,6709248,3166208,2327,2327,1,"{""other"": 1}",unclassified_source_item_metadata,[]
2328,other,CompiledRunner,r_16_96,METAL,0.003625056706368923,3392,6148,2328,2328,1,"{""other"": 1}",unclassified_source_item_metadata,[]
2329,other,CompiledRunner,E_16_32_3,METAL,0.0025832559913396835,4608,21508,2329,2329,1,"{""other"": 1}",unclassified_source_item_metadata,[]
2330,other,CompiledRunner,r_16_96,METAL,0.003625056706368923,3392,6148,2330,2330,1,"{""other"": 1}",unclassified_source_item_metadata,[]
2331,other,CompiledRunner,r_128_32_3_384_4,METAL,0.06391666829586029,44064768,18981892,2331,2331,1,"{""other"": 1}",unclassified_source_item_metadata,[]
2332,other,CompiledRunner,r_1536_16_384,METAL,0.04925008397549391,113664000,9498624,2332,2332,1,"{""other"": 1}",unclassified_source_item_metadata,[]
2333,other,CompiledRunner,r_16_96,METAL,0.0037084100767970085,3392,6148,2333,2333,1,"{""other"": 1}",unclassified_source_item_metadata,[]
2334,other,CompiledRunner,E_16_32_3,METAL,0.002625049091875553,4608,21508,2334,2334,1,"{""other"": 1}",unclassified_source_item_metadata,[]
2335,other,CompiledRunner,r_256_16_96n6,METAL,0.005249981768429279,897024,417792,2335,2335,1,"{""other"": 1}",unclassified_source_item_metadata,[]
2336,other,CompiledRunner,r_1536_16_16n1,METAL,0.0039583537727594376,1204224,406528,2336,2336,1,"{""other"": 1}",unclassified_source_item_metadata,[]
2337,other,CompiledRunner,r_16_96,METAL,0.003374996595084667,3392,6148,2337,2337,1,"{""other"": 1}",unclassified_source_item_metadata,[]
2338,other,CompiledRunner,E_16_32_3n1,METAL,0.002625049091875553,6144,21510,2338,2338,1,"{""other"": 1}",unclassified_source_item_metadata,[]
2339,other,CompiledRunner,r_16_96,METAL,0.0034583499655127525,3392,6148,2339,2339,1,"{""other"": 1}",unclassified_source_item_metadata,[]
2340,other,CompiledRunner,r_2048_16_96,METAL,0.012041651643812656,10027008,3171332,2340,2340,1,"{""other"": 1}",unclassified_source_item_metadata,[]
2341,other,CompiledRunner,r_8_16_16,METAL,0.0025833724066615105,6656,8224,2341,2341,1,"{""other"": 1}",unclassified_source_item_metadata,[]
2342,other,CompiledRunner,E_16_2_16_4,METAL,0.009499955922365189,37888,16928,2342,2342,1,"{""other"": 1}",unclassified_source_item_metadata,[]
2343,other,CompiledRunner,r_4_32_4_2_4_32,METAL,0.010375049896538258,2097152,548864,2343,2343,1,"{""other"": 1}",unclassified_source_item_metadata,[]
2344,other,CompiledRunner,r_8_16_32,METAL,0.052708317525684834,12288,16416,2344,2344,1,"{""other"": 1}",unclassified_source_item_metadata,[]
2345,other,CompiledRunner,r_8_16_32n1,METAL,0.09262491948902607,18560,16448,2345,2345,1,"{""other"": 1}",unclassified_source_item_metadata,[]
2346,other,CompiledRunner,r_2_32_4_2_4_64,METAL,0.01720828004181385,2197504,548928,2346,2346,1,"{""other"": 1}",unclassified_source_item_metadata,[]
2347,other,CompiledRunner,r_1536_16_128,METAL,0.010375049896538258,6709248,3166208,2347,2347,1,"{""other"": 1}",unclassified_source_item_metadata,[]
2348,other,CompiledRunner,r_16_96,METAL,0.0037499703466892242,3392,6148,2348,2348,1,"{""other"": 1}",unclassified_source_item_metadata,[]
2349,other,CompiledRunner,E_16_32_3,METAL,0.002874992787837982,4608,21508,2349,2349,1,"{""other"": 1}",unclassified_source_item_metadata,[]
2350,other,CompiledRunner,r_16_96,METAL,0.003500026650726795,3392,6148,2350,2350,1,"{""other"": 1}",unclassified_source_item_metadata,[]
2351,other,CompiledRunner,r_128_32_3_384_4,METAL,0.06550003308802843,44064768,18981892,2351,2351,1,"{""other"": 1}",unclassified_source_item_metadata,[]
2352,other,CompiledRunner,r_1536_16_384,METAL,0.052749994210898876,113664000,9498624,2352,2352,1,"{""other"": 1}",unclassified_source_item_metadata,[]
2353,other,CompiledRunner,r_16_96,METAL,0.003625056706368923,3392,6148,2353,2353,1,"{""other"": 1}",unclassified_source_item_metadata,[]
2354,other,CompiledRunner,E_16_32_3,METAL,0.0030832597985863686,4608,21508,2354,2354,1,"{""other"": 1}",unclassified_source_item_metadata,[]
2355,other,CompiledRunner,r_256_16_96n7,METAL,0.005500041879713535,897024,417792,2355,2355,1,"{""other"": 1}",unclassified_source_item_metadata,[]
2356,other,CompiledRunner,r_1536_16_16n1,METAL,0.003999914042651653,1204224,406528,2356,2356,1,"{""other"": 1}",unclassified_source_item_metadata,[]
2357,other,CompiledRunner,r_16_96,METAL,0.003500026650726795,3392,6148,2357,2357,1,"{""other"": 1}",unclassified_source_item_metadata,[]
2358,other,CompiledRunner,E_16_32_3n1,METAL,0.002749962732195854,6144,21510,2358,2358,1,"{""other"": 1}",unclassified_source_item_metadata,[]
2359,other,CompiledRunner,r_16_96,METAL,0.003541586920619011,3392,6148,2359,2359,1,"{""other"": 1}",unclassified_source_item_metadata,[]
2360,other,CompiledRunner,r_2048_16_96,METAL,0.012625008821487427,10027008,3171332,2360,2360,1,"{""other"": 1}",unclassified_source_item_metadata,[]
2361,other,CompiledRunner,r_8_16_16,METAL,0.002624932676553726,6656,8224,2361,2361,1,"{""other"": 1}",unclassified_source_item_metadata,[]
2362,other,CompiledRunner,E_16_2_16_4,METAL,0.0038333237171173096,37888,16928,2362,2362,1,"{""other"": 1}",unclassified_source_item_metadata,[]
2363,other,CompiledRunner,r_4_32_4_2_4_32,METAL,0.010041636414825916,2097152,548864,2363,2363,1,"{""other"": 1}",unclassified_source_item_metadata,[]
2364,other,CompiledRunner,r_8_16_32,METAL,0.002666725777089596,12288,16416,2364,2364,1,"{""other"": 1}",unclassified_source_item_metadata,[]
2365,other,CompiledRunner,r_8_16_32n1,METAL,0.003291759639978409,18560,16448,2365,2365,1,"{""other"": 1}",unclassified_source_item_metadata,[]
2366,other,CompiledRunner,r_2_32_4_2_4_64,METAL,0.017750076949596405,2197504,548928,2366,2366,1,"{""other"": 1}",unclassified_source_item_metadata,[]
2367,other,CompiledRunner,r_1536_16_128,METAL,0.010499963536858559,6709248,3166208,2367,2367,1,"{""other"": 1}",unclassified_source_item_metadata,[]
2368,other,CompiledRunner,r_16_96,METAL,0.003541703335940838,3392,6148,2368,2368,1,"{""other"": 1}",unclassified_source_item_metadata,[]
2369,other,CompiledRunner,E_16_32_3,METAL,0.002749962732195854,4608,21508,2369,2369,1,"{""other"": 1}",unclassified_source_item_metadata,[]
2370,other,CompiledRunner,r_16_96,METAL,0.0036249402910470963,3392,6148,2370,2370,1,"{""other"": 1}",unclassified_source_item_metadata,[]
2371,other,CompiledRunner,r_128_32_3_384_4,METAL,0.06604171358048916,44064768,18981892,2371,2371,1,"{""other"": 1}",unclassified_source_item_metadata,[]
2372,other,CompiledRunner,r_1536_16_384,METAL,0.048874993808567524,113664000,9498624,2372,2372,1,"{""other"": 1}",unclassified_source_item_metadata,[]
2373,other,CompiledRunner,r_16_96,METAL,0.0035832636058330536,3392,6148,2373,2373,1,"{""other"": 1}",unclassified_source_item_metadata,[]
2374,other,CompiledRunner,E_16_32_3,METAL,0.002791639417409897,4608,21508,2374,2374,1,"{""other"": 1}",unclassified_source_item_metadata,[]
2375,other,CompiledRunner,r_256_16_96n8,METAL,0.005500041879713535,897024,417792,2375,2375,1,"{""other"": 1}",unclassified_source_item_metadata,[]
2376,other,CompiledRunner,r_1536_16_16n1,METAL,0.004041707143187523,1204224,406528,2376,2376,1,"{""other"": 1}",unclassified_source_item_metadata,[]
2377,other,CompiledRunner,r_16_96,METAL,0.004749977961182594,3392,6148,2377,2377,1,"{""other"": 1}",unclassified_source_item_metadata,[]
2378,other,CompiledRunner,E_16_32_3n1,METAL,0.024124979972839355,6144,21510,2378,2378,1,"{""other"": 1}",unclassified_source_item_metadata,[]
2379,other,CompiledRunner,r_16_96,METAL,0.08199992589652538,3392,6148,2379,2379,1,"{""other"": 1}",unclassified_source_item_metadata,[]
2380,other,CompiledRunner,r_2048_16_96,METAL,0.1124583650380373,10027008,3171332,2380,2380,1,"{""other"": 1}",unclassified_source_item_metadata,[]
2381,other,CompiledRunner,r_8_16_16,METAL,0.0027082860469818115,6656,8224,2381,2381,1,"{""other"": 1}",unclassified_source_item_metadata,[]
2382,other,CompiledRunner,E_16_2_16_4,METAL,0.003999914042651653,37888,16928,2382,2382,1,"{""other"": 1}",unclassified_source_item_metadata,[]
2383,other,CompiledRunner,r_4_32_4_2_4_32,METAL,0.010583316907286644,2097152,548864,2383,2383,1,"{""other"": 1}",unclassified_source_item_metadata,[]
2384,other,CompiledRunner,r_8_16_32,METAL,0.0028333161026239395,12288,16416,2384,2384,1,"{""other"": 1}",unclassified_source_item_metadata,[]
2385,other,CompiledRunner,r_8_16_32n1,METAL,0.003541586920619011,18560,16448,2385,2385,1,"{""other"": 1}",unclassified_source_item_metadata,[]
2386,other,CompiledRunner,r_2_32_4_2_4_64,METAL,0.018458347767591476,2197504,548928,2386,2386,1,"{""other"": 1}",unclassified_source_item_metadata,[]
2387,other,CompiledRunner,r_1536_16_128,METAL,0.01066667027771473,6709248,3166208,2387,2387,1,"{""other"": 1}",unclassified_source_item_metadata,[]
2388,other,CompiledRunner,r_16_96,METAL,0.0038750004023313522,3392,6148,2388,2388,1,"{""other"": 1}",unclassified_source_item_metadata,[]
2389,other,CompiledRunner,E_16_32_3,METAL,0.002874992787837982,4608,21508,2389,2389,1,"{""other"": 1}",unclassified_source_item_metadata,[]
2390,other,CompiledRunner,r_16_96,METAL,0.0036249402910470963,3392,6148,2390,2390,1,"{""other"": 1}",unclassified_source_item_metadata,[]
2391,other,CompiledRunner,r_128_32_3_384_4,METAL,0.06750004831701517,44064768,18981892,2391,2391,1,"{""other"": 1}",unclassified_source_item_metadata,[]
2392,other,CompiledRunner,r_1536_16_384,METAL,0.05324999801814556,113664000,9498624,2392,2392,1,"{""other"": 1}",unclassified_source_item_metadata,[]
2393,other,CompiledRunner,r_16_96,METAL,0.0038333237171173096,3392,6148,2393,2393,1,"{""other"": 1}",unclassified_source_item_metadata,[]
2394,other,CompiledRunner,E_16_32_3,METAL,0.002916669473052025,4608,21508,2394,2394,1,"{""other"": 1}",unclassified_source_item_metadata,[]
2395,other,CompiledRunner,r_256_16_96n9,METAL,0.005749985575675964,897024,417792,2395,2395,1,"{""other"": 1}",unclassified_source_item_metadata,[]
2396,other,CompiledRunner,r_1536_16_16n1,METAL,0.004208297468721867,1204224,406528,2396,2396,1,"{""other"": 1}",unclassified_source_item_metadata,[]
2397,other,CompiledRunner,r_16_96,METAL,0.003750086762011051,3392,6148,2397,2397,1,"{""other"": 1}",unclassified_source_item_metadata,[]
2398,other,CompiledRunner,E_16_32_3n1,METAL,0.0031249364838004112,6144,21510,2398,2398,1,"{""other"": 1}",unclassified_source_item_metadata,[]
2399,other,CompiledRunner,r_16_96,METAL,0.0038333237171173096,3392,6148,2399,2399,1,"{""other"": 1}",unclassified_source_item_metadata,[]
2400,other,CompiledRunner,r_32_32_4_384_4,METAL,0.07375003769993782,14163968,6333444,2400,2400,1,"{""other"": 1}",unclassified_source_item_metadata,[]
2401,other,CompiledRunner,r_8_16_32n2,METAL,0.00341667328029871,10752,16416,2401,2401,1,"{""other"": 1}",unclassified_source_item_metadata,[]
2402,other,CompiledRunner,E_8_2_16_4_4,METAL,0.010458403266966343,95488,33824,2402,2402,1,"{""other"": 1}",unclassified_source_item_metadata,[]
2403,other,CompiledRunner,r_8_(gemma_start_pos_window+1)_16_32,METAL,0.008500064723193645,7208960,1482784,2403,2403,1,"{""other"": 1}",unclassified_source_item_metadata,[]
2404,other,CompiledRunner,r_2_4_(gemma_start_pos_window+1),METAL,0.11462508700788021,11266,22560,2404,2404,1,"{""other"": 1}",unclassified_source_item_metadata,[]
2405,other,CompiledRunner,r_2_4_(gemma_start_pos_window+1)n1,METAL,0.12199999764561653,22538,22592,2405,2405,1,"{""other"": 1}",unclassified_source_item_metadata,[]
2406,other,CompiledRunner,E_(gemma_start_pos_window+1)_2_4,METAL,0.003125052899122238,22528,45120,2406,2406,1,"{""other"": 1}",unclassified_source_item_metadata,[]
2407,other,CompiledRunner,r_8_2_16_4_4_(gemma_start_pos_window+1),METAL,0.2385417465120554,5767424,1482784,2407,2407,1,"{""other"": 1}",unclassified_source_item_metadata,[]
2408,other,CompiledRunner,r_1536_16_256,METAL,0.02662499900907278,13000704,6320128,2408,2408,1,"{""other"": 1}",unclassified_source_item_metadata,[]
2409,other,CompiledRunner,r_16_96,METAL,0.18116668798029423,3392,6148,2409,2409,1,"{""other"": 1}",unclassified_source_item_metadata,[]
2410,other,CompiledRunner,E_16_32_3,METAL,0.002791639417409897,4608,21508,2410,2410,1,"{""other"": 1}",unclassified_source_item_metadata,[]
2411,other,CompiledRunner,r_16_96,METAL,0.0036249402910470963,3392,6148,2411,2411,1,"{""other"": 1}",unclassified_source_item_metadata,[]
2412,other,CompiledRunner,r_128_32_3_384_4,METAL,0.06287498399615288,44064768,18981892,2412,2412,1,"{""other"": 1}",unclassified_source_item_metadata,[]
2413,other,CompiledRunner,r_1536_16_384,METAL,0.04983332473784685,113664000,9498624,2413,2413,1,"{""other"": 1}",unclassified_source_item_metadata,[]
2414,other,CompiledRunner,r_16_96,METAL,0.003916677087545395,3392,6148,2414,2414,1,"{""other"": 1}",unclassified_source_item_metadata,[]
2415,other,CompiledRunner,E_16_32_3,METAL,0.00300002284348011,4608,21508,2415,2415,1,"{""other"": 1}",unclassified_source_item_metadata,[]
2416,other,CompiledRunner,r_256_16_96n10,METAL,0.005500041879713535,897024,417792,2416,2416,1,"{""other"": 1}",unclassified_source_item_metadata,[]
2417,other,CompiledRunner,r_1536_16_16n1,METAL,0.004166620783507824,1204224,406528,2417,2417,1,"{""other"": 1}",unclassified_source_item_metadata,[]
2418,other,CompiledRunner,r_16_96,METAL,0.0038333237171173096,3392,6148,2418,2418,1,"{""other"": 1}",unclassified_source_item_metadata,[]
2419,other,CompiledRunner,E_16_32_3n1,METAL,0.0029583461582660675,6144,21510,2419,2419,1,"{""other"": 1}",unclassified_source_item_metadata,[]
2420,other,CompiledRunner,r_16_96,METAL,0.0037499703466892242,3392,6148,2420,2420,1,"{""other"": 1}",unclassified_source_item_metadata,[]
2421,other,CompiledRunner,r_256_16_96,METAL,0.005749985575675964,1253376,404484,2421,2421,1,"{""other"": 1}",unclassified_source_item_metadata,[]
2422,other,CompiledRunner,r_16_16,METAL,0.002749962732195854,832,1028,2422,2422,1,"{""other"": 1}",unclassified_source_item_metadata,[]
2423,other,CompiledRunner,E_2_32_4n1,METAL,0.002625049091875553,256,2052,2423,2423,1,"{""other"": 1}",unclassified_source_item_metadata,[]
2424,other,CompiledRunner,E_192_4_8_16_4,METAL,0.0038750004023313522,0,3145732,2424,2424,1,"{""other"": 1}",unclassified_source_item_metadata,[]
2425,other,CompiledRunner,E_1120_4_8_16_4,METAL,0.007500057108700275,0,18350084,2425,2425,1,"{""other"": 1}",unclassified_source_item_metadata,[]
2426,other,CompiledRunner,r_1536_16_16,METAL,0.004333327524363995,811008,1579008,2426,2426,1,"{""other"": 1}",unclassified_source_item_metadata,[]
2427,other,CompiledRunner,r_16_96,METAL,0.0037082936614751816,3392,6148,2427,2427,1,"{""other"": 1}",unclassified_source_item_metadata,[]
2428,other,CompiledRunner,r_70_32_4_384_4,METAL,0.0601249048486352,27543040,13840384,2428,2428,1,"{""other"": 1}",unclassified_source_item_metadata,[]
2429,other,CompiledRunner,r_2048_16_96,METAL,0.013333396054804325,10027008,3171332,2429,2429,1,"{""other"": 1}",unclassified_source_item_metadata,[]
2430,other,CompiledRunner,r_35_16_16,METAL,0.002874992787837982,29120,35980,2430,2430,1,"{""other"": 1}",unclassified_source_item_metadata,[]
2431,other,CompiledRunner,r_8_16_16,METAL,0.002874992787837982,6656,8224,2431,2431,1,"{""other"": 1}",unclassified_source_item_metadata,[]
2432,other,CompiledRunner,r_35_4_16_4_64_4,METAL,0.014374963939189911,2338560,9247372,2432,2432,1,"{""other"": 1}",unclassified_source_item_metadata,[]
2433,other,CompiledRunner,E_16_2_16_4,METAL,0.004041590727865696,37888,16928,2433,2433,1,"{""other"": 1}",unclassified_source_item_metadata,[]
2434,other,CompiledRunner,r_4_32_4_2_4_32,METAL,0.010541640222072601,2097152,548864,2434,2434,1,"{""other"": 1}",unclassified_source_item_metadata,[]
2435,other,CompiledRunner,r_8_16_32,METAL,0.002874992787837982,12288,16416,2435,2435,1,"{""other"": 1}",unclassified_source_item_metadata,[]
2436,other,CompiledRunner,r_8_16_32n1,METAL,0.003541703335940838,18560,16448,2436,2436,1,"{""other"": 1}",unclassified_source_item_metadata,[]
2437,other,CompiledRunner,r_2_32_4_2_4_64,METAL,0.018708407878875732,2197504,548928,2437,2437,1,"{""other"": 1}",unclassified_source_item_metadata,[]
2438,other,CompiledRunner,r_1536_16_128,METAL,0.010750023648142815,6709248,3166208,2438,2438,1,"{""other"": 1}",unclassified_source_item_metadata,[]
2439,other,CompiledRunner,r_16_96,METAL,0.003791647031903267,3392,6148,2439,2439,1,"{""other"": 1}",unclassified_source_item_metadata,[]
2440,other,CompiledRunner,E_16_32_3,METAL,0.002874992787837982,4608,21508,2440,2440,1,"{""other"": 1}",unclassified_source_item_metadata,[]
2441,other,CompiledRunner,r_16_96,METAL,0.0038750004023313522,3392,6148,2441,2441,1,"{""other"": 1}",unclassified_source_item_metadata,[]
2442,other,CompiledRunner,r_128_32_3_384_4,METAL,0.06266660057008266,44064768,18981892,2442,2442,1,"{""other"": 1}",unclassified_source_item_metadata,[]
2443,other,CompiledRunner,r_1536_16_384,METAL,0.05341670475900173,113664000,9498624,2443,2443,1,"{""other"": 1}",unclassified_source_item_metadata,[]
2444,other,CompiledRunner,r_16_96,METAL,0.0038333237171173096,3392,6148,2444,2444,1,"{""other"": 1}",unclassified_source_item_metadata,[]
2445,other,CompiledRunner,E_16_32_3,METAL,0.0031249364838004112,4608,21508,2445,2445,1,"{""other"": 1}",unclassified_source_item_metadata,[]
2446,other,CompiledRunner,r_256_16_96n1,METAL,0.005624955520033836,897024,417792,2446,2446,1,"{""other"": 1}",unclassified_source_item_metadata,[]
2447,other,CompiledRunner,r_1536_16_16n1,METAL,0.004333327524363995,1204224,406528,2447,2447,1,"{""other"": 1}",unclassified_source_item_metadata,[]
2448,other,CompiledRunner,r_16_96,METAL,0.0039583537727594376,3392,6148,2448,2448,1,"{""other"": 1}",unclassified_source_item_metadata,[]
2449,other,CompiledRunner,E_16_32_3n1,METAL,0.0032082898542284966,6144,21510,2449,2449,1,"{""other"": 1}",unclassified_source_item_metadata,[]
2450,other,CompiledRunner,r_16_96,METAL,0.003625056706368923,3392,6148,2450,2450,1,"{""other"": 1}",unclassified_source_item_metadata,[]
2451,other,CompiledRunner,r_2048_16_96,METAL,0.013875076547265053,10027008,3171332,2451,2451,1,"{""other"": 1}",unclassified_source_item_metadata,[]
2452,other,CompiledRunner,r_8_16_16,METAL,0.002791755832731724,6656,8224,2452,2452,1,"{""other"": 1}",unclassified_source_item_metadata,[]
2453,other,CompiledRunner,E_16_2_16_4,METAL,0.004208297468721867,37888,16928,2453,2453,1,"{""other"": 1}",unclassified_source_item_metadata,[]
2454,other,CompiledRunner,r_4_32_4_2_4_32,METAL,0.0108333770185709,2097152,548864,2454,2454,1,"{""other"": 1}",unclassified_source_item_metadata,[]
2455,other,CompiledRunner,r_8_16_32,METAL,0.002916669473052025,12288,16416,2455,2455,1,"{""other"": 1}",unclassified_source_item_metadata,[]
2456,other,CompiledRunner,r_8_16_32n1,METAL,0.0036249402910470963,18560,16448,2456,2456,1,"{""other"": 1}",unclassified_source_item_metadata,[]
2457,other,CompiledRunner,r_2_32_4_2_4_64,METAL,0.020291656255722046,2197504,548928,2457,2457,1,"{""other"": 1}",unclassified_source_item_metadata,[]
2458,other,CompiledRunner,r_1536_16_128,METAL,0.011291704140603542,6709248,3166208,2458,2458,1,"{""other"": 1}",unclassified_source_item_metadata,[]
2459,other,CompiledRunner,r_16_96,METAL,0.004124944098293781,3392,6148,2459,2459,1,"{""other"": 1}",unclassified_source_item_metadata,[]
2460,other,CompiledRunner,E_16_32_3,METAL,0.0029583461582660675,4608,21508,2460,2460,1,"{""other"": 1}",unclassified_source_item_metadata,[]
2461,other,CompiledRunner,r_16_96,METAL,0.004125060513615608,3392,6148,2461,2461,1,"{""other"": 1}",unclassified_source_item_metadata,[]
2462,other,CompiledRunner,r_128_32_3_384_4,METAL,0.06445834878832102,44064768,18981892,2462,2462,1,"{""other"": 1}",unclassified_source_item_metadata,[]
2463,other,CompiledRunner,r_1536_16_384,METAL,0.05625002086162567,113664000,9498624,2463,2463,1,"{""other"": 1}",unclassified_source_item_metadata,[]
2464,other,CompiledRunner,r_16_96,METAL,0.004125060513615608,3392,6148,2464,2464,1,"{""other"": 1}",unclassified_source_item_metadata,[]
2465,other,CompiledRunner,E_16_32_3,METAL,0.002874992787837982,4608,21508,2465,2465,1,"{""other"": 1}",unclassified_source_item_metadata,[]
2466,other,CompiledRunner,r_256_16_96n2,METAL,0.005749985575675964,897024,417792,2466,2466,1,"{""other"": 1}",unclassified_source_item_metadata,[]
2467,other,CompiledRunner,r_1536_16_16n1,METAL,0.004291650839149952,1204224,406528,2467,2467,1,"{""other"": 1}",unclassified_source_item_metadata,[]
2468,other,CompiledRunner,r_16_96,METAL,0.004041707143187523,3392,6148,2468,2468,1,"{""other"": 1}",unclassified_source_item_metadata,[]
2469,other,CompiledRunner,E_16_32_3n1,METAL,0.003041699528694153,6144,21510,2469,2469,1,"{""other"": 1}",unclassified_source_item_metadata,[]
2470,other,CompiledRunner,r_16_96,METAL,0.0038750004023313522,3392,6148,2470,2470,1,"{""other"": 1}",unclassified_source_item_metadata,[]
2471,other,CompiledRunner,r_2048_16_96,METAL,0.012499978765845299,10027008,3171332,2471,2471,1,"{""other"": 1}",unclassified_source_item_metadata,[]
2472,other,CompiledRunner,r_8_16_16,METAL,0.0029583461582660675,6656,8224,2472,2472,1,"{""other"": 1}",unclassified_source_item_metadata,[]
2473,other,CompiledRunner,E_16_2_16_4,METAL,0.003999914042651653,37888,16928,2473,2473,1,"{""other"": 1}",unclassified_source_item_metadata,[]
2474,other,CompiledRunner,r_4_32_4_2_4_32,METAL,0.010500079952180386,2097152,548864,2474,2474,1,"{""other"": 1}",unclassified_source_item_metadata,[]
2475,other,CompiledRunner,r_8_16_32,METAL,0.002874992787837982,12288,16416,2475,2475,1,"{""other"": 1}",unclassified_source_item_metadata,[]
2476,other,CompiledRunner,r_8_16_32n1,METAL,0.003500026650726795,18560,16448,2476,2476,1,"{""other"": 1}",unclassified_source_item_metadata,[]
2477,other,CompiledRunner,r_2_32_4_2_4_64,METAL,0.01879164483398199,2197504,548928,2477,2477,1,"{""other"": 1}",unclassified_source_item_metadata,[]
2478,other,CompiledRunner,r_1536_16_128,METAL,0.010375049896538258,6709248,3166208,2478,2478,1,"{""other"": 1}",unclassified_source_item_metadata,[]
2479,other,CompiledRunner,r_16_96,METAL,0.0036249402910470963,3392,6148,2479,2479,1,"{""other"": 1}",unclassified_source_item_metadata,[]
2480,other,CompiledRunner,E_16_32_3,METAL,0.002666725777089596,4608,21508,2480,2480,1,"{""other"": 1}",unclassified_source_item_metadata,[]
2481,other,CompiledRunner,r_16_96,METAL,0.0037084100767970085,3392,6148,2481,2481,1,"{""other"": 1}",unclassified_source_item_metadata,[]
2482,other,CompiledRunner,r_128_32_3_384_4,METAL,0.06262504030019045,44064768,18981892,2482,2482,1,"{""other"": 1}",unclassified_source_item_metadata,[]
2483,other,CompiledRunner,r_1536_16_384,METAL,0.06087496876716614,113664000,9498624,2483,2483,1,"{""other"": 1}",unclassified_source_item_metadata,[]
2484,other,CompiledRunner,r_16_96,METAL,0.004125060513615608,3392,6148,2484,2484,1,"{""other"": 1}",unclassified_source_item_metadata,[]
2485,other,CompiledRunner,E_16_32_3,METAL,0.0031249364838004112,4608,21508,2485,2485,1,"{""other"": 1}",unclassified_source_item_metadata,[]
2486,other,CompiledRunner,r_256_16_96n3,METAL,0.006083282642066479,897024,417792,2486,2486,1,"{""other"": 1}",unclassified_source_item_metadata,[]
2487,other,CompiledRunner,r_1536_16_16n1,METAL,0.004375004209578037,1204224,406528,2487,2487,1,"{""other"": 1}",unclassified_source_item_metadata,[]
2488,other,CompiledRunner,r_16_96,METAL,0.003625056706368923,3392,6148,2488,2488,1,"{""other"": 1}",unclassified_source_item_metadata,[]
2489,other,CompiledRunner,E_16_32_3n1,METAL,0.003125052899122238,6144,21510,2489,2489,1,"{""other"": 1}",unclassified_source_item_metadata,[]
2490,other,CompiledRunner,r_16_96,METAL,0.0038750004023313522,3392,6148,2490,2490,1,"{""other"": 1}",unclassified_source_item_metadata,[]
2491,other,CompiledRunner,r_2048_16_96,METAL,0.013208365999162197,10027008,3171332,2491,2491,1,"{""other"": 1}",unclassified_source_item_metadata,[]
2492,other,CompiledRunner,r_8_16_16,METAL,0.002874992787837982,6656,8224,2492,2492,1,"{""other"": 1}",unclassified_source_item_metadata,[]
2493,other,CompiledRunner,E_16_2_16_4,METAL,0.004125060513615608,37888,16928,2493,2493,1,"{""other"": 1}",unclassified_source_item_metadata,[]
2494,other,CompiledRunner,r_4_32_4_2_4_32,METAL,0.011124997399747372,2097152,548864,2494,2494,1,"{""other"": 1}",unclassified_source_item_metadata,[]
2495,other,CompiledRunner,r_8_16_32,METAL,0.0029582297429442406,12288,16416,2495,2495,1,"{""other"": 1}",unclassified_source_item_metadata,[]
2496,other,CompiledRunner,r_8_16_32n1,METAL,0.003666733391582966,18560,16448,2496,2496,1,"{""other"": 1}",unclassified_source_item_metadata,[]
2497,other,CompiledRunner,r_2_32_4_2_4_64,METAL,0.019749975763261318,2197504,548928,2497,2497,1,"{""other"": 1}",unclassified_source_item_metadata,[]
2498,other,CompiledRunner,r_1536_16_128,METAL,0.010624993592500687,6709248,3166208,2498,2498,1,"{""other"": 1}",unclassified_source_item_metadata,[]
2499,other,CompiledRunner,r_16_96,METAL,0.004083267413079739,3392,6148,2499,2499,1,"{""other"": 1}",unclassified_source_item_metadata,[]
2500,other,CompiledRunner,E_16_32_3,METAL,0.0029582297429442406,4608,21508,2500,2500,1,"{""other"": 1}",unclassified_source_item_metadata,[]
2501,other,CompiledRunner,r_16_96,METAL,0.00400003045797348,3392,6148,2501,2501,1,"{""other"": 1}",unclassified_source_item_metadata,[]
2502,other,CompiledRunner,r_128_32_3_384_4,METAL,0.06558338645845652,44064768,18981892,2502,2502,1,"{""other"": 1}",unclassified_source_item_metadata,[]
2503,other,CompiledRunner,r_1536_16_384,METAL,0.056750024668872356,113664000,9498624,2503,2503,1,"{""other"": 1}",unclassified_source_item_metadata,[]
2504,other,CompiledRunner,r_16_96,METAL,0.00400003045797348,3392,6148,2504,2504,1,"{""other"": 1}",unclassified_source_item_metadata,[]
2505,other,CompiledRunner,E_16_32_3,METAL,0.002874992787837982,4608,21508,2505,2505,1,"{""other"": 1}",unclassified_source_item_metadata,[]
2506,other,CompiledRunner,r_256_16_96n4,METAL,0.005916575901210308,897024,417792,2506,2506,1,"{""other"": 1}",unclassified_source_item_metadata,[]
2507,other,CompiledRunner,r_1536_16_16n1,METAL,0.004375004209578037,1204224,406528,2507,2507,1,"{""other"": 1}",unclassified_source_item_metadata,[]
2508,other,CompiledRunner,r_16_96,METAL,0.004041707143187523,3392,6148,2508,2508,1,"{""other"": 1}",unclassified_source_item_metadata,[]
2509,other,CompiledRunner,E_16_32_3n1,METAL,0.00300002284348011,6144,21510,2509,2509,1,"{""other"": 1}",unclassified_source_item_metadata,[]
2510,other,CompiledRunner,r_16_96,METAL,0.00400003045797348,3392,6148,2510,2510,1,"{""other"": 1}",unclassified_source_item_metadata,[]
2511,other,CompiledRunner,r_32_32_4_384_4,METAL,0.07800001185387373,14163968,6333444,2511,2511,1,"{""other"": 1}",unclassified_source_item_metadata,[]
2512,other,CompiledRunner,r_8_16_32n2,METAL,0.003791647031903267,10752,16416,2512,2512,1,"{""other"": 1}",unclassified_source_item_metadata,[]
2513,other,CompiledRunner,E_8_2_16_4_4,METAL,0.01037493348121643,95488,33824,2513,2513,1,"{""other"": 1}",unclassified_source_item_metadata,[]
2514,other,CompiledRunner,r_8_(gemma_start_pos_window+1)_16_32,METAL,0.009708339348435402,7208960,1482784,2514,2514,1,"{""other"": 1}",unclassified_source_item_metadata,[]
2515,other,CompiledRunner,r_2_4_(gemma_start_pos_window+1),METAL,0.10987499263137579,11266,22560,2515,2515,1,"{""other"": 1}",unclassified_source_item_metadata,[]
2516,other,CompiledRunner,r_2_4_(gemma_start_pos_window+1)n1,METAL,0.1786666689440608,22538,22592,2516,2516,1,"{""other"": 1}",unclassified_source_item_metadata,[]
2517,other,CompiledRunner,E_(gemma_start_pos_window+1)_2_4,METAL,0.09524996858090162,22528,45120,2517,2517,1,"{""other"": 1}",unclassified_source_item_metadata,[]
2518,other,CompiledRunner,r_8_2_16_4_4_(gemma_start_pos_window+1),METAL,0.2530834171921015,5767424,1482784,2518,2518,1,"{""other"": 1}",unclassified_source_item_metadata,[]
2519,other,CompiledRunner,r_1536_16_256,METAL,0.018666614778339863,13000704,6320128,2519,2519,1,"{""other"": 1}",unclassified_source_item_metadata,[]
2520,other,CompiledRunner,r_16_96,METAL,0.00400003045797348,3392,6148,2520,2520,1,"{""other"": 1}",unclassified_source_item_metadata,[]
2521,other,CompiledRunner,E_16_32_3,METAL,0.003249966539442539,4608,21508,2521,2521,1,"{""other"": 1}",unclassified_source_item_metadata,[]
2522,other,CompiledRunner,r_16_96,METAL,0.00400003045797348,3392,6148,2522,2522,1,"{""other"": 1}",unclassified_source_item_metadata,[]
2523,other,CompiledRunner,r_128_32_3_384_4,METAL,0.07220834959298372,44064768,18981892,2523,2523,1,"{""other"": 1}",unclassified_source_item_metadata,[]
2524,other,CompiledRunner,r_1536_16_384,METAL,0.06174994632601738,113664000,9498624,2524,2524,1,"{""other"": 1}",unclassified_source_item_metadata,[]
2525,other,CompiledRunner,r_16_96,METAL,0.004124944098293781,3392,6148,2525,2525,1,"{""other"": 1}",unclassified_source_item_metadata,[]
2526,other,CompiledRunner,E_16_32_3,METAL,0.003166729584336281,4608,21508,2526,2526,1,"{""other"": 1}",unclassified_source_item_metadata,[]
2527,other,CompiledRunner,r_256_16_96n5,METAL,0.006208312697708607,897024,417792,2527,2527,1,"{""other"": 1}",unclassified_source_item_metadata,[]
2528,other,CompiledRunner,r_1536_16_16n1,METAL,0.004708301275968552,1204224,406528,2528,2528,1,"{""other"": 1}",unclassified_source_item_metadata,[]
2529,other,CompiledRunner,r_16_96,METAL,0.004499917849898338,3392,6148,2529,2529,1,"{""other"": 1}",unclassified_source_item_metadata,[]
2530,other,CompiledRunner,E_16_32_3n1,METAL,0.003374996595084667,6144,21510,2530,2530,1,"{""other"": 1}",unclassified_source_item_metadata,[]
2531,other,CompiledRunner,r_16_96,METAL,0.004208297468721867,3392,6148,2531,2531,1,"{""other"": 1}",unclassified_source_item_metadata,[]
2532,other,CompiledRunner,r_2048_16_96,METAL,0.014958321116864681,10027008,3171332,2532,2532,1,"{""other"": 1}",unclassified_source_item_metadata,[]
2533,other,CompiledRunner,r_8_16_16,METAL,0.003249966539442539,6656,8224,2533,2533,1,"{""other"": 1}",unclassified_source_item_metadata,[]
2534,other,CompiledRunner,E_16_2_16_4,METAL,0.004624947905540466,37888,16928,2534,2534,1,"{""other"": 1}",unclassified_source_item_metadata,[]
2535,other,CompiledRunner,r_4_32_4_2_4_32,METAL,0.011916621588170528,2097152,548864,2535,2535,1,"{""other"": 1}",unclassified_source_item_metadata,[]
2536,other,CompiledRunner,r_8_16_32,METAL,0.003166729584336281,12288,16416,2536,2536,1,"{""other"": 1}",unclassified_source_item_metadata,[]
2537,other,CompiledRunner,r_8_16_32n1,METAL,0.00400003045797348,18560,16448,2537,2537,1,"{""other"": 1}",unclassified_source_item_metadata,[]
2538,other,CompiledRunner,r_2_32_4_2_4_64,METAL,0.021499930880963802,2197504,548928,2538,2538,1,"{""other"": 1}",unclassified_source_item_metadata,[]
2539,other,CompiledRunner,r_1536_16_128,METAL,0.02233334816992283,6709248,3166208,2539,2539,1,"{""other"": 1}",unclassified_source_item_metadata,[]
2540,other,CompiledRunner,r_16_96,METAL,0.04724995233118534,3392,6148,2540,2540,1,"{""other"": 1}",unclassified_source_item_metadata,[]
2541,other,CompiledRunner,E_16_32_3,METAL,0.10599999222904444,4608,21508,2541,2541,1,"{""other"": 1}",unclassified_source_item_metadata,[]
2542,other,CompiledRunner,r_16_96,METAL,0.1347915967926383,3392,6148,2542,2542,1,"{""other"": 1}",unclassified_source_item_metadata,[]
2543,other,CompiledRunner,r_128_32_3_384_4,METAL,0.07370836101472378,44064768,18981892,2543,2543,1,"{""other"": 1}",unclassified_source_item_metadata,[]
2544,other,CompiledRunner,r_1536_16_384,METAL,0.06179162301123142,113664000,9498624,2544,2544,1,"{""other"": 1}",unclassified_source_item_metadata,[]
2545,other,CompiledRunner,r_16_96,METAL,0.004125060513615608,3392,6148,2545,2545,1,"{""other"": 1}",unclassified_source_item_metadata,[]
2546,other,CompiledRunner,E_16_32_3,METAL,0.003041699528694153,4608,21508,2546,2546,1,"{""other"": 1}",unclassified_source_item_metadata,[]
2547,other,CompiledRunner,r_256_16_96n6,METAL,0.00600004568696022,897024,417792,2547,2547,1,"{""other"": 1}",unclassified_source_item_metadata,[]
2548,other,CompiledRunner,r_1536_16_16n1,METAL,0.004375004209578037,1204224,406528,2548,2548,1,"{""other"": 1}",unclassified_source_item_metadata,[]
2549,other,CompiledRunner,r_16_96,METAL,0.004375004209578037,3392,6148,2549,2549,1,"{""other"": 1}",unclassified_source_item_metadata,[]
2550,other,CompiledRunner,E_16_32_3n1,METAL,0.003374996595084667,6144,21510,2550,2550,1,"{""other"": 1}",unclassified_source_item_metadata,[]
2551,other,CompiledRunner,r_16_96,METAL,0.004333327524363995,3392,6148,2551,2551,1,"{""other"": 1}",unclassified_source_item_metadata,[]
2552,other,CompiledRunner,r_2048_16_96,METAL,0.015083234757184982,10027008,3171332,2552,2552,1,"{""other"": 1}",unclassified_source_item_metadata,[]
2553,other,CompiledRunner,r_8_16_16,METAL,0.00300002284348011,6656,8224,2553,2553,1,"{""other"": 1}",unclassified_source_item_metadata,[]
2554,other,CompiledRunner,E_16_2_16_4,METAL,0.004749977961182594,37888,16928,2554,2554,1,"{""other"": 1}",unclassified_source_item_metadata,[]
2555,other,CompiledRunner,r_4_32_4_2_4_32,METAL,0.012166681699454784,2097152,548864,2555,2555,1,"{""other"": 1}",unclassified_source_item_metadata,[]
2556,other,CompiledRunner,r_8_16_32,METAL,0.003374996595084667,12288,16416,2556,2556,1,"{""other"": 1}",unclassified_source_item_metadata,[]
2557,other,CompiledRunner,r_8_16_32n1,METAL,0.004208297468721867,18560,16448,2557,2557,1,"{""other"": 1}",unclassified_source_item_metadata,[]
2558,other,CompiledRunner,r_2_32_4_2_4_64,METAL,0.021833344362676144,2197504,548928,2558,2558,1,"{""other"": 1}",unclassified_source_item_metadata,[]
2559,other,CompiledRunner,r_1536_16_128,METAL,0.012375065125524998,6709248,3166208,2559,2559,1,"{""other"": 1}",unclassified_source_item_metadata,[]
2560,other,CompiledRunner,r_16_96,METAL,0.004666624590754509,3392,6148,2560,2560,1,"{""other"": 1}",unclassified_source_item_metadata,[]
2561,other,CompiledRunner,E_16_32_3,METAL,0.00341667328029871,4608,21508,2561,2561,1,"{""other"": 1}",unclassified_source_item_metadata,[]
2562,other,CompiledRunner,r_16_96,METAL,0.004749977961182594,3392,6148,2562,2562,1,"{""other"": 1}",unclassified_source_item_metadata,[]
2563,other,CompiledRunner,r_128_32_3_384_4,METAL,0.06933335680514574,44064768,18981892,2563,2563,1,"{""other"": 1}",unclassified_source_item_metadata,[]
2564,other,CompiledRunner,r_1536_16_384,METAL,0.06125005893409252,113664000,9498624,2564,2564,1,"{""other"": 1}",unclassified_source_item_metadata,[]
2565,other,CompiledRunner,r_16_96,METAL,0.004166620783507824,3392,6148,2565,2565,1,"{""other"": 1}",unclassified_source_item_metadata,[]
2566,other,CompiledRunner,E_16_32_3,METAL,0.0032084062695503235,4608,21508,2566,2566,1,"{""other"": 1}",unclassified_source_item_metadata,[]
2567,other,CompiledRunner,r_256_16_96n7,METAL,0.006166636012494564,897024,417792,2567,2567,1,"{""other"": 1}",unclassified_source_item_metadata,[]
2568,other,CompiledRunner,r_1536_16_16n1,METAL,0.004749977961182594,1204224,406528,2568,2568,1,"{""other"": 1}",unclassified_source_item_metadata,[]
2569,other,CompiledRunner,r_16_96,METAL,0.004249974153935909,3392,6148,2569,2569,1,"{""other"": 1}",unclassified_source_item_metadata,[]
2570,other,CompiledRunner,E_16_32_3n1,METAL,0.003249966539442539,6144,21510,2570,2570,1,"{""other"": 1}",unclassified_source_item_metadata,[]
2571,other,CompiledRunner,r_16_96,METAL,0.004249974153935909,3392,6148,2571,2571,1,"{""other"": 1}",unclassified_source_item_metadata,[]
2572,other,CompiledRunner,r_2048_16_96,METAL,0.013999990187585354,10027008,3171332,2572,2572,1,"{""other"": 1}",unclassified_source_item_metadata,[]
2573,other,CompiledRunner,r_8_16_16,METAL,0.0032082898542284966,6656,8224,2573,2573,1,"{""other"": 1}",unclassified_source_item_metadata,[]
2574,other,CompiledRunner,E_16_2_16_4,METAL,0.004500034265220165,37888,16928,2574,2574,1,"{""other"": 1}",unclassified_source_item_metadata,[]
2575,other,CompiledRunner,r_4_32_4_2_4_32,METAL,0.012208358384668827,2097152,548864,2575,2575,1,"{""other"": 1}",unclassified_source_item_metadata,[]
2576,other,CompiledRunner,r_8_16_32,METAL,0.003249966539442539,12288,16416,2576,2576,1,"{""other"": 1}",unclassified_source_item_metadata,[]
2577,other,CompiledRunner,r_8_16_32n1,METAL,0.0038750004023313522,18560,16448,2577,2577,1,"{""other"": 1}",unclassified_source_item_metadata,[]
2578,other,CompiledRunner,r_2_32_4_2_4_64,METAL,0.020958250388503075,2197504,548928,2578,2578,1,"{""other"": 1}",unclassified_source_item_metadata,[]
2579,other,CompiledRunner,r_1536_16_128,METAL,0.011500087566673756,6709248,3166208,2579,2579,1,"{""other"": 1}",unclassified_source_item_metadata,[]
2580,other,CompiledRunner,r_16_96,METAL,0.004291650839149952,3392,6148,2580,2580,1,"{""other"": 1}",unclassified_source_item_metadata,[]
2581,other,CompiledRunner,E_16_32_3,METAL,0.003249966539442539,4608,21508,2581,2581,1,"{""other"": 1}",unclassified_source_item_metadata,[]
2582,other,CompiledRunner,r_16_96,METAL,0.004375004209578037,3392,6148,2582,2582,1,"{""other"": 1}",unclassified_source_item_metadata,[]
2583,other,CompiledRunner,r_128_32_3_384_4,METAL,0.0700000673532486,44064768,18981892,2583,2583,1,"{""other"": 1}",unclassified_source_item_metadata,[]
2584,other,CompiledRunner,r_1536_16_384,METAL,0.07362500764429569,113664000,9498624,2584,2584,1,"{""other"": 1}",unclassified_source_item_metadata,[]
2585,other,CompiledRunner,r_16_96,METAL,0.00441668089479208,3392,6148,2585,2585,1,"{""other"": 1}",unclassified_source_item_metadata,[]
2586,other,CompiledRunner,E_16_32_3,METAL,0.0037499703466892242,4608,21508,2586,2586,1,"{""other"": 1}",unclassified_source_item_metadata,[]
2587,other,CompiledRunner,r_256_16_96n8,METAL,0.007083406671881676,897024,417792,2587,2587,1,"{""other"": 1}",unclassified_source_item_metadata,[]
2588,other,CompiledRunner,r_1536_16_16n1,METAL,0.005208305083215237,1204224,406528,2588,2588,1,"{""other"": 1}",unclassified_source_item_metadata,[]
2589,other,CompiledRunner,r_16_96,METAL,0.004500034265220165,3392,6148,2589,2589,1,"{""other"": 1}",unclassified_source_item_metadata,[]
2590,other,CompiledRunner,E_16_32_3n1,METAL,0.0036249402910470963,6144,21510,2590,2590,1,"{""other"": 1}",unclassified_source_item_metadata,[]
2591,other,CompiledRunner,r_16_96,METAL,0.004624947905540466,3392,6148,2591,2591,1,"{""other"": 1}",unclassified_source_item_metadata,[]
2592,other,CompiledRunner,r_2048_16_96,METAL,0.014750054106116295,10027008,3171332,2592,2592,1,"{""other"": 1}",unclassified_source_item_metadata,[]
2593,other,CompiledRunner,r_8_16_16,METAL,0.0032082898542284966,6656,8224,2593,2593,1,"{""other"": 1}",unclassified_source_item_metadata,[]
2594,other,CompiledRunner,E_16_2_16_4,METAL,0.005083275027573109,37888,16928,2594,2594,1,"{""other"": 1}",unclassified_source_item_metadata,[]
2595,other,CompiledRunner,r_4_32_4_2_4_32,METAL,0.012375065125524998,2097152,548864,2595,2595,1,"{""other"": 1}",unclassified_source_item_metadata,[]
2596,other,CompiledRunner,r_8_16_32,METAL,0.003374996595084667,12288,16416,2596,2596,1,"{""other"": 1}",unclassified_source_item_metadata,[]
2597,other,CompiledRunner,r_8_16_32n1,METAL,0.004124944098293781,18560,16448,2597,2597,1,"{""other"": 1}",unclassified_source_item_metadata,[]
2598,other,CompiledRunner,r_2_32_4_2_4_64,METAL,0.021875021047890186,2197504,548928,2598,2598,1,"{""other"": 1}",unclassified_source_item_metadata,[]
2599,other,CompiledRunner,r_1536_16_128,METAL,0.011916621588170528,6709248,3166208,2599,2599,1,"{""other"": 1}",unclassified_source_item_metadata,[]
2600,other,CompiledRunner,r_16_96,METAL,0.004541710950434208,3392,6148,2600,2600,1,"{""other"": 1}",unclassified_source_item_metadata,[]
2601,other,CompiledRunner,E_16_32_3,METAL,0.0033333199098706245,4608,21508,2601,2601,1,"{""other"": 1}",unclassified_source_item_metadata,[]
2602,other,CompiledRunner,r_16_96,METAL,0.004666624590754509,3392,6148,2602,2602,1,"{""other"": 1}",unclassified_source_item_metadata,[]
2603,other,CompiledRunner,r_128_32_3_384_4,METAL,0.07420836482197046,44064768,18981892,2603,2603,1,"{""other"": 1}",unclassified_source_item_metadata,[]
2604,other,CompiledRunner,r_1536_16_384,METAL,0.06679166108369827,113664000,9498624,2604,2604,1,"{""other"": 1}",unclassified_source_item_metadata,[]
2605,other,CompiledRunner,r_16_96,METAL,0.004541594535112381,3392,6148,2605,2605,1,"{""other"": 1}",unclassified_source_item_metadata,[]
2606,other,CompiledRunner,E_16_32_3,METAL,0.003500026650726795,4608,21508,2606,2606,1,"{""other"": 1}",unclassified_source_item_metadata,[]
2607,other,CompiledRunner,r_256_16_96n9,METAL,0.006875023245811462,897024,417792,2607,2607,1,"{""other"": 1}",unclassified_source_item_metadata,[]
2608,other,CompiledRunner,r_1536_16_16n1,METAL,0.004749977961182594,1204224,406528,2608,2608,1,"{""other"": 1}",unclassified_source_item_metadata,[]
2609,other,CompiledRunner,r_16_96,METAL,0.004624947905540466,3392,6148,2609,2609,1,"{""other"": 1}",unclassified_source_item_metadata,[]
2610,other,CompiledRunner,E_16_32_3n1,METAL,0.003500026650726795,6144,21510,2610,2610,1,"{""other"": 1}",unclassified_source_item_metadata,[]
2611,other,CompiledRunner,r_16_96,METAL,0.004541594535112381,3392,6148,2611,2611,1,"{""other"": 1}",unclassified_source_item_metadata,[]
2612,other,CompiledRunner,r_32_32_4_384_4,METAL,0.09012501686811447,14163968,6333444,2612,2612,1,"{""other"": 1}",unclassified_source_item_metadata,[]
2613,other,CompiledRunner,r_8_16_32n2,METAL,0.004124944098293781,10752,16416,2613,2613,1,"{""other"": 1}",unclassified_source_item_metadata,[]
2614,other,CompiledRunner,E_8_2_16_4_4,METAL,0.012041651643812656,95488,33824,2614,2614,1,"{""other"": 1}",unclassified_source_item_metadata,[]
2615,other,CompiledRunner,r_8_(gemma_start_pos_window+1)_16_32,METAL,0.011208350770175457,7208960,1482784,2615,2615,1,"{""other"": 1}",unclassified_source_item_metadata,[]
2616,other,CompiledRunner,r_2_4_(gemma_start_pos_window+1),METAL,0.14100002590566874,11266,22560,2616,2616,1,"{""other"": 1}",unclassified_source_item_metadata,[]
2617,other,CompiledRunner,r_2_4_(gemma_start_pos_window+1)n1,METAL,0.15475007239729166,22538,22592,2617,2617,1,"{""other"": 1}",unclassified_source_item_metadata,[]
2618,other,CompiledRunner,E_(gemma_start_pos_window+1)_2_4,METAL,0.004583271220326424,22528,45120,2618,2618,1,"{""other"": 1}",unclassified_source_item_metadata,[]
2619,other,CompiledRunner,r_8_2_16_4_4_(gemma_start_pos_window+1),METAL,0.2874167403206229,5767424,1482784,2619,2619,1,"{""other"": 1}",unclassified_source_item_metadata,[]
2620,other,CompiledRunner,r_1536_16_256,METAL,0.020916573703289032,13000704,6320128,2620,2620,1,"{""other"": 1}",unclassified_source_item_metadata,[]
2621,other,CompiledRunner,r_16_96,METAL,0.00483333133161068,3392,6148,2621,2621,1,"{""other"": 1}",unclassified_source_item_metadata,[]
2622,other,CompiledRunner,E_16_32_3,METAL,0.003625056706368923,4608,21508,2622,2622,1,"{""other"": 1}",unclassified_source_item_metadata,[]
2623,other,CompiledRunner,r_16_96,METAL,0.004875008016824722,3392,6148,2623,2623,1,"{""other"": 1}",unclassified_source_item_metadata,[]
2624,other,CompiledRunner,r_128_32_3_384_4,METAL,0.07666670717298985,44064768,18981892,2624,2624,1,"{""other"": 1}",unclassified_source_item_metadata,[]
2625,other,CompiledRunner,r_1536_16_384,METAL,0.07424992509186268,113664000,9498624,2625,2625,1,"{""other"": 1}",unclassified_source_item_metadata,[]
2626,other,CompiledRunner,r_16_96,METAL,0.004916684702038765,3392,6148,2626,2626,1,"{""other"": 1}",unclassified_source_item_metadata,[]
2627,other,CompiledRunner,E_16_32_3,METAL,0.003791647031903267,4608,21508,2627,2627,1,"{""other"": 1}",unclassified_source_item_metadata,[]
2628,other,CompiledRunner,r_256_16_96n10,METAL,0.007333350367844105,897024,417792,2628,2628,1,"{""other"": 1}",unclassified_source_item_metadata,[]
2629,other,CompiledRunner,r_1536_16_16n1,METAL,0.005375011824071407,1204224,406528,2629,2629,1,"{""other"": 1}",unclassified_source_item_metadata,[]
2630,other,CompiledRunner,r_16_96,METAL,0.004999921657145023,3392,6148,2630,2630,1,"{""other"": 1}",unclassified_source_item_metadata,[]
2631,other,CompiledRunner,E_16_32_3n1,METAL,0.0038750004023313522,6144,21510,2631,2631,1,"{""other"": 1}",unclassified_source_item_metadata,[]
2632,other,CompiledRunner,r_16_96,METAL,0.004916684702038765,3392,6148,2632,2632,1,"{""other"": 1}",unclassified_source_item_metadata,[]
2633,other,CompiledRunner,r_2048_16_96,METAL,0.01641677226871252,10027008,3171332,2633,2633,1,"{""other"": 1}",unclassified_source_item_metadata,[]
2634,other,CompiledRunner,r_8_16_16,METAL,0.003791647031903267,6656,8224,2634,2634,1,"{""other"": 1}",unclassified_source_item_metadata,[]
2635,other,CompiledRunner,E_16_2_16_4,METAL,0.005249981768429279,37888,16928,2635,2635,1,"{""other"": 1}",unclassified_source_item_metadata,[]
2636,other,CompiledRunner,r_4_32_4_2_4_32,METAL,0.013958313502371311,2097152,548864,2636,2636,1,"{""other"": 1}",unclassified_source_item_metadata,[]
2637,other,CompiledRunner,r_8_16_32,METAL,0.003791647031903267,12288,16416,2637,2637,1,"{""other"": 1}",unclassified_source_item_metadata,[]
2638,other,CompiledRunner,r_8_16_32n1,METAL,0.004500034265220165,18560,16448,2638,2638,1,"{""other"": 1}",unclassified_source_item_metadata,[]
2639,other,CompiledRunner,r_2_32_4_2_4_64,METAL,0.024875043891370296,2197504,548928,2639,2639,1,"{""other"": 1}",unclassified_source_item_metadata,[]
2640,other,CompiledRunner,r_1536_16_128,METAL,0.013416633009910583,6709248,3166208,2640,2640,1,"{""other"": 1}",unclassified_source_item_metadata,[]
2641,other,CompiledRunner,r_16_96,METAL,0.005166744813323021,3392,6148,2641,2641,1,"{""other"": 1}",unclassified_source_item_metadata,[]
2642,other,CompiledRunner,E_16_32_3,METAL,0.0037082936614751816,4608,21508,2642,2642,1,"{""other"": 1}",unclassified_source_item_metadata,[]
2643,other,CompiledRunner,r_16_96,METAL,0.00441668089479208,3392,6148,2643,2643,1,"{""other"": 1}",unclassified_source_item_metadata,[]
2644,other,CompiledRunner,r_128_32_3_384_4,METAL,0.07562502287328243,44064768,18981892,2644,2644,1,"{""other"": 1}",unclassified_source_item_metadata,[]
2645,other,CompiledRunner,r_1536_16_384,METAL,0.06687501445412636,113664000,9498624,2645,2645,1,"{""other"": 1}",unclassified_source_item_metadata,[]
2646,other,CompiledRunner,r_16_96,METAL,0.004666624590754509,3392,6148,2646,2646,1,"{""other"": 1}",unclassified_source_item_metadata,[]
2647,other,CompiledRunner,E_16_32_3,METAL,0.003374996595084667,4608,21508,2647,2647,1,"{""other"": 1}",unclassified_source_item_metadata,[]
2648,other,CompiledRunner,r_256_16_96n11,METAL,0.006791669875383377,897024,417792,2648,2648,1,"{""other"": 1}",unclassified_source_item_metadata,[]
2649,other,CompiledRunner,r_1536_16_16n1,METAL,0.00500003807246685,1204224,406528,2649,2649,1,"{""other"": 1}",unclassified_source_item_metadata,[]
2650,other,CompiledRunner,r_16_96,METAL,0.00441668089479208,3392,6148,2650,2650,1,"{""other"": 1}",unclassified_source_item_metadata,[]
2651,other,CompiledRunner,E_16_32_3n1,METAL,0.0038750004023313522,6144,21510,2651,2651,1,"{""other"": 1}",unclassified_source_item_metadata,[]
2652,other,CompiledRunner,r_16_96,METAL,0.005166628398001194,3392,6148,2652,2652,1,"{""other"": 1}",unclassified_source_item_metadata,[]
2653,other,CompiledRunner,r_256_16_96,METAL,0.007333350367844105,1253376,404484,2653,2653,1,"{""other"": 1}",unclassified_source_item_metadata,[]
2654,other,CompiledRunner,r_16_16,METAL,0.003666733391582966,832,1028,2654,2654,1,"{""other"": 1}",unclassified_source_item_metadata,[]
2655,other,CompiledRunner,E_2_32_4,METAL,0.010375049896538258,8768,2564,2655,2655,1,"{""other"": 1}",unclassified_source_item_metadata,[]
2656,other,CompiledRunner,E_192_4_8_16_4,METAL,0.00541668850928545,0,3145732,2656,2656,1,"{""other"": 1}",unclassified_source_item_metadata,[]
2657,other,CompiledRunner,E_1120_4_8_16_4,METAL,0.010749907232820988,0,18350084,2657,2657,1,"{""other"": 1}",unclassified_source_item_metadata,[]
2658,other,CompiledRunner,r_1536_16_16,METAL,0.005500041879713535,811008,1579008,2658,2658,1,"{""other"": 1}",unclassified_source_item_metadata,[]
2659,other,CompiledRunner,r_16_96,METAL,0.005125068128108978,3392,6148,2659,2659,1,"{""other"": 1}",unclassified_source_item_metadata,[]
2660,other,CompiledRunner,r_70_32_4_384_4,METAL,0.09037507697939873,27543040,13840384,2660,2660,1,"{""other"": 1}",unclassified_source_item_metadata,[]
2661,other,CompiledRunner,r_2048_16_96,METAL,0.01908338163048029,10027008,3171332,2661,2661,1,"{""other"": 1}",unclassified_source_item_metadata,[]
2662,other,CompiledRunner,r_35_16_16,METAL,0.0039583537727594376,29120,35980,2662,2662,1,"{""other"": 1}",unclassified_source_item_metadata,[]
2663,other,CompiledRunner,r_8_16_16,METAL,0.004083267413079739,6656,8224,2663,2663,1,"{""other"": 1}",unclassified_source_item_metadata,[]
2664,other,CompiledRunner,r_35_4_16_4_64_4,METAL,0.0222083181142807,2338560,9247372,2664,2664,1,"{""other"": 1}",unclassified_source_item_metadata,[]
2665,other,CompiledRunner,E_16_2_16_4,METAL,0.005625071935355663,37888,16928,2665,2665,1,"{""other"": 1}",unclassified_source_item_metadata,[]
2666,other,CompiledRunner,r_4_32_4_2_4_32,METAL,0.015291734598577023,2097152,548864,2666,2666,1,"{""other"": 1}",unclassified_source_item_metadata,[]
2667,other,CompiledRunner,r_8_16_32,METAL,0.003791647031903267,12288,16416,2667,2667,1,"{""other"": 1}",unclassified_source_item_metadata,[]
2668,other,CompiledRunner,r_8_16_32n1,METAL,0.004625064320862293,18560,16448,2668,2668,1,"{""other"": 1}",unclassified_source_item_metadata,[]
2669,other,CompiledRunner,r_2_32_4_2_4_64,METAL,0.02520834095776081,2197504,548928,2669,2669,1,"{""other"": 1}",unclassified_source_item_metadata,[]
2670,other,CompiledRunner,r_1536_16_128,METAL,0.013874960131943226,6709248,3166208,2670,2670,1,"{""other"": 1}",unclassified_source_item_metadata,[]
2671,other,CompiledRunner,r_16_96,METAL,0.011750031262636185,3392,6148,2671,2671,1,"{""other"": 1}",unclassified_source_item_metadata,[]
2672,other,CompiledRunner,E_16_32_3,METAL,0.016166712157428265,4608,21508,2672,2672,1,"{""other"": 1}",unclassified_source_item_metadata,[]
2673,other,CompiledRunner,r_16_96,METAL,0.004999921657145023,3392,6148,2673,2673,1,"{""other"": 1}",unclassified_source_item_metadata,[]
2674,other,CompiledRunner,r_128_32_3_384_4,METAL,0.11891662143170834,44064768,18981892,2674,2674,1,"{""other"": 1}",unclassified_source_item_metadata,[]
2675,other,CompiledRunner,r_1536_16_384,METAL,0.308999908156693,113664000,9498624,2675,2675,1,"{""other"": 1}",unclassified_source_item_metadata,[]
2676,other,CompiledRunner,r_16_96,METAL,0.005124951712787151,3392,6148,2676,2676,1,"{""other"": 1}",unclassified_source_item_metadata,[]
2677,other,CompiledRunner,E_16_32_3,METAL,0.003916677087545395,4608,21508,2677,2677,1,"{""other"": 1}",unclassified_source_item_metadata,[]
2678,other,CompiledRunner,r_256_16_96n1,METAL,0.0073749106377363205,897024,417792,2678,2678,1,"{""other"": 1}",unclassified_source_item_metadata,[]
2679,other,CompiledRunner,r_1536_16_16n1,METAL,0.005500041879713535,1204224,406528,2679,2679,1,"{""other"": 1}",unclassified_source_item_metadata,[]
2680,other,CompiledRunner,r_16_96,METAL,0.00500003807246685,3392,6148,2680,2680,1,"{""other"": 1}",unclassified_source_item_metadata,[]
2681,other,CompiledRunner,E_16_32_3n1,METAL,0.0038750004023313522,6144,21510,2681,2681,1,"{""other"": 1}",unclassified_source_item_metadata,[]
2682,other,CompiledRunner,r_16_96,METAL,0.004958361387252808,3392,6148,2682,2682,1,"{""other"": 1}",unclassified_source_item_metadata,[]
2683,other,CompiledRunner,r_2048_16_96,METAL,0.017125043086707592,10027008,3171332,2683,2683,1,"{""other"": 1}",unclassified_source_item_metadata,[]
2684,other,CompiledRunner,r_8_16_16,METAL,0.003666616976261139,6656,8224,2684,2684,1,"{""other"": 1}",unclassified_source_item_metadata,[]
2685,other,CompiledRunner,E_16_2_16_4,METAL,0.006124959327280521,37888,16928,2685,2685,1,"{""other"": 1}",unclassified_source_item_metadata,[]
2686,other,CompiledRunner,r_4_32_4_2_4_32,METAL,0.016874982975423336,2097152,548864,2686,2686,1,"{""other"": 1}",unclassified_source_item_metadata,[]
2687,other,CompiledRunner,r_8_16_32,METAL,0.004624947905540466,12288,16416,2687,2687,1,"{""other"": 1}",unclassified_source_item_metadata,[]
2688,other,CompiledRunner,r_8_16_32n1,METAL,0.005708308890461922,18560,16448,2688,2688,1,"{""other"": 1}",unclassified_source_item_metadata,[]
2689,other,CompiledRunner,r_2_32_4_2_4_64,METAL,0.030374969355762005,2197504,548928,2689,2689,1,"{""other"": 1}",unclassified_source_item_metadata,[]
2690,other,CompiledRunner,r_1536_16_128,METAL,0.016874982975423336,6709248,3166208,2690,2690,1,"{""other"": 1}",unclassified_source_item_metadata,[]
2691,other,CompiledRunner,r_16_96,METAL,0.005999929271638393,3392,6148,2691,2691,1,"{""other"": 1}",unclassified_source_item_metadata,[]
2692,other,CompiledRunner,E_16_32_3,METAL,0.0039583537727594376,4608,21508,2692,2692,1,"{""other"": 1}",unclassified_source_item_metadata,[]
2693,other,CompiledRunner,r_16_96,METAL,0.005166628398001194,3392,6148,2693,2693,1,"{""other"": 1}",unclassified_source_item_metadata,[]
2694,other,CompiledRunner,r_128_32_3_384_4,METAL,0.08537492249161005,44064768,18981892,2694,2694,1,"{""other"": 1}",unclassified_source_item_metadata,[]
2695,other,CompiledRunner,r_1536_16_384,METAL,0.0822083093225956,113664000,9498624,2695,2695,1,"{""other"": 1}",unclassified_source_item_metadata,[]
2696,other,CompiledRunner,r_16_96,METAL,0.005375011824071407,3392,6148,2696,2696,1,"{""other"": 1}",unclassified_source_item_metadata,[]
2697,other,CompiledRunner,E_16_32_3,METAL,0.00400003045797348,4608,21508,2697,2697,1,"{""other"": 1}",unclassified_source_item_metadata,[]
2698,other,CompiledRunner,r_256_16_96n2,METAL,0.0074999406933784485,897024,417792,2698,2698,1,"{""other"": 1}",unclassified_source_item_metadata,[]
2699,other,CompiledRunner,r_1536_16_16n1,METAL,0.005625071935355663,1204224,406528,2699,2699,1,"{""other"": 1}",unclassified_source_item_metadata,[]
2700,other,CompiledRunner,r_16_96,METAL,0.005166628398001194,3392,6148,2700,2700,1,"{""other"": 1}",unclassified_source_item_metadata,[]
2701,other,CompiledRunner,E_16_32_3n1,METAL,0.004124944098293781,6144,21510,2701,2701,1,"{""other"": 1}",unclassified_source_item_metadata,[]
2702,other,CompiledRunner,r_16_96,METAL,0.005416572093963623,3392,6148,2702,2702,1,"{""other"": 1}",unclassified_source_item_metadata,[]
2703,other,CompiledRunner,r_2048_16_96,METAL,0.06133329588919878,10027008,3171332,2703,2703,1,"{""other"": 1}",unclassified_source_item_metadata,[]
2704,other,CompiledRunner,r_8_16_16,METAL,0.00825000461190939,6656,8224,2704,2704,1,"{""other"": 1}",unclassified_source_item_metadata,[]
2705,other,CompiledRunner,E_16_2_16_4,METAL,0.017416663467884064,37888,16928,2705,2705,1,"{""other"": 1}",unclassified_source_item_metadata,[]
2706,other,CompiledRunner,r_4_32_4_2_4_32,METAL,0.0657916534692049,2097152,548864,2706,2706,1,"{""other"": 1}",unclassified_source_item_metadata,[]
2707,other,CompiledRunner,r_8_16_32,METAL,0.21433341316878796,12288,16416,2707,2707,1,"{""other"": 1}",unclassified_source_item_metadata,[]
2708,other,CompiledRunner,r_8_16_32n1,METAL,0.004916684702038765,18560,16448,2708,2708,1,"{""other"": 1}",unclassified_source_item_metadata,[]
2709,other,CompiledRunner,r_2_32_4_2_4_64,METAL,0.026999972760677338,2197504,548928,2709,2709,1,"{""other"": 1}",unclassified_source_item_metadata,[]
2710,other,CompiledRunner,r_1536_16_128,METAL,0.014541670680046082,6709248,3166208,2710,2710,1,"{""other"": 1}",unclassified_source_item_metadata,[]
2711,other,CompiledRunner,r_16_96,METAL,0.005625071935355663,3392,6148,2711,2711,1,"{""other"": 1}",unclassified_source_item_metadata,[]
2712,other,CompiledRunner,E_16_32_3,METAL,0.004125060513615608,4608,21508,2712,2712,1,"{""other"": 1}",unclassified_source_item_metadata,[]
2713,other,CompiledRunner,r_16_96,METAL,0.005624955520033836,3392,6148,2713,2713,1,"{""other"": 1}",unclassified_source_item_metadata,[]
2714,other,CompiledRunner,r_128_32_3_384_4,METAL,0.08699996396899223,44064768,18981892,2714,2714,1,"{""other"": 1}",unclassified_source_item_metadata,[]
2715,other,CompiledRunner,r_1536_16_384,METAL,0.08220842573791742,113664000,9498624,2715,2715,1,"{""other"": 1}",unclassified_source_item_metadata,[]
2716,other,CompiledRunner,r_16_96,METAL,0.005375011824071407,3392,6148,2716,2716,1,"{""other"": 1}",unclassified_source_item_metadata,[]
2717,other,CompiledRunner,E_16_32_3,METAL,0.004583271220326424,4608,21508,2717,2717,1,"{""other"": 1}",unclassified_source_item_metadata,[]
2718,other,CompiledRunner,r_256_16_96n3,METAL,0.00925001222640276,897024,417792,2718,2718,1,"{""other"": 1}",unclassified_source_item_metadata,[]
2719,other,CompiledRunner,r_1536_16_16n1,METAL,0.006583286449313164,1204224,406528,2719,2719,1,"{""other"": 1}",unclassified_source_item_metadata,[]
2720,other,CompiledRunner,r_16_96,METAL,0.006249989382922649,3392,6148,2720,2720,1,"{""other"": 1}",unclassified_source_item_metadata,[]
2721,other,CompiledRunner,E_16_32_3n1,METAL,0.004708301275968552,6144,21510,2721,2721,1,"{""other"": 1}",unclassified_source_item_metadata,[]
2722,other,CompiledRunner,r_16_96,METAL,0.006416579708456993,3392,6148,2722,2722,1,"{""other"": 1}",unclassified_source_item_metadata,[]
2723,other,CompiledRunner,r_2048_16_96,METAL,0.0213750172406435,10027008,3171332,2723,2723,1,"{""other"": 1}",unclassified_source_item_metadata,[]
2724,other,CompiledRunner,r_8_16_16,METAL,0.004749977961182594,6656,8224,2724,2724,1,"{""other"": 1}",unclassified_source_item_metadata,[]
2725,other,CompiledRunner,E_16_2_16_4,METAL,0.006624963134527206,37888,16928,2725,2725,1,"{""other"": 1}",unclassified_source_item_metadata,[]
2726,other,CompiledRunner,r_4_32_4_2_4_32,METAL,0.017249956727027893,2097152,548864,2726,2726,1,"{""other"": 1}",unclassified_source_item_metadata,[]
2727,other,CompiledRunner,r_8_16_32,METAL,0.004749977961182594,12288,16416,2727,2727,1,"{""other"": 1}",unclassified_source_item_metadata,[]
2728,other,CompiledRunner,r_8_16_32n1,METAL,0.005625071935355663,18560,16448,2728,2728,1,"{""other"": 1}",unclassified_source_item_metadata,[]
2729,other,CompiledRunner,r_2_32_4_2_4_64,METAL,0.03258336801081896,2197504,548928,2729,2729,1,"{""other"": 1}",unclassified_source_item_metadata,[]
2730,other,CompiledRunner,r_1536_16_128,METAL,0.01754169352352619,6709248,3166208,2730,2730,1,"{""other"": 1}",unclassified_source_item_metadata,[]
2731,other,CompiledRunner,r_16_96,METAL,0.006624963134527206,3392,6148,2731,2731,1,"{""other"": 1}",unclassified_source_item_metadata,[]
2732,other,CompiledRunner,E_16_32_3,METAL,0.00483333133161068,4608,21508,2732,2732,1,"{""other"": 1}",unclassified_source_item_metadata,[]
2733,other,CompiledRunner,r_16_96,METAL,0.03374996595084667,3392,6148,2733,2733,1,"{""other"": 1}",unclassified_source_item_metadata,[]
2734,other,CompiledRunner,r_128_32_3_384_4,METAL,0.16300007700920105,44064768,18981892,2734,2734,1,"{""other"": 1}",unclassified_source_item_metadata,[]
2735,other,CompiledRunner,r_1536_16_384,METAL,0.34816667903214693,113664000,9498624,2735,2735,1,"{""other"": 1}",unclassified_source_item_metadata,[]
2736,other,CompiledRunner,r_16_96,METAL,0.28550007846206427,3392,6148,2736,2736,1,"{""other"": 1}",unclassified_source_item_metadata,[]
2737,other,CompiledRunner,E_16_32_3,METAL,0.005083391442894936,4608,21508,2737,2737,1,"{""other"": 1}",unclassified_source_item_metadata,[]
2738,other,CompiledRunner,r_256_16_96n4,METAL,0.008124974556267262,897024,417792,2738,2738,1,"{""other"": 1}",unclassified_source_item_metadata,[]
2739,other,CompiledRunner,r_1536_16_16n1,METAL,0.005875015631318092,1204224,406528,2739,2739,1,"{""other"": 1}",unclassified_source_item_metadata,[]
2740,other,CompiledRunner,r_16_96,METAL,0.00537489540874958,3392,6148,2740,2740,1,"{""other"": 1}",unclassified_source_item_metadata,[]
2741,other,CompiledRunner,E_16_32_3n1,METAL,0.004208297468721867,6144,21510,2741,2741,1,"{""other"": 1}",unclassified_source_item_metadata,[]
2742,other,CompiledRunner,r_16_96,METAL,0.005541718564927578,3392,6148,2742,2742,1,"{""other"": 1}",unclassified_source_item_metadata,[]
2743,other,CompiledRunner,r_32_32_4_384_4,METAL,0.10750000365078449,14163968,6333444,2743,2743,1,"{""other"": 1}",unclassified_source_item_metadata,[]
2744,other,CompiledRunner,r_8_16_32n2,METAL,0.004624947905540466,10752,16416,2744,2744,1,"{""other"": 1}",unclassified_source_item_metadata,[]
2745,other,CompiledRunner,E_8_2_16_4_4,METAL,0.013958313502371311,95488,33824,2745,2745,1,"{""other"": 1}",unclassified_source_item_metadata,[]
2746,other,CompiledRunner,r_8_(gemma_start_pos_window+1)_16_32,METAL,0.014166696928441525,7208960,1482784,2746,2746,1,"{""other"": 1}",unclassified_source_item_metadata,[]
2747,other,CompiledRunner,r_2_4_(gemma_start_pos_window+1),METAL,0.16962504014372826,11266,22560,2747,2747,1,"{""other"": 1}",unclassified_source_item_metadata,[]
2748,other,CompiledRunner,r_2_4_(gemma_start_pos_window+1)n1,METAL,0.24212501011788845,22538,22592,2748,2748,1,"{""other"": 1}",unclassified_source_item_metadata,[]
2749,other,CompiledRunner,E_(gemma_start_pos_window+1)_2_4,METAL,0.006125075742602348,22528,45120,2749,2749,1,"{""other"": 1}",unclassified_source_item_metadata,[]
2750,other,CompiledRunner,r_8_2_16_4_4_(gemma_start_pos_window+1),METAL,0.40891661774367094,5767424,1482784,2750,2750,1,"{""other"": 1}",unclassified_source_item_metadata,[]
2751,other,CompiledRunner,r_1536_16_256,METAL,0.027125002816319466,13000704,6320128,2751,2751,1,"{""other"": 1}",unclassified_source_item_metadata,[]
2752,other,CompiledRunner,r_16_96,METAL,0.006291666068136692,3392,6148,2752,2752,1,"{""other"": 1}",unclassified_source_item_metadata,[]
2753,other,CompiledRunner,E_16_32_3,METAL,0.004541594535112381,4608,21508,2753,2753,1,"{""other"": 1}",unclassified_source_item_metadata,[]
2754,other,CompiledRunner,r_16_96,METAL,0.006166636012494564,3392,6148,2754,2754,1,"{""other"": 1}",unclassified_source_item_metadata,[]
2755,other,CompiledRunner,r_128_32_3_384_4,METAL,0.10062498040497303,44064768,18981892,2755,2755,1,"{""other"": 1}",unclassified_source_item_metadata,[]
2756,other,CompiledRunner,r_1536_16_384,METAL,0.10199996177107096,113664000,9498624,2756,2756,1,"{""other"": 1}",unclassified_source_item_metadata,[]
2757,other,CompiledRunner,r_16_96,METAL,0.006125075742602348,3392,6148,2757,2757,1,"{""other"": 1}",unclassified_source_item_metadata,[]
2758,other,CompiledRunner,E_16_32_3,METAL,0.02775003667920828,4608,21508,2758,2758,1,"{""other"": 1}",unclassified_source_item_metadata,[]
2759,other,CompiledRunner,r_256_16_96n5,METAL,0.04412501584738493,897024,417792,2759,2759,1,"{""other"": 1}",unclassified_source_item_metadata,[]
2760,other,CompiledRunner,r_1536_16_16n1,METAL,0.026708352379500866,1204224,406528,2760,2760,1,"{""other"": 1}",unclassified_source_item_metadata,[]
2761,other,CompiledRunner,r_16_96,METAL,0.06375007797032595,3392,6148,2761,2761,1,"{""other"": 1}",unclassified_source_item_metadata,[]
2762,other,CompiledRunner,E_16_32_3n1,METAL,0.07937499321997166,6144,21510,2762,2762,1,"{""other"": 1}",unclassified_source_item_metadata,[]
2763,other,CompiledRunner,r_16_96,METAL,0.31849998049438,3392,6148,2763,2763,1,"{""other"": 1}",unclassified_source_item_metadata,[]
2764,other,CompiledRunner,r_2048_16_96,METAL,0.022499938495457172,10027008,3171332,2764,2764,1,"{""other"": 1}",unclassified_source_item_metadata,[]
2765,other,CompiledRunner,r_8_16_16,METAL,0.00483333133161068,6656,8224,2765,2765,1,"{""other"": 1}",unclassified_source_item_metadata,[]
2766,other,CompiledRunner,E_16_2_16_4,METAL,0.00700005330145359,37888,16928,2766,2766,1,"{""other"": 1}",unclassified_source_item_metadata,[]
2767,other,CompiledRunner,r_4_32_4_2_4_32,METAL,0.018416671082377434,2097152,548864,2767,2767,1,"{""other"": 1}",unclassified_source_item_metadata,[]
2768,other,CompiledRunner,r_8_16_32,METAL,0.00500003807246685,12288,16416,2768,2768,1,"{""other"": 1}",unclassified_source_item_metadata,[]
2769,other,CompiledRunner,r_8_16_32n1,METAL,0.00600004568696022,18560,16448,2769,2769,1,"{""other"": 1}",unclassified_source_item_metadata,[]
2770,other,CompiledRunner,r_2_32_4_2_4_64,METAL,0.03299990203231573,2197504,548928,2770,2770,1,"{""other"": 1}",unclassified_source_item_metadata,[]
2771,other,CompiledRunner,r_1536_16_128,METAL,0.017749960534274578,6709248,3166208,2771,2771,1,"{""other"": 1}",unclassified_source_item_metadata,[]
2772,other,CompiledRunner,r_16_96,METAL,0.006916699931025505,3392,6148,2772,2772,1,"{""other"": 1}",unclassified_source_item_metadata,[]
2773,other,CompiledRunner,E_16_32_3,METAL,0.00483333133161068,4608,21508,2773,2773,1,"{""other"": 1}",unclassified_source_item_metadata,[]
2774,other,CompiledRunner,r_16_96,METAL,0.006541726179420948,3392,6148,2774,2774,1,"{""other"": 1}",unclassified_source_item_metadata,[]
2775,other,CompiledRunner,r_128_32_3_384_4,METAL,0.1035833265632391,44064768,18981892,2775,2775,1,"{""other"": 1}",unclassified_source_item_metadata,[]
2776,other,CompiledRunner,r_1536_16_384,METAL,0.11291669216006994,113664000,9498624,2776,2776,1,"{""other"": 1}",unclassified_source_item_metadata,[]
2777,other,CompiledRunner,r_16_96,METAL,0.00800006091594696,3392,6148,2777,2777,1,"{""other"": 1}",unclassified_source_item_metadata,[]
2778,other,CompiledRunner,E_16_32_3,METAL,0.005500041879713535,4608,21508,2778,2778,1,"{""other"": 1}",unclassified_source_item_metadata,[]
2779,other,CompiledRunner,r_256_16_96n6,METAL,0.011166674084961414,897024,417792,2779,2779,1,"{""other"": 1}",unclassified_source_item_metadata,[]
2780,other,CompiledRunner,r_1536_16_16n1,METAL,0.008083297871053219,1204224,406528,2780,2780,1,"{""other"": 1}",unclassified_source_item_metadata,[]
2781,other,CompiledRunner,r_16_96,METAL,0.007875030860304832,3392,6148,2781,2781,1,"{""other"": 1}",unclassified_source_item_metadata,[]
2782,other,CompiledRunner,E_16_32_3n1,METAL,0.005916692316532135,6144,21510,2782,2782,1,"{""other"": 1}",unclassified_source_item_metadata,[]
2783,other,CompiledRunner,r_16_96,METAL,0.007875030860304832,3392,6148,2783,2783,1,"{""other"": 1}",unclassified_source_item_metadata,[]
2784,other,CompiledRunner,r_2048_16_96,METAL,0.025875051505863667,10027008,3171332,2784,2784,1,"{""other"": 1}",unclassified_source_item_metadata,[]
2785,other,CompiledRunner,r_8_16_16,METAL,0.00583333894610405,6656,8224,2785,2785,1,"{""other"": 1}",unclassified_source_item_metadata,[]
2786,other,CompiledRunner,E_16_2_16_4,METAL,0.008166651241481304,37888,16928,2786,2786,1,"{""other"": 1}",unclassified_source_item_metadata,[]
2787,other,CompiledRunner,r_4_32_4_2_4_32,METAL,0.021249987185001373,2097152,548864,2787,2787,1,"{""other"": 1}",unclassified_source_item_metadata,[]
2788,other,CompiledRunner,r_8_16_32,METAL,0.006500049494206905,12288,16416,2788,2788,1,"{""other"": 1}",unclassified_source_item_metadata,[]
2789,other,CompiledRunner,r_8_16_32n1,METAL,0.00783335417509079,18560,16448,2789,2789,1,"{""other"": 1}",unclassified_source_item_metadata,[]
2790,other,CompiledRunner,r_2_32_4_2_4_64,METAL,0.04099996294826269,2197504,548928,2790,2790,1,"{""other"": 1}",unclassified_source_item_metadata,[]
2791,other,CompiledRunner,r_1536_16_128,METAL,0.058125006034970284,6709248,3166208,2791,2791,1,"{""other"": 1}",unclassified_source_item_metadata,[]
2792,other,CompiledRunner,r_16_96,METAL,0.11475000064820051,3392,6148,2792,2792,1,"{""other"": 1}",unclassified_source_item_metadata,[]
2793,other,CompiledRunner,E_16_32_3,METAL,0.03816676326096058,4608,21508,2793,2793,1,"{""other"": 1}",unclassified_source_item_metadata,[]
2794,other,CompiledRunner,r_16_96,METAL,0.1385833602398634,3392,6148,2794,2794,1,"{""other"": 1}",unclassified_source_item_metadata,[]
2795,other,CompiledRunner,r_128_32_3_384_4,METAL,0.726875034160912,44064768,18981892,2795,2795,1,"{""other"": 1}",unclassified_source_item_metadata,[]
2796,other,CompiledRunner,r_1536_16_384,METAL,0.1307500060647726,113664000,9498624,2796,2796,1,"{""other"": 1}",unclassified_source_item_metadata,[]
2797,other,CompiledRunner,r_16_96,METAL,0.006749993190169334,3392,6148,2797,2797,1,"{""other"": 1}",unclassified_source_item_metadata,[]
2798,other,CompiledRunner,E_16_32_3,METAL,0.005124951712787151,4608,21508,2798,2798,1,"{""other"": 1}",unclassified_source_item_metadata,[]
2799,other,CompiledRunner,r_256_16_96n7,METAL,0.009833252988755703,897024,417792,2799,2799,1,"{""other"": 1}",unclassified_source_item_metadata,[]
2800,other,CompiledRunner,r_1536_16_16n1,METAL,0.007166643626987934,1204224,406528,2800,2800,1,"{""other"": 1}",unclassified_source_item_metadata,[]
2801,other,CompiledRunner,r_16_96,METAL,0.006624963134527206,3392,6148,2801,2801,1,"{""other"": 1}",unclassified_source_item_metadata,[]
2802,other,CompiledRunner,E_16_32_3n1,METAL,0.004875008016824722,6144,21510,2802,2802,1,"{""other"": 1}",unclassified_source_item_metadata,[]
2803,other,CompiledRunner,r_16_96,METAL,0.006666639819741249,3392,6148,2803,2803,1,"{""other"": 1}",unclassified_source_item_metadata,[]
2804,other,CompiledRunner,r_2048_16_96,METAL,0.021875021047890186,10027008,3171332,2804,2804,1,"{""other"": 1}",unclassified_source_item_metadata,[]
2805,other,CompiledRunner,r_8_16_16,METAL,0.004791654646396637,6656,8224,2805,2805,1,"{""other"": 1}",unclassified_source_item_metadata,[]
2806,other,CompiledRunner,E_16_2_16_4,METAL,0.0069999368861317635,37888,16928,2806,2806,1,"{""other"": 1}",unclassified_source_item_metadata,[]
2807,other,CompiledRunner,r_4_32_4_2_4_32,METAL,0.028125010430812836,2097152,548864,2807,2807,1,"{""other"": 1}",unclassified_source_item_metadata,[]
2808,other,CompiledRunner,r_8_16_32,METAL,0.0077500008046627045,12288,16416,2808,2808,1,"{""other"": 1}",unclassified_source_item_metadata,[]
2809,other,CompiledRunner,r_8_16_32n1,METAL,0.009625102393329144,18560,16448,2809,2809,1,"{""other"": 1}",unclassified_source_item_metadata,[]
2810,other,CompiledRunner,r_2_32_4_2_4_64,METAL,0.05562498699873686,2197504,548928,2810,2810,1,"{""other"": 1}",unclassified_source_item_metadata,[]
2811,other,CompiledRunner,r_1536_16_128,METAL,0.03174995072185993,6709248,3166208,2811,2811,1,"{""other"": 1}",unclassified_source_item_metadata,[]
2812,other,CompiledRunner,r_16_96,METAL,0.011999974958598614,3392,6148,2812,2812,1,"{""other"": 1}",unclassified_source_item_metadata,[]
2813,other,CompiledRunner,E_16_32_3,METAL,0.005791662260890007,4608,21508,2813,2813,1,"{""other"": 1}",unclassified_source_item_metadata,[]
2814,other,CompiledRunner,r_16_96,METAL,0.008499948307871819,3392,6148,2814,2814,1,"{""other"": 1}",unclassified_source_item_metadata,[]
2815,other,CompiledRunner,r_128_32_3_384_4,METAL,0.13599998783320189,44064768,18981892,2815,2815,1,"{""other"": 1}",unclassified_source_item_metadata,[]
2816,other,CompiledRunner,r_1536_16_384,METAL,0.13233337085694075,113664000,9498624,2816,2816,1,"{""other"": 1}",unclassified_source_item_metadata,[]
2817,other,CompiledRunner,r_16_96,METAL,0.008416594937443733,3392,6148,2817,2817,1,"{""other"": 1}",unclassified_source_item_metadata,[]
2818,other,CompiledRunner,E_16_32_3,METAL,0.04525005351752043,4608,21508,2818,2818,1,"{""other"": 1}",unclassified_source_item_metadata,[]
2819,other,CompiledRunner,r_256_16_96n8,METAL,0.12149999383836985,897024,417792,2819,2819,1,"{""other"": 1}",unclassified_source_item_metadata,[]
2820,other,CompiledRunner,r_1536_16_16n1,METAL,0.062249950133264065,1204224,406528,2820,2820,1,"{""other"": 1}",unclassified_source_item_metadata,[]
2821,other,CompiledRunner,r_16_96,METAL,0.11974992230534554,3392,6148,2821,2821,1,"{""other"": 1}",unclassified_source_item_metadata,[]
2822,other,CompiledRunner,E_16_32_3n1,METAL,0.14187500346451998,6144,21510,2822,2822,1,"{""other"": 1}",unclassified_source_item_metadata,[]
2823,other,CompiledRunner,r_16_96,METAL,0.4187916638329625,3392,6148,2823,2823,1,"{""other"": 1}",unclassified_source_item_metadata,[]
2824,other,CompiledRunner,r_2048_16_96,METAL,0.027541653253138065,10027008,3171332,2824,2824,1,"{""other"": 1}",unclassified_source_item_metadata,[]
2825,other,CompiledRunner,r_8_16_16,METAL,0.006249989382922649,6656,8224,2825,2825,1,"{""other"": 1}",unclassified_source_item_metadata,[]
2826,other,CompiledRunner,E_16_2_16_4,METAL,0.009083305485546589,37888,16928,2826,2826,1,"{""other"": 1}",unclassified_source_item_metadata,[]
2827,other,CompiledRunner,r_4_32_4_2_4_32,METAL,0.022708321921527386,2097152,548864,2827,2827,1,"{""other"": 1}",unclassified_source_item_metadata,[]
2828,other,CompiledRunner,r_8_16_32,METAL,0.006541726179420948,12288,16416,2828,2828,1,"{""other"": 1}",unclassified_source_item_metadata,[]
2829,other,CompiledRunner,r_8_16_32n1,METAL,0.007875030860304832,18560,16448,2829,2829,1,"{""other"": 1}",unclassified_source_item_metadata,[]
2830,other,CompiledRunner,r_2_32_4_2_4_64,METAL,0.04129169974476099,2197504,548928,2830,2830,1,"{""other"": 1}",unclassified_source_item_metadata,[]
2831,other,CompiledRunner,r_1536_16_128,METAL,0.0238749198615551,6709248,3166208,2831,2831,1,"{""other"": 1}",unclassified_source_item_metadata,[]
2832,other,CompiledRunner,r_16_96,METAL,0.008541624993085861,3392,6148,2832,2832,1,"{""other"": 1}",unclassified_source_item_metadata,[]
2833,other,CompiledRunner,E_16_32_3,METAL,0.006208312697708607,4608,21508,2833,2833,1,"{""other"": 1}",unclassified_source_item_metadata,[]
2834,other,CompiledRunner,r_16_96,METAL,0.008499948307871819,3392,6148,2834,2834,1,"{""other"": 1}",unclassified_source_item_metadata,[]
2835,other,CompiledRunner,r_128_32_3_384_4,METAL,0.18337497022002935,44064768,18981892,2835,2835,1,"{""other"": 1}",unclassified_source_item_metadata,[]
2836,other,CompiledRunner,r_1536_16_384,METAL,0.1899166963994503,113664000,9498624,2836,2836,1,"{""other"": 1}",unclassified_source_item_metadata,[]
2837,other,CompiledRunner,r_16_96,METAL,0.012041651643812656,3392,6148,2837,2837,1,"{""other"": 1}",unclassified_source_item_metadata,[]
2838,other,CompiledRunner,E_16_32_3,METAL,0.008750008419156075,4608,21508,2838,2838,1,"{""other"": 1}",unclassified_source_item_metadata,[]
2839,other,CompiledRunner,r_256_16_96n9,METAL,0.017749960534274578,897024,417792,2839,2839,1,"{""other"": 1}",unclassified_source_item_metadata,[]
2840,other,CompiledRunner,r_1536_16_16n1,METAL,0.01337495632469654,1204224,406528,2840,2840,1,"{""other"": 1}",unclassified_source_item_metadata,[]
2841,other,CompiledRunner,r_16_96,METAL,0.011749914847314358,3392,6148,2841,2841,1,"{""other"": 1}",unclassified_source_item_metadata,[]
2842,other,CompiledRunner,E_16_32_3n1,METAL,0.008916598744690418,6144,21510,2842,2842,1,"{""other"": 1}",unclassified_source_item_metadata,[]
2843,other,CompiledRunner,r_16_96,METAL,0.011999974958598614,3392,6148,2843,2843,1,"{""other"": 1}",unclassified_source_item_metadata,[]
2844,other,CompiledRunner,r_32_32_4_384_4,METAL,0.232374994084239,14163968,6333444,2844,2844,1,"{""other"": 1}",unclassified_source_item_metadata,[]
2845,other,CompiledRunner,r_8_16_32n2,METAL,0.010083313100039959,10752,16416,2845,2845,1,"{""other"": 1}",unclassified_source_item_metadata,[]
2846,other,CompiledRunner,E_8_2_16_4_4,METAL,0.16054161824285984,95488,33824,2846,2846,1,"{""other"": 1}",unclassified_source_item_metadata,[]
2847,other,CompiledRunner,r_8_(gemma_start_pos_window+1)_16_32,METAL,0.14262506738305092,7208960,1482784,2847,2847,1,"{""other"": 1}",unclassified_source_item_metadata,[]
2848,other,CompiledRunner,r_2_4_(gemma_start_pos_window+1),METAL,0.4967499990016222,11266,22560,2848,2848,1,"{""other"": 1}",unclassified_source_item_metadata,[]
2849,other,CompiledRunner,r_2_4_(gemma_start_pos_window+1)n1,METAL,1.0081666987389326,22538,22592,2849,2849,1,"{""other"": 1}",unclassified_source_item_metadata,[]
2850,other,CompiledRunner,E_(gemma_start_pos_window+1)_2_4,METAL,0.007458380423486233,22528,45120,2850,2850,1,"{""other"": 1}",unclassified_source_item_metadata,[]
2851,other,CompiledRunner,r_8_2_16_4_4_(gemma_start_pos_window+1),METAL,0.4811250837519765,5767424,1482784,2851,2851,1,"{""other"": 1}",unclassified_source_item_metadata,[]
2852,other,CompiledRunner,r_1536_16_256,METAL,0.036624958738684654,13000704,6320128,2852,2852,1,"{""other"": 1}",unclassified_source_item_metadata,[]
2853,other,CompiledRunner,r_16_96,METAL,0.008458388037979603,3392,6148,2853,2853,1,"{""other"": 1}",unclassified_source_item_metadata,[]
2854,other,CompiledRunner,E_16_32_3,METAL,0.007875030860304832,4608,21508,2854,2854,1,"{""other"": 1}",unclassified_source_item_metadata,[]
2855,other,CompiledRunner,r_16_96,METAL,0.010791700333356857,3392,6148,2855,2855,1,"{""other"": 1}",unclassified_source_item_metadata,[]
2856,other,CompiledRunner,r_128_32_3_384_4,METAL,0.19275001250207424,44064768,18981892,2856,2856,1,"{""other"": 1}",unclassified_source_item_metadata,[]
2857,other,CompiledRunner,r_1536_16_384,METAL,0.1900416100397706,113664000,9498624,2857,2857,1,"{""other"": 1}",unclassified_source_item_metadata,[]
2858,other,CompiledRunner,r_16_96,METAL,0.011958298273384571,3392,6148,2858,2858,1,"{""other"": 1}",unclassified_source_item_metadata,[]
2859,other,CompiledRunner,E_16_32_3,METAL,0.008791685104370117,4608,21508,2859,2859,1,"{""other"": 1}",unclassified_source_item_metadata,[]
2860,other,CompiledRunner,r_256_16_96n10,METAL,0.017874990589916706,897024,417792,2860,2860,1,"{""other"": 1}",unclassified_source_item_metadata,[]
2861,other,CompiledRunner,r_1536_16_16n1,METAL,0.012708362191915512,1204224,406528,2861,2861,1,"{""other"": 1}",unclassified_source_item_metadata,[]
2862,other,CompiledRunner,r_16_96,METAL,0.011999974958598614,3392,6148,2862,2862,1,"{""other"": 1}",unclassified_source_item_metadata,[]
2863,other,CompiledRunner,E_16_32_3n1,METAL,0.008875038474798203,6144,21510,2863,2863,1,"{""other"": 1}",unclassified_source_item_metadata,[]
2864,other,CompiledRunner,r_16_96,METAL,0.043625012040138245,3392,6148,2864,2864,1,"{""other"": 1}",unclassified_source_item_metadata,[]
2865,other,CompiledRunner,r_2048_16_96,METAL,0.21041661966592073,10027008,3171332,2865,2865,1,"{""other"": 1}",unclassified_source_item_metadata,[]
2866,other,CompiledRunner,r_8_16_16,METAL,0.0868749339133501,6656,8224,2866,2866,1,"{""other"": 1}",unclassified_source_item_metadata,[]
2867,other,CompiledRunner,E_16_2_16_4,METAL,0.22187503054738045,37888,16928,2867,2867,1,"{""other"": 1}",unclassified_source_item_metadata,[]
2868,other,CompiledRunner,r_4_32_4_2_4_32,METAL,0.2596249105408788,2097152,548864,2868,2868,1,"{""other"": 1}",unclassified_source_item_metadata,[]
2869,other,CompiledRunner,r_8_16_32,METAL,0.490125035867095,12288,16416,2869,2869,1,"{""other"": 1}",unclassified_source_item_metadata,[]
2870,other,CompiledRunner,r_8_16_32n1,METAL,0.010750023648142815,18560,16448,2870,2870,1,"{""other"": 1}",unclassified_source_item_metadata,[]
2871,other,CompiledRunner,r_2_32_4_2_4_64,METAL,0.05725002847611904,2197504,548928,2871,2871,1,"{""other"": 1}",unclassified_source_item_metadata,[]
2872,other,CompiledRunner,r_1536_16_128,METAL,0.0323333078995347,6709248,3166208,2872,2872,1,"{""other"": 1}",unclassified_source_item_metadata,[]
2873,other,CompiledRunner,r_16_96,METAL,0.012375065125524998,3392,6148,2873,2873,1,"{""other"": 1}",unclassified_source_item_metadata,[]
2874,other,CompiledRunner,E_16_32_3,METAL,0.008624978363513947,4608,21508,2874,2874,1,"{""other"": 1}",unclassified_source_item_metadata,[]
2875,other,CompiledRunner,r_16_96,METAL,0.012083328329026699,3392,6148,2875,2875,1,"{""other"": 1}",unclassified_source_item_metadata,[]
2876,other,CompiledRunner,r_128_32_3_384_4,METAL,0.19979174248874187,44064768,18981892,2876,2876,1,"{""other"": 1}",unclassified_source_item_metadata,[]
2877,other,CompiledRunner,r_1536_16_384,METAL,0.19020831678062677,113664000,9498624,2877,2877,1,"{""other"": 1}",unclassified_source_item_metadata,[]
2878,other,CompiledRunner,r_16_96,METAL,0.01225003506988287,3392,6148,2878,2878,1,"{""other"": 1}",unclassified_source_item_metadata,[]
2879,other,CompiledRunner,E_16_32_3,METAL,0.008750008419156075,4608,21508,2879,2879,1,"{""other"": 1}",unclassified_source_item_metadata,[]
2880,other,CompiledRunner,r_256_16_96n11,METAL,0.017041689716279507,897024,417792,2880,2880,1,"{""other"": 1}",unclassified_source_item_metadata,[]
2881,other,CompiledRunner,r_1536_16_16n1,METAL,0.012874952517449856,1204224,406528,2881,2881,1,"{""other"": 1}",unclassified_source_item_metadata,[]
2882,other,CompiledRunner,r_16_96,METAL,0.01225003506988287,3392,6148,2882,2882,1,"{""other"": 1}",unclassified_source_item_metadata,[]
2883,other,CompiledRunner,E_16_32_3n1,METAL,0.008875038474798203,6144,21510,2883,2883,1,"{""other"": 1}",unclassified_source_item_metadata,[]
2884,other,CompiledRunner,r_16_96,METAL,0.011916621588170528,3392,6148,2884,2884,1,"{""other"": 1}",unclassified_source_item_metadata,[]
2885,other,CompiledRunner,r_256_16_96,METAL,0.018000020645558834,1253376,404484,2885,2885,1,"{""other"": 1}",unclassified_source_item_metadata,[]
2886,other,CompiledRunner,r_16_16,METAL,0.008624978363513947,832,1028,2886,2886,1,"{""other"": 1}",unclassified_source_item_metadata,[]
2887,other,CompiledRunner,E_2_32_4n1,METAL,0.008291564881801605,256,2052,2887,2887,1,"{""other"": 1}",unclassified_source_item_metadata,[]
2888,other,CompiledRunner,E_192_4_8_16_4,METAL,0.07137504871934652,0,3145732,2888,2888,1,"{""other"": 1}",unclassified_source_item_metadata,[]
2889,other,CompiledRunner,E_1120_4_8_16_4,METAL,0.4272499354556203,0,18350084,2889,2889,1,"{""other"": 1}",unclassified_source_item_metadata,[]
2890,other,CompiledRunner,r_1536_16_16,METAL,1.2972083641216159,811008,1579008,2890,2890,1,"{""other"": 1}",unclassified_source_item_metadata,[]
2891,other,CompiledRunner,r_16_96,METAL,0.012333388440310955,3392,6148,2891,2891,1,"{""other"": 1}",unclassified_source_item_metadata,[]
2892,other,CompiledRunner,r_70_32_4_384_4,METAL,0.21500000730156898,27543040,13840384,2892,2892,1,"{""other"": 1}",unclassified_source_item_metadata,[]
2893,other,CompiledRunner,r_2048_16_96,METAL,0.03987504169344902,10027008,3171332,2893,2893,1,"{""other"": 1}",unclassified_source_item_metadata,[]
2894,other,CompiledRunner,r_35_16_16,METAL,0.008624978363513947,29120,35980,2894,2894,1,"{""other"": 1}",unclassified_source_item_metadata,[]
2895,other,CompiledRunner,r_8_16_16,METAL,0.008750008419156075,6656,8224,2895,2895,1,"{""other"": 1}",unclassified_source_item_metadata,[]
2896,other,CompiledRunner,r_35_4_16_4_64_4,METAL,0.045041670091450214,2338560,9247372,2896,2896,1,"{""other"": 1}",unclassified_source_item_metadata,[]
2897,other,CompiledRunner,E_16_2_16_4,METAL,0.012791715562343597,37888,16928,2897,2897,1,"{""other"": 1}",unclassified_source_item_metadata,[]
2898,other,CompiledRunner,r_4_32_4_2_4_32,METAL,0.031291740015149117,2097152,548864,2898,2898,1,"{""other"": 1}",unclassified_source_item_metadata,[]
2899,other,CompiledRunner,r_8_16_32,METAL,0.009083305485546589,12288,16416,2899,2899,1,"{""other"": 1}",unclassified_source_item_metadata,[]
2900,other,CompiledRunner,r_8_16_32n1,METAL,0.011041760444641113,18560,16448,2900,2900,1,"{""other"": 1}",unclassified_source_item_metadata,[]
2901,other,CompiledRunner,r_2_32_4_2_4_64,METAL,0.05666667129844427,2197504,548928,2901,2901,1,"{""other"": 1}",unclassified_source_item_metadata,[]
2902,other,CompiledRunner,r_1536_16_128,METAL,0.03174995072185993,6709248,3166208,2902,2902,1,"{""other"": 1}",unclassified_source_item_metadata,[]
2903,other,CompiledRunner,r_16_96,METAL,0.011875061318278313,3392,6148,2903,2903,1,"{""other"": 1}",unclassified_source_item_metadata,[]
2904,other,CompiledRunner,E_16_32_3,METAL,0.008458271622657776,4608,21508,2904,2904,1,"{""other"": 1}",unclassified_source_item_metadata,[]
2905,other,CompiledRunner,r_16_96,METAL,0.01225003506988287,3392,6148,2905,2905,1,"{""other"": 1}",unclassified_source_item_metadata,[]
2906,other,CompiledRunner,r_128_32_3_384_4,METAL,0.19616668578237295,44064768,18981892,2906,2906,1,"{""other"": 1}",unclassified_source_item_metadata,[]
2907,other,CompiledRunner,r_1536_16_384,METAL,0.20012492313981056,113664000,9498624,2907,2907,1,"{""other"": 1}",unclassified_source_item_metadata,[]
2908,other,CompiledRunner,r_16_96,METAL,0.17595826648175716,3392,6148,2908,2908,1,"{""other"": 1}",unclassified_source_item_metadata,[]
2909,other,CompiledRunner,E_16_32_3,METAL,0.10970828589051962,4608,21508,2909,2909,1,"{""other"": 1}",unclassified_source_item_metadata,[]
2910,other,CompiledRunner,r_256_16_96n1,METAL,1.3069999404251575,897024,417792,2910,2910,1,"{""other"": 1}",unclassified_source_item_metadata,[]
2911,other,CompiledRunner,r_1536_16_16n1,METAL,0.01279159914702177,1204224,406528,2911,2911,1,"{""other"": 1}",unclassified_source_item_metadata,[]
2912,other,CompiledRunner,r_16_96,METAL,0.012375065125524998,3392,6148,2912,2912,1,"{""other"": 1}",unclassified_source_item_metadata,[]
2913,other,CompiledRunner,E_16_32_3n1,METAL,0.008750008419156075,6144,21510,2913,2913,1,"{""other"": 1}",unclassified_source_item_metadata,[]
2914,other,CompiledRunner,r_16_96,METAL,0.012041651643812656,3392,6148,2914,2914,1,"{""other"": 1}",unclassified_source_item_metadata,[]
2915,other,CompiledRunner,r_2048_16_96,METAL,0.04033336881548166,10027008,3171332,2915,2915,1,"{""other"": 1}",unclassified_source_item_metadata,[]
2916,other,CompiledRunner,r_8_16_16,METAL,0.008791685104370117,6656,8224,2916,2916,1,"{""other"": 1}",unclassified_source_item_metadata,[]
2917,other,CompiledRunner,E_16_2_16_4,METAL,0.012375065125524998,37888,16928,2917,2917,1,"{""other"": 1}",unclassified_source_item_metadata,[]
2918,other,CompiledRunner,r_4_32_4_2_4_32,METAL,0.031791627407073975,2097152,548864,2918,2918,1,"{""other"": 1}",unclassified_source_item_metadata,[]
2919,other,CompiledRunner,r_8_16_32,METAL,0.009041628800332546,12288,16416,2919,2919,1,"{""other"": 1}",unclassified_source_item_metadata,[]
2920,other,CompiledRunner,r_8_16_32n1,METAL,0.01079158391803503,18560,16448,2920,2920,1,"{""other"": 1}",unclassified_source_item_metadata,[]
2921,other,CompiledRunner,r_2_32_4_2_4_64,METAL,0.05733338184654713,2197504,548928,2921,2921,1,"{""other"": 1}",unclassified_source_item_metadata,[]
2922,other,CompiledRunner,r_1536_16_128,METAL,0.03174995072185993,6709248,3166208,2922,2922,1,"{""other"": 1}",unclassified_source_item_metadata,[]
2923,other,CompiledRunner,r_16_96,METAL,0.011708354577422142,3392,6148,2923,2923,1,"{""other"": 1}",unclassified_source_item_metadata,[]
2924,other,CompiledRunner,E_16_32_3,METAL,0.008750008419156075,4608,21508,2924,2924,1,"{""other"": 1}",unclassified_source_item_metadata,[]
2925,other,CompiledRunner,r_16_96,METAL,0.011750031262636185,3392,6148,2925,2925,1,"{""other"": 1}",unclassified_source_item_metadata,[]
2926,other,CompiledRunner,r_128_32_3_384_4,METAL,0.1942915841937065,44064768,18981892,2926,2926,1,"{""other"": 1}",unclassified_source_item_metadata,[]
2927,other,CompiledRunner,r_1536_16_384,METAL,0.1901249634101987,113664000,9498624,2927,2927,1,"{""other"": 1}",unclassified_source_item_metadata,[]
2928,other,CompiledRunner,r_16_96,METAL,0.011750031262636185,3392,6148,2928,2928,1,"{""other"": 1}",unclassified_source_item_metadata,[]
2929,other,CompiledRunner,E_16_32_3,METAL,0.008624978363513947,4608,21508,2929,2929,1,"{""other"": 1}",unclassified_source_item_metadata,[]
2930,other,CompiledRunner,r_256_16_96n2,METAL,0.1612083287909627,897024,417792,2930,2930,1,"{""other"": 1}",unclassified_source_item_metadata,[]
2931,other,CompiledRunner,r_1536_16_16n1,METAL,0.08941662963479757,1204224,406528,2931,2931,1,"{""other"": 1}",unclassified_source_item_metadata,[]
2932,other,CompiledRunner,r_16_96,METAL,0.22354163229465485,3392,6148,2932,2932,1,"{""other"": 1}",unclassified_source_item_metadata,[]
2933,other,CompiledRunner,E_16_32_3n1,METAL,0.20999996922910213,6144,21510,2933,2933,1,"{""other"": 1}",unclassified_source_item_metadata,[]
2934,other,CompiledRunner,r_16_96,METAL,0.642749946564436,3392,6148,2934,2934,1,"{""other"": 1}",unclassified_source_item_metadata,[]
2935,other,CompiledRunner,r_2048_16_96,METAL,0.04041672218590975,10027008,3171332,2935,2935,1,"{""other"": 1}",unclassified_source_item_metadata,[]
2936,other,CompiledRunner,r_8_16_16,METAL,0.008583301678299904,6656,8224,2936,2936,1,"{""other"": 1}",unclassified_source_item_metadata,[]
2937,other,CompiledRunner,E_16_2_16_4,METAL,0.0126248924061656,37888,16928,2937,2937,1,"{""other"": 1}",unclassified_source_item_metadata,[]
2938,other,CompiledRunner,r_4_32_4_2_4_32,METAL,0.031125033274292946,2097152,548864,2938,2938,1,"{""other"": 1}",unclassified_source_item_metadata,[]
2939,other,CompiledRunner,r_8_16_32,METAL,0.008958275429904461,12288,16416,2939,2939,1,"{""other"": 1}",unclassified_source_item_metadata,[]
2940,other,CompiledRunner,r_8_16_32n1,METAL,0.010750023648142815,18560,16448,2940,2940,1,"{""other"": 1}",unclassified_source_item_metadata,[]
2941,other,CompiledRunner,r_2_32_4_2_4_64,METAL,0.0577499158680439,2197504,548928,2941,2941,1,"{""other"": 1}",unclassified_source_item_metadata,[]
2942,other,CompiledRunner,r_1536_16_128,METAL,0.032125040888786316,6709248,3166208,2942,2942,1,"{""other"": 1}",unclassified_source_item_metadata,[]
2943,other,CompiledRunner,r_16_96,METAL,0.012041651643812656,3392,6148,2943,2943,1,"{""other"": 1}",unclassified_source_item_metadata,[]
2944,other,CompiledRunner,E_16_32_3,METAL,0.008458271622657776,4608,21508,2944,2944,1,"{""other"": 1}",unclassified_source_item_metadata,[]
2945,other,CompiledRunner,r_16_96,METAL,0.012166681699454784,3392,6148,2945,2945,1,"{""other"": 1}",unclassified_source_item_metadata,[]
2946,other,CompiledRunner,r_128_32_3_384_4,METAL,0.19512500148266554,44064768,18981892,2946,2946,1,"{""other"": 1}",unclassified_source_item_metadata,[]
2947,other,CompiledRunner,r_1536_16_384,METAL,0.1901249634101987,113664000,9498624,2947,2947,1,"{""other"": 1}",unclassified_source_item_metadata,[]
2948,other,CompiledRunner,r_16_96,METAL,0.011999974958598614,3392,6148,2948,2948,1,"{""other"": 1}",unclassified_source_item_metadata,[]
2949,other,CompiledRunner,E_16_32_3,METAL,0.008583301678299904,4608,21508,2949,2949,1,"{""other"": 1}",unclassified_source_item_metadata,[]
2950,other,CompiledRunner,r_256_16_96n3,METAL,0.018208404071629047,897024,417792,2950,2950,1,"{""other"": 1}",unclassified_source_item_metadata,[]
2951,other,CompiledRunner,r_1536_16_16n1,METAL,0.013249926269054413,1204224,406528,2951,2951,1,"{""other"": 1}",unclassified_source_item_metadata,[]
2952,other,CompiledRunner,r_16_96,METAL,0.01225003506988287,3392,6148,2952,2952,1,"{""other"": 1}",unclassified_source_item_metadata,[]
2953,other,CompiledRunner,E_16_32_3n1,METAL,0.008874922059476376,6144,21510,2953,2953,1,"{""other"": 1}",unclassified_source_item_metadata,[]
2954,other,CompiledRunner,r_16_96,METAL,0.011958298273384571,3392,6148,2954,2954,1,"{""other"": 1}",unclassified_source_item_metadata,[]
2955,other,CompiledRunner,r_2048_16_96,METAL,0.06683322135359049,10027008,3171332,2955,2955,1,"{""other"": 1}",unclassified_source_item_metadata,[]
2956,other,CompiledRunner,r_8_16_16,METAL,0.21862494759261608,6656,8224,2956,2956,1,"{""other"": 1}",unclassified_source_item_metadata,[]
2957,other,CompiledRunner,E_16_2_16_4,METAL,0.10850001126527786,37888,16928,2957,2957,1,"{""other"": 1}",unclassified_source_item_metadata,[]
2958,other,CompiledRunner,r_4_32_4_2_4_32,METAL,0.2473333152011037,2097152,548864,2958,2958,1,"{""other"": 1}",unclassified_source_item_metadata,[]
2959,other,CompiledRunner,r_8_16_32,METAL,0.21441665012389421,12288,16416,2959,2959,1,"{""other"": 1}",unclassified_source_item_metadata,[]
2960,other,CompiledRunner,r_8_16_32n1,METAL,0.6381249986588955,18560,16448,2960,2960,1,"{""other"": 1}",unclassified_source_item_metadata,[]
2961,other,CompiledRunner,r_2_32_4_2_4_64,METAL,0.05854165647178888,2197504,548928,2961,2961,1,"{""other"": 1}",unclassified_source_item_metadata,[]
2962,other,CompiledRunner,r_1536_16_128,METAL,0.03200001083314419,6709248,3166208,2962,2962,1,"{""other"": 1}",unclassified_source_item_metadata,[]
2963,other,CompiledRunner,r_16_96,METAL,0.011625001206994057,3392,6148,2963,2963,1,"{""other"": 1}",unclassified_source_item_metadata,[]
2964,other,CompiledRunner,E_16_32_3,METAL,0.008624978363513947,4608,21508,2964,2964,1,"{""other"": 1}",unclassified_source_item_metadata,[]
2965,other,CompiledRunner,r_16_96,METAL,0.011833268217742443,3392,6148,2965,2965,1,"{""other"": 1}",unclassified_source_item_metadata,[]
2966,other,CompiledRunner,r_128_32_3_384_4,METAL,0.1961250090971589,44064768,18981892,2966,2966,1,"{""other"": 1}",unclassified_source_item_metadata,[]
2967,other,CompiledRunner,r_1536_16_384,METAL,0.18962507601827383,113664000,9498624,2967,2967,1,"{""other"": 1}",unclassified_source_item_metadata,[]
2968,other,CompiledRunner,r_16_96,METAL,0.011875061318278313,3392,6148,2968,2968,1,"{""other"": 1}",unclassified_source_item_metadata,[]
2969,other,CompiledRunner,E_16_32_3,METAL,0.008916598744690418,4608,21508,2969,2969,1,"{""other"": 1}",unclassified_source_item_metadata,[]
2970,other,CompiledRunner,r_256_16_96n4,METAL,0.01737498678267002,897024,417792,2970,2970,1,"{""other"": 1}",unclassified_source_item_metadata,[]
2971,other,CompiledRunner,r_1536_16_16n1,METAL,0.013208365999162197,1204224,406528,2971,2971,1,"{""other"": 1}",unclassified_source_item_metadata,[]
2972,other,CompiledRunner,r_16_96,METAL,0.011750031262636185,3392,6148,2972,2972,1,"{""other"": 1}",unclassified_source_item_metadata,[]
2973,other,CompiledRunner,E_16_32_3n1,METAL,0.00900006853044033,6144,21510,2973,2973,1,"{""other"": 1}",unclassified_source_item_metadata,[]
2974,other,CompiledRunner,r_16_96,METAL,0.011874944902956486,3392,6148,2974,2974,1,"{""other"": 1}",unclassified_source_item_metadata,[]
2975,other,CompiledRunner,r_32_32_4_384_4,METAL,0.7869582623243332,14163968,6333444,2975,2975,1,"{""other"": 1}",unclassified_source_item_metadata,[]
2976,other,CompiledRunner,r_8_16_32n2,METAL,0.01241674181073904,10752,16416,2976,2976,1,"{""other"": 1}",unclassified_source_item_metadata,[]
2977,other,CompiledRunner,E_8_2_16_4_4,METAL,0.027374946512281895,95488,33824,2977,2977,1,"{""other"": 1}",unclassified_source_item_metadata,[]
2978,other,CompiledRunner,r_8_(gemma_start_pos_window+1)_16_32,METAL,0.032374984584748745,7208960,1482784,2978,2978,1,"{""other"": 1}",unclassified_source_item_metadata,[]
2979,other,CompiledRunner,r_2_4_(gemma_start_pos_window+1),METAL,0.3432083176448941,11266,22560,2979,2979,1,"{""other"": 1}",unclassified_source_item_metadata,[]
2980,other,CompiledRunner,r_2_4_(gemma_start_pos_window+1)n1,METAL,0.5044583231210709,22538,22592,2980,2980,1,"{""other"": 1}",unclassified_source_item_metadata,[]
2981,other,CompiledRunner,E_(gemma_start_pos_window+1)_2_4,METAL,0.17887505237013102,22528,45120,2981,2981,1,"{""other"": 1}",unclassified_source_item_metadata,[]
2982,other,CompiledRunner,r_8_2_16_4_4_(gemma_start_pos_window+1),METAL,1.2813749490305781,5767424,1482784,2982,2982,1,"{""other"": 1}",unclassified_source_item_metadata,[]
2983,other,CompiledRunner,r_1536_16_256,METAL,0.05224999040365219,13000704,6320128,2983,2983,1,"{""other"": 1}",unclassified_source_item_metadata,[]
2984,other,CompiledRunner,r_16_96,METAL,0.012249918654561043,3392,6148,2984,2984,1,"{""other"": 1}",unclassified_source_item_metadata,[]
2985,other,CompiledRunner,E_16_32_3,METAL,0.008750008419156075,4608,21508,2985,2985,1,"{""other"": 1}",unclassified_source_item_metadata,[]
2986,other,CompiledRunner,r_16_96,METAL,0.011791707947850227,3392,6148,2986,2986,1,"{""other"": 1}",unclassified_source_item_metadata,[]
2987,other,CompiledRunner,r_128_32_3_384_4,METAL,0.1973749604076147,44064768,18981892,2987,2987,1,"{""other"": 1}",unclassified_source_item_metadata,[]
2988,other,CompiledRunner,r_1536_16_384,METAL,0.19225000869482756,113664000,9498624,2988,2988,1,"{""other"": 1}",unclassified_source_item_metadata,[]
2989,other,CompiledRunner,r_16_96,METAL,0.012166565284132957,3392,6148,2989,2989,1,"{""other"": 1}",unclassified_source_item_metadata,[]
2990,other,CompiledRunner,E_16_32_3,METAL,0.008624978363513947,4608,21508,2990,2990,1,"{""other"": 1}",unclassified_source_item_metadata,[]
2991,other,CompiledRunner,r_256_16_96n5,METAL,0.01737498678267002,897024,417792,2991,2991,1,"{""other"": 1}",unclassified_source_item_metadata,[]
2992,other,CompiledRunner,r_1536_16_16n1,METAL,0.012958422303199768,1204224,406528,2992,2992,1,"{""other"": 1}",unclassified_source_item_metadata,[]
2993,other,CompiledRunner,r_16_96,METAL,0.011833268217742443,3392,6148,2993,2993,1,"{""other"": 1}",unclassified_source_item_metadata,[]
2994,other,CompiledRunner,E_16_32_3n1,METAL,0.008750008419156075,6144,21510,2994,2994,1,"{""other"": 1}",unclassified_source_item_metadata,[]
2995,other,CompiledRunner,r_16_96,METAL,0.012041651643812656,3392,6148,2995,2995,1,"{""other"": 1}",unclassified_source_item_metadata,[]
2996,other,CompiledRunner,r_2048_16_96,METAL,0.041499966755509377,10027008,3171332,2996,2996,1,"{""other"": 1}",unclassified_source_item_metadata,[]
2997,other,CompiledRunner,r_8_16_16,METAL,0.0112500274553895,6656,8224,2997,2997,1,"{""other"": 1}",unclassified_source_item_metadata,[]
2998,other,CompiledRunner,E_16_2_16_4,METAL,0.012749922461807728,37888,16928,2998,2998,1,"{""other"": 1}",unclassified_source_item_metadata,[]
2999,other,CompiledRunner,r_4_32_4_2_4_32,METAL,0.03474997356534004,2097152,548864,2999,2999,1,"{""other"": 1}",unclassified_source_item_metadata,[]
3000,other,CompiledRunner,r_8_16_32,METAL,0.20008336286991835,12288,16416,3000,3000,1,"{""other"": 1}",unclassified_source_item_metadata,[]
3001,other,CompiledRunner,r_8_16_32n1,METAL,0.1506666885688901,18560,16448,3001,3001,1,"{""other"": 1}",unclassified_source_item_metadata,[]
3002,other,CompiledRunner,r_2_32_4_2_4_64,METAL,0.2905000001192093,2197504,548928,3002,3002,1,"{""other"": 1}",unclassified_source_item_metadata,[]
3003,other,CompiledRunner,r_1536_16_128,METAL,0.9908333886414766,6709248,3166208,3003,3003,1,"{""other"": 1}",unclassified_source_item_metadata,[]
3004,other,CompiledRunner,r_16_96,METAL,0.012958422303199768,3392,6148,3004,3004,1,"{""other"": 1}",unclassified_source_item_metadata,[]
3005,other,CompiledRunner,E_16_32_3,METAL,0.00883336178958416,4608,21508,3005,3005,1,"{""other"": 1}",unclassified_source_item_metadata,[]
3006,other,CompiledRunner,r_16_96,METAL,0.012458302080631256,3392,6148,3006,3006,1,"{""other"": 1}",unclassified_source_item_metadata,[]
3007,other,CompiledRunner,r_128_32_3_384_4,METAL,0.19275001250207424,44064768,18981892,3007,3007,1,"{""other"": 1}",unclassified_source_item_metadata,[]
3008,other,CompiledRunner,r_1536_16_384,METAL,0.1907499972730875,113664000,9498624,3008,3008,1,"{""other"": 1}",unclassified_source_item_metadata,[]
3009,other,CompiledRunner,r_16_96,METAL,0.011875061318278313,3392,6148,3009,3009,1,"{""other"": 1}",unclassified_source_item_metadata,[]
3010,other,CompiledRunner,E_16_32_3,METAL,0.008708331733942032,4608,21508,3010,3010,1,"{""other"": 1}",unclassified_source_item_metadata,[]
3011,other,CompiledRunner,r_256_16_96n6,METAL,0.017999904230237007,897024,417792,3011,3011,1,"{""other"": 1}",unclassified_source_item_metadata,[]
3012,other,CompiledRunner,r_1536_16_16n1,METAL,0.012958422303199768,1204224,406528,3012,3012,1,"{""other"": 1}",unclassified_source_item_metadata,[]
3013,other,CompiledRunner,r_16_96,METAL,0.012375065125524998,3392,6148,3013,3013,1,"{""other"": 1}",unclassified_source_item_metadata,[]
3014,other,CompiledRunner,E_16_32_3n1,METAL,0.008624978363513947,6144,21510,3014,3014,1,"{""other"": 1}",unclassified_source_item_metadata,[]
3015,other,CompiledRunner,r_16_96,METAL,0.012041651643812656,3392,6148,3015,3015,1,"{""other"": 1}",unclassified_source_item_metadata,[]
3016,other,CompiledRunner,r_2048_16_96,METAL,0.039375037886202335,10027008,3171332,3016,3016,1,"{""other"": 1}",unclassified_source_item_metadata,[]
3017,other,CompiledRunner,r_8_16_16,METAL,0.008958275429904461,6656,8224,3017,3017,1,"{""other"": 1}",unclassified_source_item_metadata,[]
3018,other,CompiledRunner,E_16_2_16_4,METAL,0.012125005014240742,37888,16928,3018,3018,1,"{""other"": 1}",unclassified_source_item_metadata,[]
3019,other,CompiledRunner,r_4_32_4_2_4_32,METAL,0.03204168751835823,2097152,548864,3019,3019,1,"{""other"": 1}",unclassified_source_item_metadata,[]
3020,other,CompiledRunner,r_8_16_32,METAL,0.009124982170760632,12288,16416,3020,3020,1,"{""other"": 1}",unclassified_source_item_metadata,[]
3021,other,CompiledRunner,r_8_16_32n1,METAL,0.010750023648142815,18560,16448,3021,3021,1,"{""other"": 1}",unclassified_source_item_metadata,[]
3022,other,CompiledRunner,r_2_32_4_2_4_64,METAL,0.09250000584870577,2197504,548928,3022,3022,1,"{""other"": 1}",unclassified_source_item_metadata,[]
3023,other,CompiledRunner,r_1536_16_128,METAL,0.20970834884792566,6709248,3166208,3023,3023,1,"{""other"": 1}",unclassified_source_item_metadata,[]
3024,other,CompiledRunner,r_16_96,METAL,0.08224998600780964,3392,6148,3024,3024,1,"{""other"": 1}",unclassified_source_item_metadata,[]
3025,other,CompiledRunner,E_16_32_3,METAL,0.22849999368190765,4608,21508,3025,3025,1,"{""other"": 1}",unclassified_source_item_metadata,[]
3026,other,CompiledRunner,r_16_96,METAL,0.24999992456287146,3392,6148,3026,3026,1,"{""other"": 1}",unclassified_source_item_metadata,[]
3027,other,CompiledRunner,r_128_32_3_384_4,METAL,0.8152499794960022,44064768,18981892,3027,3027,1,"{""other"": 1}",unclassified_source_item_metadata,[]
3028,other,CompiledRunner,r_1536_16_384,METAL,0.19100005738437176,113664000,9498624,3028,3028,1,"{""other"": 1}",unclassified_source_item_metadata,[]
3029,other,CompiledRunner,r_16_96,METAL,0.011999974958598614,3392,6148,3029,3029,1,"{""other"": 1}",unclassified_source_item_metadata,[]
3030,other,CompiledRunner,E_16_32_3,METAL,0.009499955922365189,4608,21508,3030,3030,1,"{""other"": 1}",unclassified_source_item_metadata,[]
3031,other,CompiledRunner,r_256_16_96n7,METAL,0.01795834396034479,897024,417792,3031,3031,1,"{""other"": 1}",unclassified_source_item_metadata,[]
3032,other,CompiledRunner,r_1536_16_16n1,METAL,0.012708245776593685,1204224,406528,3032,3032,1,"{""other"": 1}",unclassified_source_item_metadata,[]
3033,other,CompiledRunner,r_16_96,METAL,0.011750031262636185,3392,6148,3033,3033,1,"{""other"": 1}",unclassified_source_item_metadata,[]
3034,other,CompiledRunner,E_16_32_3n1,METAL,0.009125098586082458,6144,21510,3034,3034,1,"{""other"": 1}",unclassified_source_item_metadata,[]
3035,other,CompiledRunner,r_16_96,METAL,0.011958298273384571,3392,6148,3035,3035,1,"{""other"": 1}",unclassified_source_item_metadata,[]
3036,other,CompiledRunner,r_2048_16_96,METAL,0.03937492147088051,10027008,3171332,3036,3036,1,"{""other"": 1}",unclassified_source_item_metadata,[]
3037,other,CompiledRunner,r_8_16_16,METAL,0.008583301678299904,6656,8224,3037,3037,1,"{""other"": 1}",unclassified_source_item_metadata,[]
3038,other,CompiledRunner,E_16_2_16_4,METAL,0.012750038877129555,37888,16928,3038,3038,1,"{""other"": 1}",unclassified_source_item_metadata,[]
3039,other,CompiledRunner,r_4_32_4_2_4_32,METAL,0.031624920666217804,2097152,548864,3039,3039,1,"{""other"": 1}",unclassified_source_item_metadata,[]
3040,other,CompiledRunner,r_8_16_32,METAL,0.009208335541188717,12288,16416,3040,3040,1,"{""other"": 1}",unclassified_source_item_metadata,[]
3041,other,CompiledRunner,r_8_16_32n1,METAL,0.010874937288463116,18560,16448,3041,3041,1,"{""other"": 1}",unclassified_source_item_metadata,[]
3042,other,CompiledRunner,r_2_32_4_2_4_64,METAL,0.057999975979328156,2197504,548928,3042,3042,1,"{""other"": 1}",unclassified_source_item_metadata,[]
3043,other,CompiledRunner,r_1536_16_128,METAL,0.031666713766753674,6709248,3166208,3043,3043,1,"{""other"": 1}",unclassified_source_item_metadata,[]
3044,other,CompiledRunner,r_16_96,METAL,0.012083328329026699,3392,6148,3044,3044,1,"{""other"": 1}",unclassified_source_item_metadata,[]
3045,other,CompiledRunner,E_16_32_3,METAL,0.00858341809362173,4608,21508,3045,3045,1,"{""other"": 1}",unclassified_source_item_metadata,[]
3046,other,CompiledRunner,r_16_96,METAL,0.012166681699454784,3392,6148,3046,3046,1,"{""other"": 1}",unclassified_source_item_metadata,[]
3047,other,CompiledRunner,r_128_32_3_384_4,METAL,0.25937508326023817,44064768,18981892,3047,3047,1,"{""other"": 1}",unclassified_source_item_metadata,[]
3048,other,CompiledRunner,r_1536_16_384,METAL,0.23370841518044472,113664000,9498624,3048,3048,1,"{""other"": 1}",unclassified_source_item_metadata,[]
3049,other,CompiledRunner,r_16_96,METAL,0.01279159914702177,3392,6148,3049,3049,1,"{""other"": 1}",unclassified_source_item_metadata,[]
3050,other,CompiledRunner,E_16_32_3,METAL,0.22837496362626553,4608,21508,3050,3050,1,"{""other"": 1}",unclassified_source_item_metadata,[]
3051,other,CompiledRunner,r_256_16_96n8,METAL,0.2499582478776574,897024,417792,3051,3051,1,"{""other"": 1}",unclassified_source_item_metadata,[]
3052,other,CompiledRunner,r_1536_16_16n1,METAL,0.638458295725286,1204224,406528,3052,3052,1,"{""other"": 1}",unclassified_source_item_metadata,[]
3053,other,CompiledRunner,r_16_96,METAL,0.012416625395417213,3392,6148,3053,3053,1,"{""other"": 1}",unclassified_source_item_metadata,[]
3054,other,CompiledRunner,E_16_32_3n1,METAL,0.009333249181509018,6144,21510,3054,3054,1,"{""other"": 1}",unclassified_source_item_metadata,[]
3055,other,CompiledRunner,r_16_96,METAL,0.012166681699454784,3392,6148,3055,3055,1,"{""other"": 1}",unclassified_source_item_metadata,[]
3056,other,CompiledRunner,r_2048_16_96,METAL,0.04125002305954695,10027008,3171332,3056,3056,1,"{""other"": 1}",unclassified_source_item_metadata,[]
3057,other,CompiledRunner,r_8_16_16,METAL,0.008750008419156075,6656,8224,3057,3057,1,"{""other"": 1}",unclassified_source_item_metadata,[]
3058,other,CompiledRunner,E_16_2_16_4,METAL,0.011916621588170528,37888,16928,3058,3058,1,"{""other"": 1}",unclassified_source_item_metadata,[]
3059,other,CompiledRunner,r_4_32_4_2_4_32,METAL,0.03445835318416357,2097152,548864,3059,3059,1,"{""other"": 1}",unclassified_source_item_metadata,[]
3060,other,CompiledRunner,r_8_16_32,METAL,0.009166658855974674,12288,16416,3060,3060,1,"{""other"": 1}",unclassified_source_item_metadata,[]
3061,other,CompiledRunner,r_8_16_32n1,METAL,0.010750023648142815,18560,16448,3061,3061,1,"{""other"": 1}",unclassified_source_item_metadata,[]
3062,other,CompiledRunner,r_2_32_4_2_4_64,METAL,0.0576250022277236,2197504,548928,3062,3062,1,"{""other"": 1}",unclassified_source_item_metadata,[]
3063,other,CompiledRunner,r_1536_16_128,METAL,0.032041571103036404,6709248,3166208,3063,3063,1,"{""other"": 1}",unclassified_source_item_metadata,[]
3064,other,CompiledRunner,r_16_96,METAL,0.011750031262636185,3392,6148,3064,3064,1,"{""other"": 1}",unclassified_source_item_metadata,[]
3065,other,CompiledRunner,E_16_32_3,METAL,0.008624978363513947,4608,21508,3065,3065,1,"{""other"": 1}",unclassified_source_item_metadata,[]
3066,other,CompiledRunner,r_16_96,METAL,0.011625001206994057,3392,6148,3066,3066,1,"{""other"": 1}",unclassified_source_item_metadata,[]
3067,other,CompiledRunner,r_128_32_3_384_4,METAL,0.196208362467587,44064768,18981892,3067,3067,1,"{""other"": 1}",unclassified_source_item_metadata,[]
3068,other,CompiledRunner,r_1536_16_384,METAL,0.19012507982552052,113664000,9498624,3068,3068,1,"{""other"": 1}",unclassified_source_item_metadata,[]
3069,other,CompiledRunner,r_16_96,METAL,0.011874944902956486,3392,6148,3069,3069,1,"{""other"": 1}",unclassified_source_item_metadata,[]
3070,other,CompiledRunner,E_16_32_3,METAL,0.008583301678299904,4608,21508,3070,3070,1,"{""other"": 1}",unclassified_source_item_metadata,[]
3071,other,CompiledRunner,r_256_16_96n9,METAL,0.16795832198113203,897024,417792,3071,3071,1,"{""other"": 1}",unclassified_source_item_metadata,[]
3072,other,CompiledRunner,r_1536_16_16n1,METAL,0.11962500866502523,1204224,406528,3072,3072,1,"{""other"": 1}",unclassified_source_item_metadata,[]
3073,other,CompiledRunner,r_16_96,METAL,0.037125078961253166,3392,6148,3073,3073,1,"{""other"": 1}",unclassified_source_item_metadata,[]
3074,other,CompiledRunner,E_16_32_3n1,METAL,0.22449996322393417,6144,21510,3074,3074,1,"{""other"": 1}",unclassified_source_item_metadata,[]
3075,other,CompiledRunner,r_16_96,METAL,0.6261250237002969,3392,6148,3075,3075,1,"{""other"": 1}",unclassified_source_item_metadata,[]
3076,other,CompiledRunner,r_32_32_4_384_4,METAL,0.2341249492019415,14163968,6333444,3076,3076,1,"{""other"": 1}",unclassified_source_item_metadata,[]
3077,other,CompiledRunner,r_8_16_32n2,METAL,0.010583316907286644,10752,16416,3077,3077,1,"{""other"": 1}",unclassified_source_item_metadata,[]
3078,other,CompiledRunner,E_8_2_16_4_4,METAL,0.027125002816319466,95488,33824,3078,3078,1,"{""other"": 1}",unclassified_source_item_metadata,[]
3079,other,CompiledRunner,r_8_(gemma_start_pos_window+1)_16_32,METAL,0.032125040888786316,7208960,1482784,3079,3079,1,"{""other"": 1}",unclassified_source_item_metadata,[]
3080,other,CompiledRunner,r_2_4_(gemma_start_pos_window+1),METAL,0.36212499253451824,11266,22560,3080,3080,1,"{""other"": 1}",unclassified_source_item_metadata,[]
3081,other,CompiledRunner,r_2_4_(gemma_start_pos_window+1)n1,METAL,0.3927500220015645,22538,22592,3081,3081,1,"{""other"": 1}",unclassified_source_item_metadata,[]
3082,other,CompiledRunner,E_(gemma_start_pos_window+1)_2_4,METAL,0.01025001984089613,22528,45120,3082,3082,1,"{""other"": 1}",unclassified_source_item_metadata,[]
3083,other,CompiledRunner,r_8_2_16_4_4_(gemma_start_pos_window+1),METAL,0.6568332901224494,5767424,1482784,3083,3083,1,"{""other"": 1}",unclassified_source_item_metadata,[]
3084,other,CompiledRunner,r_1536_16_256,METAL,0.05183333996683359,13000704,6320128,3084,3084,1,"{""other"": 1}",unclassified_source_item_metadata,[]
3085,other,CompiledRunner,r_16_96,METAL,0.01225003506988287,3392,6148,3085,3085,1,"{""other"": 1}",unclassified_source_item_metadata,[]
3086,other,CompiledRunner,E_16_32_3,METAL,0.008500064723193645,4608,21508,3086,3086,1,"{""other"": 1}",unclassified_source_item_metadata,[]
3087,other,CompiledRunner,r_16_96,METAL,0.012083328329026699,3392,6148,3087,3087,1,"{""other"": 1}",unclassified_source_item_metadata,[]
3088,other,CompiledRunner,r_128_32_3_384_4,METAL,0.21133339032530785,44064768,18981892,3088,3088,1,"{""other"": 1}",unclassified_source_item_metadata,[]
3089,other,CompiledRunner,r_1536_16_384,METAL,0.3856249386444688,113664000,9498624,3089,3089,1,"{""other"": 1}",unclassified_source_item_metadata,[]
3090,other,CompiledRunner,r_16_96,METAL,0.11016672942787409,3392,6148,3090,3090,1,"{""other"": 1}",unclassified_source_item_metadata,[]
3091,other,CompiledRunner,E_16_32_3,METAL,0.23233331739902496,4608,21508,3091,3091,1,"{""other"": 1}",unclassified_source_item_metadata,[]
3092,other,CompiledRunner,r_256_16_96n10,METAL,0.5970000056549907,897024,417792,3092,3092,1,"{""other"": 1}",unclassified_source_item_metadata,[]
3093,other,CompiledRunner,r_1536_16_16n1,METAL,0.00600004568696022,1204224,406528,3093,3093,1,"{""other"": 1}",unclassified_source_item_metadata,[]
3094,other,CompiledRunner,r_16_96,METAL,0.005625071935355663,3392,6148,3094,3094,1,"{""other"": 1}",unclassified_source_item_metadata,[]
3095,other,CompiledRunner,E_16_32_3n1,METAL,0.004375004209578037,6144,21510,3095,3095,1,"{""other"": 1}",unclassified_source_item_metadata,[]
3096,other,CompiledRunner,r_16_96,METAL,0.005375011824071407,3392,6148,3096,3096,1,"{""other"": 1}",unclassified_source_item_metadata,[]
3097,other,CompiledRunner,r_2048_16_96,METAL,0.019291648641228676,10027008,3171332,3097,3097,1,"{""other"": 1}",unclassified_source_item_metadata,[]
3098,other,CompiledRunner,r_8_16_16,METAL,0.00400003045797348,6656,8224,3098,3098,1,"{""other"": 1}",unclassified_source_item_metadata,[]
3099,other,CompiledRunner,E_16_2_16_4,METAL,0.006125075742602348,37888,16928,3099,3099,1,"{""other"": 1}",unclassified_source_item_metadata,[]
3100,other,CompiledRunner,r_4_32_4_2_4_32,METAL,0.015333294868469238,2097152,548864,3100,3100,1,"{""other"": 1}",unclassified_source_item_metadata,[]
3101,other,CompiledRunner,r_8_16_32,METAL,0.004249974153935909,12288,16416,3101,3101,1,"{""other"": 1}",unclassified_source_item_metadata,[]
3102,other,CompiledRunner,r_8_16_32n1,METAL,0.005249981768429279,18560,16448,3102,3102,1,"{""other"": 1}",unclassified_source_item_metadata,[]
3103,other,CompiledRunner,r_2_32_4_2_4_64,METAL,0.02775003667920828,2197504,548928,3103,3103,1,"{""other"": 1}",unclassified_source_item_metadata,[]
3104,other,CompiledRunner,r_1536_16_128,METAL,0.015208381228148937,6709248,3166208,3104,3104,1,"{""other"": 1}",unclassified_source_item_metadata,[]
3105,other,CompiledRunner,r_16_96,METAL,0.005375011824071407,3392,6148,3105,3105,1,"{""other"": 1}",unclassified_source_item_metadata,[]
3106,other,CompiledRunner,E_16_32_3,METAL,0.004124944098293781,4608,21508,3106,3106,1,"{""other"": 1}",unclassified_source_item_metadata,[]
3107,other,CompiledRunner,r_16_96,METAL,0.005541602149605751,3392,6148,3107,3107,1,"{""other"": 1}",unclassified_source_item_metadata,[]
3108,other,CompiledRunner,r_128_32_3_384_4,METAL,0.09299989324063063,44064768,18981892,3108,3108,1,"{""other"": 1}",unclassified_source_item_metadata,[]
3109,other,CompiledRunner,r_1536_16_384,METAL,0.08324999362230301,113664000,9498624,3109,3109,1,"{""other"": 1}",unclassified_source_item_metadata,[]
3110,other,CompiledRunner,r_16_96,METAL,0.005500041879713535,3392,6148,3110,3110,1,"{""other"": 1}",unclassified_source_item_metadata,[]
3111,other,CompiledRunner,E_16_32_3,METAL,0.024000066332519054,4608,21508,3111,3111,1,"{""other"": 1}",unclassified_source_item_metadata,[]
3112,other,CompiledRunner,r_256_16_96n11,METAL,0.024416716769337654,897024,417792,3112,3112,1,"{""other"": 1}",unclassified_source_item_metadata,[]
3113,other,CompiledRunner,r_1536_16_16n1,METAL,0.014874967746436596,1204224,406528,3113,3113,1,"{""other"": 1}",unclassified_source_item_metadata,[]
3114,other,CompiledRunner,r_16_96,METAL,0.011750031262636185,3392,6148,3114,3114,1,"{""other"": 1}",unclassified_source_item_metadata,[]
3115,other,CompiledRunner,E_16_32_3n1,METAL,0.0475000124424696,6144,21510,3115,3115,1,"{""other"": 1}",unclassified_source_item_metadata,[]
3116,other,CompiledRunner,r_16_96,METAL,0.22441672626882792,3392,6148,3116,3116,1,"{""other"": 1}",unclassified_source_item_metadata,[]
3117,other,CompiledRunner,r_2048_16_96,METAL,0.018749968148767948,10027008,3171332,3117,3117,1,"{""other"": 1}",unclassified_source_item_metadata,[]
3118,other,CompiledRunner,r_8_16_16,METAL,0.004125060513615608,6656,8224,3118,3118,1,"{""other"": 1}",unclassified_source_item_metadata,[]
3119,other,CompiledRunner,E_16_2_16_4,METAL,0.005791662260890007,37888,16928,3119,3119,1,"{""other"": 1}",unclassified_source_item_metadata,[]
3120,other,CompiledRunner,r_4_32_4_2_4_32,METAL,0.015208381228148937,2097152,548864,3120,3120,1,"{""other"": 1}",unclassified_source_item_metadata,[]
3121,other,CompiledRunner,r_8_16_32,METAL,0.004250090569257736,12288,16416,3121,3121,1,"{""other"": 1}",unclassified_source_item_metadata,[]
3122,other,CompiledRunner,r_8_16_32n1,METAL,0.005041598342359066,18560,16448,3122,3122,1,"{""other"": 1}",unclassified_source_item_metadata,[]
3123,other,CompiledRunner,r_2_32_4_2_4_64,METAL,0.027499976567924023,2197504,548928,3123,3123,1,"{""other"": 1}",unclassified_source_item_metadata,[]
3124,other,CompiledRunner,r_1536_16_128,METAL,0.015500001609325409,6709248,3166208,3124,3124,1,"{""other"": 1}",unclassified_source_item_metadata,[]
3125,other,CompiledRunner,r_16_96,METAL,0.005499925464391708,3392,6148,3125,3125,1,"{""other"": 1}",unclassified_source_item_metadata,[]
3126,other,CompiledRunner,E_16_32_3,METAL,0.00400003045797348,4608,21508,3126,3126,1,"{""other"": 1}",unclassified_source_item_metadata,[]
3127,other,CompiledRunner,r_16_96,METAL,0.005500041879713535,3392,6148,3127,3127,1,"{""other"": 1}",unclassified_source_item_metadata,[]
3128,other,CompiledRunner,r_128_32_3_384_4,METAL,0.0895416596904397,44064768,18981892,3128,3128,1,"{""other"": 1}",unclassified_source_item_metadata,[]
3129,other,CompiledRunner,r_1536_16_384,METAL,0.08258328307420015,113664000,9498624,3129,3129,1,"{""other"": 1}",unclassified_source_item_metadata,[]
3130,other,CompiledRunner,r_16_96,METAL,0.005583395250141621,3392,6148,3130,3130,1,"{""other"": 1}",unclassified_source_item_metadata,[]
3131,other,CompiledRunner,E_16_32_3,METAL,0.004166620783507824,4608,21508,3131,3131,1,"{""other"": 1}",unclassified_source_item_metadata,[]
3132,other,CompiledRunner,r_256_16_96n12,METAL,0.008208327926695347,897024,417792,3132,3132,1,"{""other"": 1}",unclassified_source_item_metadata,[]
3133,other,CompiledRunner,r_1536_16_16n1,METAL,0.00600004568696022,1204224,406528,3133,3133,1,"{""other"": 1}",unclassified_source_item_metadata,[]
3134,other,CompiledRunner,r_16_96,METAL,0.005500041879713535,3392,6148,3134,3134,1,"{""other"": 1}",unclassified_source_item_metadata,[]
3135,other,CompiledRunner,E_16_32_3n1,METAL,0.004249974153935909,6144,21510,3135,3135,1,"{""other"": 1}",unclassified_source_item_metadata,[]
3136,other,CompiledRunner,r_16_96,METAL,0.005624955520033836,3392,6148,3136,3136,1,"{""other"": 1}",unclassified_source_item_metadata,[]
3137,other,CompiledRunner,r_256_16_96,METAL,0.008249888196587563,1253376,404484,3137,3137,1,"{""other"": 1}",unclassified_source_item_metadata,[]
3138,other,CompiledRunner,r_16_16,METAL,0.00400003045797348,832,1028,3138,3138,1,"{""other"": 1}",unclassified_source_item_metadata,[]
3139,other,CompiledRunner,E_2_32_4,METAL,0.011083320714533329,8768,2564,3139,3139,1,"{""other"": 1}",unclassified_source_item_metadata,[]
3140,other,CompiledRunner,E_192_4_8_16_4,METAL,0.005624955520033836,0,3145732,3140,3140,1,"{""other"": 1}",unclassified_source_item_metadata,[]
3141,other,CompiledRunner,E_1120_4_8_16_4,METAL,0.011333264410495758,0,18350084,3141,3141,1,"{""other"": 1}",unclassified_source_item_metadata,[]
3142,other,CompiledRunner,r_1536_16_16,METAL,0.006166636012494564,811008,1579008,3142,3142,1,"{""other"": 1}",unclassified_source_item_metadata,[]
3143,other,CompiledRunner,r_16_96,METAL,0.005499925464391708,3392,6148,3143,3143,1,"{""other"": 1}",unclassified_source_item_metadata,[]
3144,other,CompiledRunner,r_70_32_4_384_4,METAL,0.0929167727008462,27543040,13840384,3144,3144,1,"{""other"": 1}",unclassified_source_item_metadata,[]
3145,other,CompiledRunner,r_2048_16_96,METAL,0.018874998204410076,10027008,3171332,3145,3145,1,"{""other"": 1}",unclassified_source_item_metadata,[]
3146,other,CompiledRunner,r_35_16_16,METAL,0.004125060513615608,29120,35980,3146,3146,1,"{""other"": 1}",unclassified_source_item_metadata,[]
3147,other,CompiledRunner,r_8_16_16,METAL,0.004125060513615608,6656,8224,3147,3147,1,"{""other"": 1}",unclassified_source_item_metadata,[]
3148,other,CompiledRunner,r_35_4_16_4_64_4,METAL,0.02062495332211256,2338560,9247372,3148,3148,1,"{""other"": 1}",unclassified_source_item_metadata,[]
3149,other,CompiledRunner,E_16_2_16_4,METAL,0.005875015631318092,37888,16928,3149,3149,1,"{""other"": 1}",unclassified_source_item_metadata,[]
3150,other,CompiledRunner,r_4_32_4_2_4_32,METAL,0.015374971553683281,2097152,548864,3150,3150,1,"{""other"": 1}",unclassified_source_item_metadata,[]
3151,other,CompiledRunner,r_8_16_32,METAL,0.004375004209578037,12288,16416,3151,3151,1,"{""other"": 1}",unclassified_source_item_metadata,[]
3152,other,CompiledRunner,r_8_16_32n1,METAL,0.005125068128108978,18560,16448,3152,3152,1,"{""other"": 1}",unclassified_source_item_metadata,[]
3153,other,CompiledRunner,r_2_32_4_2_4_64,METAL,0.027374946512281895,2197504,548928,3153,3153,1,"{""other"": 1}",unclassified_source_item_metadata,[]
3154,other,CompiledRunner,r_1536_16_128,METAL,0.015166588127613068,6709248,3166208,3154,3154,1,"{""other"": 1}",unclassified_source_item_metadata,[]
3155,other,CompiledRunner,r_16_96,METAL,0.00541668850928545,3392,6148,3155,3155,1,"{""other"": 1}",unclassified_source_item_metadata,[]
3156,other,CompiledRunner,E_16_32_3,METAL,0.00400003045797348,4608,21508,3156,3156,1,"{""other"": 1}",unclassified_source_item_metadata,[]
3157,other,CompiledRunner,r_16_96,METAL,0.005541718564927578,3392,6148,3157,3157,1,"{""other"": 1}",unclassified_source_item_metadata,[]
3158,other,CompiledRunner,r_128_32_3_384_4,METAL,0.08916668593883514,44064768,18981892,3158,3158,1,"{""other"": 1}",unclassified_source_item_metadata,[]
3159,other,CompiledRunner,r_1536_16_384,METAL,0.08337502367794514,113664000,9498624,3159,3159,1,"{""other"": 1}",unclassified_source_item_metadata,[]
3160,other,CompiledRunner,r_16_96,METAL,0.005541602149605751,3392,6148,3160,3160,1,"{""other"": 1}",unclassified_source_item_metadata,[]
3161,other,CompiledRunner,E_16_32_3,METAL,0.004166737198829651,4608,21508,3161,3161,1,"{""other"": 1}",unclassified_source_item_metadata,[]
3162,other,CompiledRunner,r_256_16_96n1,METAL,0.007958384230732918,897024,417792,3162,3162,1,"{""other"": 1}",unclassified_source_item_metadata,[]
3163,other,CompiledRunner,r_1536_16_16n1,METAL,0.006083282642066479,1204224,406528,3163,3163,1,"{""other"": 1}",unclassified_source_item_metadata,[]
3164,other,CompiledRunner,r_16_96,METAL,0.005666632205247879,3392,6148,3164,3164,1,"{""other"": 1}",unclassified_source_item_metadata,[]
3165,other,CompiledRunner,E_16_32_3n1,METAL,0.0043334439396858215,6144,21510,3165,3165,1,"{""other"": 1}",unclassified_source_item_metadata,[]
3166,other,CompiledRunner,r_16_96,METAL,0.005499925464391708,3392,6148,3166,3166,1,"{""other"": 1}",unclassified_source_item_metadata,[]
3167,other,CompiledRunner,r_2048_16_96,METAL,0.018833321519196033,10027008,3171332,3167,3167,1,"{""other"": 1}",unclassified_source_item_metadata,[]
3168,other,CompiledRunner,r_8_16_16,METAL,0.004125060513615608,6656,8224,3168,3168,1,"{""other"": 1}",unclassified_source_item_metadata,[]
3169,other,CompiledRunner,E_16_2_16_4,METAL,0.006083399057388306,37888,16928,3169,3169,1,"{""other"": 1}",unclassified_source_item_metadata,[]
3170,other,CompiledRunner,r_4_32_4_2_4_32,METAL,0.015333294868469238,2097152,548864,3170,3170,1,"{""other"": 1}",unclassified_source_item_metadata,[]
3171,other,CompiledRunner,r_8_16_32,METAL,0.004124944098293781,12288,16416,3171,3171,1,"{""other"": 1}",unclassified_source_item_metadata,[]
3172,other,CompiledRunner,r_8_16_32n1,METAL,0.005291658453643322,18560,16448,3172,3172,1,"{""other"": 1}",unclassified_source_item_metadata,[]
3173,other,CompiledRunner,r_2_32_4_2_4_64,METAL,0.02762500662356615,2197504,548928,3173,3173,1,"{""other"": 1}",unclassified_source_item_metadata,[]
3174,other,CompiledRunner,r_1536_16_128,METAL,0.015124911442399025,6709248,3166208,3174,3174,1,"{""other"": 1}",unclassified_source_item_metadata,[]
3175,other,CompiledRunner,r_16_96,METAL,0.005625071935355663,3392,6148,3175,3175,1,"{""other"": 1}",unclassified_source_item_metadata,[]
3176,other,CompiledRunner,E_16_32_3,METAL,0.004083267413079739,4608,21508,3176,3176,1,"{""other"": 1}",unclassified_source_item_metadata,[]
3177,other,CompiledRunner,r_16_96,METAL,0.005499925464391708,3392,6148,3177,3177,1,"{""other"": 1}",unclassified_source_item_metadata,[]
3178,other,CompiledRunner,r_128_32_3_384_4,METAL,0.1110415905714035,44064768,18981892,3178,3178,1,"{""other"": 1}",unclassified_source_item_metadata,[]
3179,other,CompiledRunner,r_1536_16_384,METAL,0.1318750437349081,113664000,9498624,3179,3179,1,"{""other"": 1}",unclassified_source_item_metadata,[]
3180,other,CompiledRunner,r_16_96,METAL,0.14500005636364222,3392,6148,3180,3180,1,"{""other"": 1}",unclassified_source_item_metadata,[]
3181,other,CompiledRunner,E_16_32_3,METAL,0.15550001990050077,4608,21508,3181,3181,1,"{""other"": 1}",unclassified_source_item_metadata,[]
3182,other,CompiledRunner,r_256_16_96n2,METAL,0.007875030860304832,897024,417792,3182,3182,1,"{""other"": 1}",unclassified_source_item_metadata,[]
3183,other,CompiledRunner,r_1536_16_16n1,METAL,0.005958369001746178,1204224,406528,3183,3183,1,"{""other"": 1}",unclassified_source_item_metadata,[]
3184,other,CompiledRunner,r_16_96,METAL,0.005583395250141621,3392,6148,3184,3184,1,"{""other"": 1}",unclassified_source_item_metadata,[]
3185,other,CompiledRunner,E_16_32_3n1,METAL,0.004375004209578037,6144,21510,3185,3185,1,"{""other"": 1}",unclassified_source_item_metadata,[]
3186,other,CompiledRunner,r_16_96,METAL,0.006083399057388306,3392,6148,3186,3186,1,"{""other"": 1}",unclassified_source_item_metadata,[]
3187,other,CompiledRunner,r_2048_16_96,METAL,0.018874998204410076,10027008,3171332,3187,3187,1,"{""other"": 1}",unclassified_source_item_metadata,[]
3188,other,CompiledRunner,r_8_16_16,METAL,0.0040833838284015656,6656,8224,3188,3188,1,"{""other"": 1}",unclassified_source_item_metadata,[]
3189,other,CompiledRunner,E_16_2_16_4,METAL,0.005791662260890007,37888,16928,3189,3189,1,"{""other"": 1}",unclassified_source_item_metadata,[]
3190,other,CompiledRunner,r_4_32_4_2_4_32,METAL,0.01525005791336298,2097152,548864,3190,3190,1,"{""other"": 1}",unclassified_source_item_metadata,[]
3191,other,CompiledRunner,r_8_16_32,METAL,0.004249974153935909,12288,16416,3191,3191,1,"{""other"": 1}",unclassified_source_item_metadata,[]
3192,other,CompiledRunner,r_8_16_32n1,METAL,0.005124951712787151,18560,16448,3192,3192,1,"{""other"": 1}",unclassified_source_item_metadata,[]
3193,other,CompiledRunner,r_2_32_4_2_4_64,METAL,0.02762500662356615,2197504,548928,3193,3193,1,"{""other"": 1}",unclassified_source_item_metadata,[]
3194,other,CompiledRunner,r_1536_16_128,METAL,0.014999997802078724,6709248,3166208,3194,3194,1,"{""other"": 1}",unclassified_source_item_metadata,[]
3195,other,CompiledRunner,r_16_96,METAL,0.005375011824071407,3392,6148,3195,3195,1,"{""other"": 1}",unclassified_source_item_metadata,[]
3196,other,CompiledRunner,E_16_32_3,METAL,0.003999914042651653,4608,21508,3196,3196,1,"{""other"": 1}",unclassified_source_item_metadata,[]
3197,other,CompiledRunner,r_16_96,METAL,0.005500041879713535,3392,6148,3197,3197,1,"{""other"": 1}",unclassified_source_item_metadata,[]
3198,other,CompiledRunner,r_128_32_3_384_4,METAL,0.0867500202730298,44064768,18981892,3198,3198,1,"{""other"": 1}",unclassified_source_item_metadata,[]
3199,other,CompiledRunner,r_1536_16_384,METAL,0.08237489964812994,113664000,9498624,3199,3199,1,"{""other"": 1}",unclassified_source_item_metadata,[]
3200,other,CompiledRunner,r_16_96,METAL,0.005499925464391708,3392,6148,3200,3200,1,"{""other"": 1}",unclassified_source_item_metadata,[]
3201,other,CompiledRunner,E_16_32_3,METAL,0.004333327524363995,4608,21508,3201,3201,1,"{""other"": 1}",unclassified_source_item_metadata,[]
3202,other,CompiledRunner,r_256_16_96n3,METAL,0.008124974556267262,897024,417792,3202,3202,1,"{""other"": 1}",unclassified_source_item_metadata,[]
3203,other,CompiledRunner,r_1536_16_16n1,METAL,0.00600004568696022,1204224,406528,3203,3203,1,"{""other"": 1}",unclassified_source_item_metadata,[]
3204,other,CompiledRunner,r_16_96,METAL,0.005666632205247879,3392,6148,3204,3204,1,"{""other"": 1}",unclassified_source_item_metadata,[]
3205,other,CompiledRunner,E_16_32_3n1,METAL,0.004249974153935909,6144,21510,3205,3205,1,"{""other"": 1}",unclassified_source_item_metadata,[]
3206,other,CompiledRunner,r_16_96,METAL,0.005499925464391708,3392,6148,3206,3206,1,"{""other"": 1}",unclassified_source_item_metadata,[]
3207,other,CompiledRunner,r_2048_16_96,METAL,0.01825008075684309,10027008,3171332,3207,3207,1,"{""other"": 1}",unclassified_source_item_metadata,[]
3208,other,CompiledRunner,r_8_16_16,METAL,0.011499971151351929,6656,8224,3208,3208,1,"{""other"": 1}",unclassified_source_item_metadata,[]
3209,other,CompiledRunner,E_16_2_16_4,METAL,0.02162496093660593,37888,16928,3209,3209,1,"{""other"": 1}",unclassified_source_item_metadata,[]
3210,other,CompiledRunner,r_4_32_4_2_4_32,METAL,0.13504165690392256,2097152,548864,3210,3210,1,"{""other"": 1}",unclassified_source_item_metadata,[]
3211,other,CompiledRunner,r_8_16_32,METAL,0.04937499761581421,12288,16416,3211,3211,1,"{""other"": 1}",unclassified_source_item_metadata,[]
3212,other,CompiledRunner,r_8_16_32n1,METAL,0.22404175251722336,18560,16448,3212,3212,1,"{""other"": 1}",unclassified_source_item_metadata,[]
3213,other,CompiledRunner,r_2_32_4_2_4_64,METAL,0.02737506292760372,2197504,548928,3213,3213,1,"{""other"": 1}",unclassified_source_item_metadata,[]
3214,other,CompiledRunner,r_1536_16_128,METAL,0.014791730791330338,6709248,3166208,3214,3214,1,"{""other"": 1}",unclassified_source_item_metadata,[]
3215,other,CompiledRunner,r_16_96,METAL,0.005499925464391708,3392,6148,3215,3215,1,"{""other"": 1}",unclassified_source_item_metadata,[]
3216,other,CompiledRunner,E_16_32_3,METAL,0.004124944098293781,4608,21508,3216,3216,1,"{""other"": 1}",unclassified_source_item_metadata,[]
3217,other,CompiledRunner,r_16_96,METAL,0.005375011824071407,3392,6148,3217,3217,1,"{""other"": 1}",unclassified_source_item_metadata,[]
3218,other,CompiledRunner,r_128_32_3_384_4,METAL,0.08791661821305752,44064768,18981892,3218,3218,1,"{""other"": 1}",unclassified_source_item_metadata,[]
3219,other,CompiledRunner,r_1536_16_384,METAL,0.08300004992634058,113664000,9498624,3219,3219,1,"{""other"": 1}",unclassified_source_item_metadata,[]
3220,other,CompiledRunner,r_16_96,METAL,0.005541718564927578,3392,6148,3220,3220,1,"{""other"": 1}",unclassified_source_item_metadata,[]
3221,other,CompiledRunner,E_16_32_3,METAL,0.0040833838284015656,4608,21508,3221,3221,1,"{""other"": 1}",unclassified_source_item_metadata,[]
3222,other,CompiledRunner,r_256_16_96n4,METAL,0.007833237759768963,897024,417792,3222,3222,1,"{""other"": 1}",unclassified_source_item_metadata,[]
3223,other,CompiledRunner,r_1536_16_16n1,METAL,0.005999929271638393,1204224,406528,3223,3223,1,"{""other"": 1}",unclassified_source_item_metadata,[]
3224,other,CompiledRunner,r_16_96,METAL,0.005500041879713535,3392,6148,3224,3224,1,"{""other"": 1}",unclassified_source_item_metadata,[]
3225,other,CompiledRunner,E_16_32_3n1,METAL,0.004333327524363995,6144,21510,3225,3225,1,"{""other"": 1}",unclassified_source_item_metadata,[]
3226,other,CompiledRunner,r_16_96,METAL,0.005583278834819794,3392,6148,3226,3226,1,"{""other"": 1}",unclassified_source_item_metadata,[]
3227,other,CompiledRunner,r_32_32_4_384_4,METAL,0.1081250375136733,14163968,6333444,3227,3227,1,"{""other"": 1}",unclassified_source_item_metadata,[]
3228,other,CompiledRunner,r_8_16_32n2,METAL,0.004875008016824722,10752,16416,3228,3228,1,"{""other"": 1}",unclassified_source_item_metadata,[]
3229,other,CompiledRunner,E_8_2_16_4_4,METAL,0.014249933883547783,95488,33824,3229,3229,1,"{""other"": 1}",unclassified_source_item_metadata,[]
3230,other,CompiledRunner,r_8_(gemma_start_pos_window+1)_16_32,METAL,0.014125020243227482,7208960,1482784,3230,3230,1,"{""other"": 1}",unclassified_source_item_metadata,[]
3231,other,CompiledRunner,r_2_4_(gemma_start_pos_window+1),METAL,0.17150002531707287,11266,22560,3231,3231,1,"{""other"": 1}",unclassified_source_item_metadata,[]
3232,other,CompiledRunner,r_2_4_(gemma_start_pos_window+1)n1,METAL,0.1862082863226533,22538,22592,3232,3232,1,"{""other"": 1}",unclassified_source_item_metadata,[]
3233,other,CompiledRunner,E_(gemma_start_pos_window+1)_2_4,METAL,0.004624947905540466,22528,45120,3233,3233,1,"{""other"": 1}",unclassified_source_item_metadata,[]
3234,other,CompiledRunner,r_8_2_16_4_4_(gemma_start_pos_window+1),METAL,0.32629165798425674,5767424,1482784,3234,3234,1,"{""other"": 1}",unclassified_source_item_metadata,[]
3235,other,CompiledRunner,r_1536_16_256,METAL,0.02337503246963024,13000704,6320128,3235,3235,1,"{""other"": 1}",unclassified_source_item_metadata,[]
3236,other,CompiledRunner,r_16_96,METAL,0.005541602149605751,3392,6148,3236,3236,1,"{""other"": 1}",unclassified_source_item_metadata,[]
3237,other,CompiledRunner,E_16_32_3,METAL,0.003999914042651653,4608,21508,3237,3237,1,"{""other"": 1}",unclassified_source_item_metadata,[]
3238,other,CompiledRunner,r_16_96,METAL,0.005541718564927578,3392,6148,3238,3238,1,"{""other"": 1}",unclassified_source_item_metadata,[]
3239,other,CompiledRunner,r_128_32_3_384_4,METAL,0.08750008419156075,44064768,18981892,3239,3239,1,"{""other"": 1}",unclassified_source_item_metadata,[]
3240,other,CompiledRunner,r_1536_16_384,METAL,0.08200004231184721,113664000,9498624,3240,3240,1,"{""other"": 1}",unclassified_source_item_metadata,[]
3241,other,CompiledRunner,r_16_96,METAL,0.005375011824071407,3392,6148,3241,3241,1,"{""other"": 1}",unclassified_source_item_metadata,[]
3242,other,CompiledRunner,E_16_32_3,METAL,0.004041590727865696,4608,21508,3242,3242,1,"{""other"": 1}",unclassified_source_item_metadata,[]
3243,other,CompiledRunner,r_256_16_96n5,METAL,0.00825000461190939,897024,417792,3243,3243,1,"{""other"": 1}",unclassified_source_item_metadata,[]
3244,other,CompiledRunner,r_1536_16_16n1,METAL,0.00600004568696022,1204224,406528,3244,3244,1,"{""other"": 1}",unclassified_source_item_metadata,[]
3245,other,CompiledRunner,r_16_96,METAL,0.005375011824071407,3392,6148,3245,3245,1,"{""other"": 1}",unclassified_source_item_metadata,[]
3246,other,CompiledRunner,E_16_32_3n1,METAL,0.004249974153935909,6144,21510,3246,3246,1,"{""other"": 1}",unclassified_source_item_metadata,[]
3247,other,CompiledRunner,r_16_96,METAL,0.005624955520033836,3392,6148,3247,3247,1,"{""other"": 1}",unclassified_source_item_metadata,[]
3248,other,CompiledRunner,r_2048_16_96,METAL,0.01862493809312582,10027008,3171332,3248,3248,1,"{""other"": 1}",unclassified_source_item_metadata,[]
3249,other,CompiledRunner,r_8_16_16,METAL,0.004041707143187523,6656,8224,3249,3249,1,"{""other"": 1}",unclassified_source_item_metadata,[]
3250,other,CompiledRunner,E_16_2_16_4,METAL,0.005875015631318092,37888,16928,3250,3250,1,"{""other"": 1}",unclassified_source_item_metadata,[]
3251,other,CompiledRunner,r_4_32_4_2_4_32,METAL,0.015125027857720852,2097152,548864,3251,3251,1,"{""other"": 1}",unclassified_source_item_metadata,[]
3252,other,CompiledRunner,r_8_16_32,METAL,0.004125060513615608,12288,16416,3252,3252,1,"{""other"": 1}",unclassified_source_item_metadata,[]
3253,other,CompiledRunner,r_8_16_32n1,METAL,0.005041598342359066,18560,16448,3253,3253,1,"{""other"": 1}",unclassified_source_item_metadata,[]
3254,other,CompiledRunner,r_2_32_4_2_4_64,METAL,0.027499976567924023,2197504,548928,3254,3254,1,"{""other"": 1}",unclassified_source_item_metadata,[]
3255,other,CompiledRunner,r_1536_16_128,METAL,0.01483340747654438,6709248,3166208,3255,3255,1,"{""other"": 1}",unclassified_source_item_metadata,[]
3256,other,CompiledRunner,r_16_96,METAL,0.005499925464391708,3392,6148,3256,3256,1,"{""other"": 1}",unclassified_source_item_metadata,[]
3257,other,CompiledRunner,E_16_32_3,METAL,0.004125060513615608,4608,21508,3257,3257,1,"{""other"": 1}",unclassified_source_item_metadata,[]
3258,other,CompiledRunner,r_16_96,METAL,0.005625071935355663,3392,6148,3258,3258,1,"{""other"": 1}",unclassified_source_item_metadata,[]
3259,other,CompiledRunner,r_128_32_3_384_4,METAL,0.08587504271417856,44064768,18981892,3259,3259,1,"{""other"": 1}",unclassified_source_item_metadata,[]
3260,other,CompiledRunner,r_1536_16_384,METAL,0.08174998220056295,113664000,9498624,3260,3260,1,"{""other"": 1}",unclassified_source_item_metadata,[]
3261,other,CompiledRunner,r_16_96,METAL,0.005458248779177666,3392,6148,3261,3261,1,"{""other"": 1}",unclassified_source_item_metadata,[]
3262,other,CompiledRunner,E_16_32_3,METAL,0.003999914042651653,4608,21508,3262,3262,1,"{""other"": 1}",unclassified_source_item_metadata,[]
3263,other,CompiledRunner,r_256_16_96n6,METAL,0.008375034667551517,897024,417792,3263,3263,1,"{""other"": 1}",unclassified_source_item_metadata,[]
3264,other,CompiledRunner,r_1536_16_16n1,METAL,0.005958252586424351,1204224,406528,3264,3264,1,"{""other"": 1}",unclassified_source_item_metadata,[]
3265,other,CompiledRunner,r_16_96,METAL,0.005541602149605751,3392,6148,3265,3265,1,"{""other"": 1}",unclassified_source_item_metadata,[]
3266,other,CompiledRunner,E_16_32_3n1,METAL,0.0042084138840436935,6144,21510,3266,3266,1,"{""other"": 1}",unclassified_source_item_metadata,[]
3267,other,CompiledRunner,r_16_96,METAL,0.005583278834819794,3392,6148,3267,3267,1,"{""other"": 1}",unclassified_source_item_metadata,[]
3268,other,CompiledRunner,r_2048_16_96,METAL,0.017625046893954277,10027008,3171332,3268,3268,1,"{""other"": 1}",unclassified_source_item_metadata,[]
3269,other,CompiledRunner,r_8_16_16,METAL,0.004208297468721867,6656,8224,3269,3269,1,"{""other"": 1}",unclassified_source_item_metadata,[]
3270,other,CompiledRunner,E_16_2_16_4,METAL,0.005874899215996265,37888,16928,3270,3270,1,"{""other"": 1}",unclassified_source_item_metadata,[]
3271,other,CompiledRunner,r_4_32_4_2_4_32,METAL,0.07774995174258947,2097152,548864,3271,3271,1,"{""other"": 1}",unclassified_source_item_metadata,[]
3272,other,CompiledRunner,r_8_16_32,METAL,0.0042084138840436935,12288,16416,3272,3272,1,"{""other"": 1}",unclassified_source_item_metadata,[]
3273,other,CompiledRunner,r_8_16_32n1,METAL,0.03650004509836435,18560,16448,3273,3273,1,"{""other"": 1}",unclassified_source_item_metadata,[]
3274,other,CompiledRunner,r_2_32_4_2_4_64,METAL,0.07062498480081558,2197504,548928,3274,3274,1,"{""other"": 1}",unclassified_source_item_metadata,[]
3275,other,CompiledRunner,r_1536_16_128,METAL,0.2088332548737526,6709248,3166208,3275,3275,1,"{""other"": 1}",unclassified_source_item_metadata,[]
3276,other,CompiledRunner,r_16_96,METAL,0.005750101990997791,3392,6148,3276,3276,1,"{""other"": 1}",unclassified_source_item_metadata,[]
3277,other,CompiledRunner,E_16_32_3,METAL,0.004208297468721867,4608,21508,3277,3277,1,"{""other"": 1}",unclassified_source_item_metadata,[]
3278,other,CompiledRunner,r_16_96,METAL,0.005458248779177666,3392,6148,3278,3278,1,"{""other"": 1}",unclassified_source_item_metadata,[]
3279,other,CompiledRunner,r_128_32_3_384_4,METAL,0.08858332876116037,44064768,18981892,3279,3279,1,"{""other"": 1}",unclassified_source_item_metadata,[]
3280,other,CompiledRunner,r_1536_16_384,METAL,0.08254160638898611,113664000,9498624,3280,3280,1,"{""other"": 1}",unclassified_source_item_metadata,[]
3281,other,CompiledRunner,r_16_96,METAL,0.005500041879713535,3392,6148,3281,3281,1,"{""other"": 1}",unclassified_source_item_metadata,[]
3282,other,CompiledRunner,E_16_32_3,METAL,0.004333327524363995,4608,21508,3282,3282,1,"{""other"": 1}",unclassified_source_item_metadata,[]
3283,other,CompiledRunner,r_256_16_96n7,METAL,0.008166767656803131,897024,417792,3283,3283,1,"{""other"": 1}",unclassified_source_item_metadata,[]
3284,other,CompiledRunner,r_1536_16_16n1,METAL,0.005999929271638393,1204224,406528,3284,3284,1,"{""other"": 1}",unclassified_source_item_metadata,[]
3285,other,CompiledRunner,r_16_96,METAL,0.005499925464391708,3392,6148,3285,3285,1,"{""other"": 1}",unclassified_source_item_metadata,[]
3286,other,CompiledRunner,E_16_32_3n1,METAL,0.004333327524363995,6144,21510,3286,3286,1,"{""other"": 1}",unclassified_source_item_metadata,[]
3287,other,CompiledRunner,r_16_96,METAL,0.005458248779177666,3392,6148,3287,3287,1,"{""other"": 1}",unclassified_source_item_metadata,[]
3288,other,CompiledRunner,r_2048_16_96,METAL,0.018541584722697735,10027008,3171332,3288,3288,1,"{""other"": 1}",unclassified_source_item_metadata,[]
3289,other,CompiledRunner,r_8_16_16,METAL,0.004041707143187523,6656,8224,3289,3289,1,"{""other"": 1}",unclassified_source_item_metadata,[]
3290,other,CompiledRunner,E_16_2_16_4,METAL,0.005708308890461922,37888,16928,3290,3290,1,"{""other"": 1}",unclassified_source_item_metadata,[]
3291,other,CompiledRunner,r_4_32_4_2_4_32,METAL,0.015249941498041153,2097152,548864,3291,3291,1,"{""other"": 1}",unclassified_source_item_metadata,[]
3292,other,CompiledRunner,r_8_16_32,METAL,0.004124944098293781,12288,16416,3292,3292,1,"{""other"": 1}",unclassified_source_item_metadata,[]
3293,other,CompiledRunner,r_8_16_32n1,METAL,0.004916684702038765,18560,16448,3293,3293,1,"{""other"": 1}",unclassified_source_item_metadata,[]
3294,other,CompiledRunner,r_2_32_4_2_4_64,METAL,0.027250032871961594,2197504,548928,3294,3294,1,"{""other"": 1}",unclassified_source_item_metadata,[]
3295,other,CompiledRunner,r_1536_16_128,METAL,0.014708377420902252,6709248,3166208,3295,3295,1,"{""other"": 1}",unclassified_source_item_metadata,[]
3296,other,CompiledRunner,r_16_96,METAL,0.005500041879713535,3392,6148,3296,3296,1,"{""other"": 1}",unclassified_source_item_metadata,[]
3297,other,CompiledRunner,E_16_32_3,METAL,0.003916677087545395,4608,21508,3297,3297,1,"{""other"": 1}",unclassified_source_item_metadata,[]
3298,other,CompiledRunner,r_16_96,METAL,0.005624955520033836,3392,6148,3298,3298,1,"{""other"": 1}",unclassified_source_item_metadata,[]
3299,other,CompiledRunner,r_128_32_3_384_4,METAL,0.08775002788752317,44064768,18981892,3299,3299,1,"{""other"": 1}",unclassified_source_item_metadata,[]
3300,other,CompiledRunner,r_1536_16_384,METAL,0.0822083093225956,113664000,9498624,3300,3300,1,"{""other"": 1}",unclassified_source_item_metadata,[]
3301,other,CompiledRunner,r_16_96,METAL,0.005499925464391708,3392,6148,3301,3301,1,"{""other"": 1}",unclassified_source_item_metadata,[]
3302,other,CompiledRunner,E_16_32_3,METAL,0.004083267413079739,4608,21508,3302,3302,1,"{""other"": 1}",unclassified_source_item_metadata,[]
3303,other,CompiledRunner,r_256_16_96n8,METAL,0.008124974556267262,897024,417792,3303,3303,1,"{""other"": 1}",unclassified_source_item_metadata,[]
3304,other,CompiledRunner,r_1536_16_16n1,METAL,0.025083310902118683,1204224,406528,3304,3304,1,"{""other"": 1}",unclassified_source_item_metadata,[]
3305,other,CompiledRunner,r_16_96,METAL,0.04087504930794239,3392,6148,3305,3305,1,"{""other"": 1}",unclassified_source_item_metadata,[]
3306,other,CompiledRunner,E_16_32_3n1,METAL,0.01200009137392044,6144,21510,3306,3306,1,"{""other"": 1}",unclassified_source_item_metadata,[]
3307,other,CompiledRunner,r_16_96,METAL,0.03112491685897112,3392,6148,3307,3307,1,"{""other"": 1}",unclassified_source_item_metadata,[]
3308,other,CompiledRunner,r_2048_16_96,METAL,0.3856249386444688,10027008,3171332,3308,3308,1,"{""other"": 1}",unclassified_source_item_metadata,[]
3309,other,CompiledRunner,r_8_16_16,METAL,0.004124944098293781,6656,8224,3309,3309,1,"{""other"": 1}",unclassified_source_item_metadata,[]
3310,other,CompiledRunner,E_16_2_16_4,METAL,0.005916692316532135,37888,16928,3310,3310,1,"{""other"": 1}",unclassified_source_item_metadata,[]
3311,other,CompiledRunner,r_4_32_4_2_4_32,METAL,0.014999997802078724,2097152,548864,3311,3311,1,"{""other"": 1}",unclassified_source_item_metadata,[]
3312,other,CompiledRunner,r_8_16_32,METAL,0.004291650839149952,12288,16416,3312,3312,1,"{""other"": 1}",unclassified_source_item_metadata,[]
3313,other,CompiledRunner,r_8_16_32n1,METAL,0.005124951712787151,18560,16448,3313,3313,1,"{""other"": 1}",unclassified_source_item_metadata,[]
3314,other,CompiledRunner,r_2_32_4_2_4_64,METAL,0.02720835618674755,2197504,548928,3314,3314,1,"{""other"": 1}",unclassified_source_item_metadata,[]
3315,other,CompiledRunner,r_1536_16_128,METAL,0.014791730791330338,6709248,3166208,3315,3315,1,"{""other"": 1}",unclassified_source_item_metadata,[]
3316,other,CompiledRunner,r_16_96,METAL,0.005666632205247879,3392,6148,3316,3316,1,"{""other"": 1}",unclassified_source_item_metadata,[]
3317,other,CompiledRunner,E_16_32_3,METAL,0.004125060513615608,4608,21508,3317,3317,1,"{""other"": 1}",unclassified_source_item_metadata,[]
3318,other,CompiledRunner,r_16_96,METAL,0.005291658453643322,3392,6148,3318,3318,1,"{""other"": 1}",unclassified_source_item_metadata,[]
3319,other,CompiledRunner,r_128_32_3_384_4,METAL,0.08987495675683022,44064768,18981892,3319,3319,1,"{""other"": 1}",unclassified_source_item_metadata,[]
3320,other,CompiledRunner,r_1536_16_384,METAL,0.08258339948952198,113664000,9498624,3320,3320,1,"{""other"": 1}",unclassified_source_item_metadata,[]
3321,other,CompiledRunner,r_16_96,METAL,0.005499925464391708,3392,6148,3321,3321,1,"{""other"": 1}",unclassified_source_item_metadata,[]
3322,other,CompiledRunner,E_16_32_3,METAL,0.004249974153935909,4608,21508,3322,3322,1,"{""other"": 1}",unclassified_source_item_metadata,[]
3323,other,CompiledRunner,r_256_16_96n9,METAL,0.008041621185839176,897024,417792,3323,3323,1,"{""other"": 1}",unclassified_source_item_metadata,[]
3324,other,CompiledRunner,r_1536_16_16n1,METAL,0.006124959327280521,1204224,406528,3324,3324,1,"{""other"": 1}",unclassified_source_item_metadata,[]
3325,other,CompiledRunner,r_16_96,METAL,0.00541668850928545,3392,6148,3325,3325,1,"{""other"": 1}",unclassified_source_item_metadata,[]
3326,other,CompiledRunner,E_16_32_3n1,METAL,0.004333327524363995,6144,21510,3326,3326,1,"{""other"": 1}",unclassified_source_item_metadata,[]
3327,other,CompiledRunner,r_16_96,METAL,0.005541602149605751,3392,6148,3327,3327,1,"{""other"": 1}",unclassified_source_item_metadata,[]
3328,other,CompiledRunner,r_32_32_4_384_4,METAL,0.10708323679864407,14163968,6333444,3328,3328,1,"{""other"": 1}",unclassified_source_item_metadata,[]
3329,other,CompiledRunner,r_8_16_32n2,METAL,0.004875008016824722,10752,16416,3329,3329,1,"{""other"": 1}",unclassified_source_item_metadata,[]
3330,other,CompiledRunner,E_8_2_16_4_4,METAL,0.014041666872799397,95488,33824,3330,3330,1,"{""other"": 1}",unclassified_source_item_metadata,[]
3331,other,CompiledRunner,r_8_(gemma_start_pos_window+1)_16_32,METAL,0.014166696928441525,7208960,1482784,3331,3331,1,"{""other"": 1}",unclassified_source_item_metadata,[]
3332,other,CompiledRunner,r_2_4_(gemma_start_pos_window+1),METAL,0.16945833340287209,11266,22560,3332,3332,1,"{""other"": 1}",unclassified_source_item_metadata,[]
3333,other,CompiledRunner,r_2_4_(gemma_start_pos_window+1)n1,METAL,0.18387497402727604,22538,22592,3333,3333,1,"{""other"": 1}",unclassified_source_item_metadata,[]
3334,other,CompiledRunner,E_(gemma_start_pos_window+1)_2_4,METAL,0.004458241164684296,22528,45120,3334,3334,1,"{""other"": 1}",unclassified_source_item_metadata,[]
3335,other,CompiledRunner,r_8_2_16_4_4_(gemma_start_pos_window+1),METAL,0.3744165878742933,5767424,1482784,3335,3335,1,"{""other"": 1}",unclassified_source_item_metadata,[]
3336,other,CompiledRunner,r_1536_16_256,METAL,0.4202083218842745,13000704,6320128,3336,3336,1,"{""other"": 1}",unclassified_source_item_metadata,[]
3337,other,CompiledRunner,r_16_96,METAL,0.005624955520033836,3392,6148,3337,3337,1,"{""other"": 1}",unclassified_source_item_metadata,[]
3338,other,CompiledRunner,E_16_32_3,METAL,0.004458357580006123,4608,21508,3338,3338,1,"{""other"": 1}",unclassified_source_item_metadata,[]
3339,other,CompiledRunner,r_16_96,METAL,0.00541668850928545,3392,6148,3339,3339,1,"{""other"": 1}",unclassified_source_item_metadata,[]
3340,other,CompiledRunner,r_128_32_3_384_4,METAL,0.08666666690260172,44064768,18981892,3340,3340,1,"{""other"": 1}",unclassified_source_item_metadata,[]
3341,other,CompiledRunner,r_1536_16_384,METAL,0.08237501606345177,113664000,9498624,3341,3341,1,"{""other"": 1}",unclassified_source_item_metadata,[]
3342,other,CompiledRunner,r_16_96,METAL,0.005458365194499493,3392,6148,3342,3342,1,"{""other"": 1}",unclassified_source_item_metadata,[]
3343,other,CompiledRunner,E_16_32_3,METAL,0.004041590727865696,4608,21508,3343,3343,1,"{""other"": 1}",unclassified_source_item_metadata,[]
3344,other,CompiledRunner,r_256_16_96n10,METAL,0.008041737601161003,897024,417792,3344,3344,1,"{""other"": 1}",unclassified_source_item_metadata,[]
3345,other,CompiledRunner,r_1536_16_16n1,METAL,0.005791662260890007,1204224,406528,3345,3345,1,"{""other"": 1}",unclassified_source_item_metadata,[]
3346,other,CompiledRunner,r_16_96,METAL,0.00541668850928545,3392,6148,3346,3346,1,"{""other"": 1}",unclassified_source_item_metadata,[]
3347,other,CompiledRunner,E_16_32_3n1,METAL,0.004249974153935909,6144,21510,3347,3347,1,"{""other"": 1}",unclassified_source_item_metadata,[]
3348,other,CompiledRunner,r_16_96,METAL,0.005624955520033836,3392,6148,3348,3348,1,"{""other"": 1}",unclassified_source_item_metadata,[]
3349,other,CompiledRunner,r_2048_16_96,METAL,0.018291757442057133,10027008,3171332,3349,3349,1,"{""other"": 1}",unclassified_source_item_metadata,[]
3350,other,CompiledRunner,r_8_16_16,METAL,0.00400003045797348,6656,8224,3350,3350,1,"{""other"": 1}",unclassified_source_item_metadata,[]
3351,other,CompiledRunner,E_16_2_16_4,METAL,0.005749985575675964,37888,16928,3351,3351,1,"{""other"": 1}",unclassified_source_item_metadata,[]
3352,other,CompiledRunner,r_4_32_4_2_4_32,METAL,0.01508335117250681,2097152,548864,3352,3352,1,"{""other"": 1}",unclassified_source_item_metadata,[]
3353,other,CompiledRunner,r_8_16_32,METAL,0.004249974153935909,12288,16416,3353,3353,1,"{""other"": 1}",unclassified_source_item_metadata,[]
3354,other,CompiledRunner,r_8_16_32n1,METAL,0.004999921657145023,18560,16448,3354,3354,1,"{""other"": 1}",unclassified_source_item_metadata,[]
3355,other,CompiledRunner,r_2_32_4_2_4_64,METAL,0.027083326131105423,2197504,548928,3355,3355,1,"{""other"": 1}",unclassified_source_item_metadata,[]
3356,other,CompiledRunner,r_1536_16_128,METAL,0.014375080354511738,6709248,3166208,3356,3356,1,"{""other"": 1}",unclassified_source_item_metadata,[]
3357,other,CompiledRunner,r_16_96,METAL,0.005500041879713535,3392,6148,3357,3357,1,"{""other"": 1}",unclassified_source_item_metadata,[]
3358,other,CompiledRunner,E_16_32_3,METAL,0.004166620783507824,4608,21508,3358,3358,1,"{""other"": 1}",unclassified_source_item_metadata,[]
3359,other,CompiledRunner,r_16_96,METAL,0.005541718564927578,3392,6148,3359,3359,1,"{""other"": 1}",unclassified_source_item_metadata,[]
3360,other,CompiledRunner,r_128_32_3_384_4,METAL,0.08791661821305752,44064768,18981892,3360,3360,1,"{""other"": 1}",unclassified_source_item_metadata,[]
3361,other,CompiledRunner,r_1536_16_384,METAL,0.08262507617473602,113664000,9498624,3361,3361,1,"{""other"": 1}",unclassified_source_item_metadata,[]
3362,other,CompiledRunner,r_16_96,METAL,0.005583395250141621,3392,6148,3362,3362,1,"{""other"": 1}",unclassified_source_item_metadata,[]
3363,other,CompiledRunner,E_16_32_3,METAL,0.004166737198829651,4608,21508,3363,3363,1,"{""other"": 1}",unclassified_source_item_metadata,[]
3364,other,CompiledRunner,r_256_16_96n11,METAL,0.007791677489876747,897024,417792,3364,3364,1,"{""other"": 1}",unclassified_source_item_metadata,[]
3365,other,CompiledRunner,r_1536_16_16n1,METAL,0.00600004568696022,1204224,406528,3365,3365,1,"{""other"": 1}",unclassified_source_item_metadata,[]
3366,other,CompiledRunner,r_16_96,METAL,0.027000089175999165,3392,6148,3366,3366,1,"{""other"": 1}",unclassified_source_item_metadata,[]
3367,other,CompiledRunner,E_16_32_3n1,METAL,0.021166633814573288,6144,21510,3367,3367,1,"{""other"": 1}",unclassified_source_item_metadata,[]
3368,other,CompiledRunner,r_16_96,METAL,0.005375011824071407,3392,6148,3368,3368,1,"{""other"": 1}",unclassified_source_item_metadata,[]
3369,other,CompiledRunner,r_2048_16_96,METAL,0.18524995539337397,10027008,3171332,3369,3369,1,"{""other"": 1}",unclassified_source_item_metadata,[]
3370,other,CompiledRunner,r_8_16_16,METAL,0.2358750207349658,6656,8224,3370,3370,1,"{""other"": 1}",unclassified_source_item_metadata,[]
3371,other,CompiledRunner,E_16_2_16_4,METAL,0.005958252586424351,37888,16928,3371,3371,1,"{""other"": 1}",unclassified_source_item_metadata,[]
3372,other,CompiledRunner,r_4_32_4_2_4_32,METAL,0.015125027857720852,2097152,548864,3372,3372,1,"{""other"": 1}",unclassified_source_item_metadata,[]
3373,other,CompiledRunner,r_8_16_32,METAL,0.004041590727865696,12288,16416,3373,3373,1,"{""other"": 1}",unclassified_source_item_metadata,[]
3374,other,CompiledRunner,r_8_16_32n1,METAL,0.00500003807246685,18560,16448,3374,3374,1,"{""other"": 1}",unclassified_source_item_metadata,[]
3375,other,CompiledRunner,r_2_32_4_2_4_64,METAL,0.027125002816319466,2197504,548928,3375,3375,1,"{""other"": 1}",unclassified_source_item_metadata,[]
3376,other,CompiledRunner,r_1536_16_128,METAL,0.01483340747654438,6709248,3166208,3376,3376,1,"{""other"": 1}",unclassified_source_item_metadata,[]
3377,other,CompiledRunner,r_16_96,METAL,0.005666632205247879,3392,6148,3377,3377,1,"{""other"": 1}",unclassified_source_item_metadata,[]
3378,other,CompiledRunner,E_16_32_3,METAL,0.004041707143187523,4608,21508,3378,3378,1,"{""other"": 1}",unclassified_source_item_metadata,[]
3379,other,CompiledRunner,r_16_96,METAL,0.00541668850928545,3392,6148,3379,3379,1,"{""other"": 1}",unclassified_source_item_metadata,[]
3380,other,CompiledRunner,r_128_32_3_384_4,METAL,0.09024993050843477,44064768,18981892,3380,3380,1,"{""other"": 1}",unclassified_source_item_metadata,[]
3381,other,CompiledRunner,r_1536_16_384,METAL,0.08233333937823772,113664000,9498624,3381,3381,1,"{""other"": 1}",unclassified_source_item_metadata,[]
3382,other,CompiledRunner,r_16_96,METAL,0.005375011824071407,3392,6148,3382,3382,1,"{""other"": 1}",unclassified_source_item_metadata,[]
3383,other,CompiledRunner,E_16_32_3,METAL,0.00400003045797348,4608,21508,3383,3383,1,"{""other"": 1}",unclassified_source_item_metadata,[]
3384,other,CompiledRunner,r_256_16_96n12,METAL,0.0077500008046627045,897024,417792,3384,3384,1,"{""other"": 1}",unclassified_source_item_metadata,[]
3385,other,CompiledRunner,r_1536_16_16n1,METAL,0.005916692316532135,1204224,406528,3385,3385,1,"{""other"": 1}",unclassified_source_item_metadata,[]
3386,other,CompiledRunner,r_16_96,METAL,0.005458248779177666,3392,6148,3386,3386,1,"{""other"": 1}",unclassified_source_item_metadata,[]
3387,other,CompiledRunner,E_16_32_3n1,METAL,0.004125060513615608,6144,21510,3387,3387,1,"{""other"": 1}",unclassified_source_item_metadata,[]
3388,other,CompiledRunner,r_16_96,METAL,0.005500041879713535,3392,6148,3388,3388,1,"{""other"": 1}",unclassified_source_item_metadata,[]
3389,other,CompiledRunner,r_256_16_96,METAL,0.008458388037979603,1253376,404484,3389,3389,1,"{""other"": 1}",unclassified_source_item_metadata,[]
3390,other,CompiledRunner,r_16_16,METAL,0.004124944098293781,832,1028,3390,3390,1,"{""other"": 1}",unclassified_source_item_metadata,[]
3391,other,CompiledRunner,E_2_32_4n1,METAL,0.003791647031903267,256,2052,3391,3391,1,"{""other"": 1}",unclassified_source_item_metadata,[]
3392,other,CompiledRunner,E_192_4_8_16_4,METAL,0.005583278834819794,0,3145732,3392,3392,1,"{""other"": 1}",unclassified_source_item_metadata,[]
3393,other,CompiledRunner,E_1120_4_8_16_4,METAL,0.011416617780923843,0,18350084,3393,3393,1,"{""other"": 1}",unclassified_source_item_metadata,[]
3394,other,CompiledRunner,r_1536_16_16,METAL,0.006166636012494564,811008,1579008,3394,3394,1,"{""other"": 1}",unclassified_source_item_metadata,[]
3395,other,CompiledRunner,r_16_96,METAL,0.005375011824071407,3392,6148,3395,3395,1,"{""other"": 1}",unclassified_source_item_metadata,[]
3396,other,CompiledRunner,r_70_32_4_384_4,METAL,0.09216659236699343,27543040,13840384,3396,3396,1,"{""other"": 1}",unclassified_source_item_metadata,[]
3397,other,CompiledRunner,r_2048_16_96,METAL,0.018291641026735306,10027008,3171332,3397,3397,1,"{""other"": 1}",unclassified_source_item_metadata,[]
3398,other,CompiledRunner,r_35_16_16,METAL,0.010541640222072601,29120,35980,3398,3398,1,"{""other"": 1}",unclassified_source_item_metadata,[]
3399,other,CompiledRunner,r_8_16_16,METAL,0.023416709154844284,6656,8224,3399,3399,1,"{""other"": 1}",unclassified_source_item_metadata,[]
3400,other,CompiledRunner,r_35_4_16_4_64_4,METAL,0.029374961741268635,2338560,9247372,3400,3400,1,"{""other"": 1}",unclassified_source_item_metadata,[]
3401,other,CompiledRunner,E_16_2_16_4,METAL,0.013125012628734112,37888,16928,3401,3401,1,"{""other"": 1}",unclassified_source_item_metadata,[]
3402,other,CompiledRunner,r_4_32_4_2_4_32,METAL,0.06462505552917719,2097152,548864,3402,3402,1,"{""other"": 1}",unclassified_source_item_metadata,[]
3403,other,CompiledRunner,r_8_16_32,METAL,0.22062496282160282,12288,16416,3403,3403,1,"{""other"": 1}",unclassified_source_item_metadata,[]
3404,other,CompiledRunner,r_8_16_32n1,METAL,0.005124951712787151,18560,16448,3404,3404,1,"{""other"": 1}",unclassified_source_item_metadata,[]
3405,other,CompiledRunner,r_2_32_4_2_4_64,METAL,0.02733338624238968,2197504,548928,3405,3405,1,"{""other"": 1}",unclassified_source_item_metadata,[]
3406,other,CompiledRunner,r_1536_16_128,METAL,0.015125027857720852,6709248,3166208,3406,3406,1,"{""other"": 1}",unclassified_source_item_metadata,[]
3407,other,CompiledRunner,r_16_96,METAL,0.005541718564927578,3392,6148,3407,3407,1,"{""other"": 1}",unclassified_source_item_metadata,[]
3408,other,CompiledRunner,E_16_32_3,METAL,0.003999914042651653,4608,21508,3408,3408,1,"{""other"": 1}",unclassified_source_item_metadata,[]
3409,other,CompiledRunner,r_16_96,METAL,0.00541668850928545,3392,6148,3409,3409,1,"{""other"": 1}",unclassified_source_item_metadata,[]
3410,other,CompiledRunner,r_128_32_3_384_4,METAL,0.09033328387886286,44064768,18981892,3410,3410,1,"{""other"": 1}",unclassified_source_item_metadata,[]
3411,other,CompiledRunner,r_1536_16_384,METAL,0.08299993351101875,113664000,9498624,3411,3411,1,"{""other"": 1}",unclassified_source_item_metadata,[]
3412,other,CompiledRunner,r_16_96,METAL,0.005416572093963623,3392,6148,3412,3412,1,"{""other"": 1}",unclassified_source_item_metadata,[]
3413,other,CompiledRunner,E_16_32_3,METAL,0.007999944500625134,4608,21508,3413,3413,1,"{""other"": 1}",unclassified_source_item_metadata,[]
3414,other,CompiledRunner,r_256_16_96n1,METAL,0.00779156107455492,897024,417792,3414,3414,1,"{""other"": 1}",unclassified_source_item_metadata,[]
3415,other,CompiledRunner,r_1536_16_16n1,METAL,0.005875015631318092,1204224,406528,3415,3415,1,"{""other"": 1}",unclassified_source_item_metadata,[]
3416,other,CompiledRunner,r_16_96,METAL,0.00537489540874958,3392,6148,3416,3416,1,"{""other"": 1}",unclassified_source_item_metadata,[]
3417,other,CompiledRunner,E_16_32_3n1,METAL,0.004249974153935909,6144,21510,3417,3417,1,"{""other"": 1}",unclassified_source_item_metadata,[]
3418,other,CompiledRunner,r_16_96,METAL,0.005500041879713535,3392,6148,3418,3418,1,"{""other"": 1}",unclassified_source_item_metadata,[]
3419,other,CompiledRunner,r_2048_16_96,METAL,0.01833331771194935,10027008,3171332,3419,3419,1,"{""other"": 1}",unclassified_source_item_metadata,[]
3420,other,CompiledRunner,r_8_16_16,METAL,0.00400003045797348,6656,8224,3420,3420,1,"{""other"": 1}",unclassified_source_item_metadata,[]
3421,other,CompiledRunner,E_16_2_16_4,METAL,0.005999929271638393,37888,16928,3421,3421,1,"{""other"": 1}",unclassified_source_item_metadata,[]
3422,other,CompiledRunner,r_4_32_4_2_4_32,METAL,0.015374971553683281,2097152,548864,3422,3422,1,"{""other"": 1}",unclassified_source_item_metadata,[]
3423,other,CompiledRunner,r_8_16_32,METAL,0.004208297468721867,12288,16416,3423,3423,1,"{""other"": 1}",unclassified_source_item_metadata,[]
3424,other,CompiledRunner,r_8_16_32n1,METAL,0.005124951712787151,18560,16448,3424,3424,1,"{""other"": 1}",unclassified_source_item_metadata,[]
3425,other,CompiledRunner,r_2_32_4_2_4_64,METAL,0.027416623197495937,2197504,548928,3425,3425,1,"{""other"": 1}",unclassified_source_item_metadata,[]
3426,other,CompiledRunner,r_1536_16_128,METAL,0.014750054106116295,6709248,3166208,3426,3426,1,"{""other"": 1}",unclassified_source_item_metadata,[]
3427,other,CompiledRunner,r_16_96,METAL,0.005541602149605751,3392,6148,3427,3427,1,"{""other"": 1}",unclassified_source_item_metadata,[]
3428,other,CompiledRunner,E_16_32_3,METAL,0.0038750004023313522,4608,21508,3428,3428,1,"{""other"": 1}",unclassified_source_item_metadata,[]
3429,other,CompiledRunner,r_16_96,METAL,0.005666748620569706,3392,6148,3429,3429,1,"{""other"": 1}",unclassified_source_item_metadata,[]
3430,other,CompiledRunner,r_128_32_3_384_4,METAL,0.08687505032867193,44064768,18981892,3430,3430,1,"{""other"": 1}",unclassified_source_item_metadata,[]
3431,other,CompiledRunner,r_1536_16_384,METAL,0.10704156011343002,113664000,9498624,3431,3431,1,"{""other"": 1}",unclassified_source_item_metadata,[]
3432,other,CompiledRunner,r_16_96,METAL,0.1097916392609477,3392,6148,3432,3432,1,"{""other"": 1}",unclassified_source_item_metadata,[]
3433,other,CompiledRunner,E_16_32_3,METAL,0.0556666636839509,4608,21508,3433,3433,1,"{""other"": 1}",unclassified_source_item_metadata,[]
3434,other,CompiledRunner,r_256_16_96n2,METAL,0.21879165433347225,897024,417792,3434,3434,1,"{""other"": 1}",unclassified_source_item_metadata,[]
3435,other,CompiledRunner,r_1536_16_16n1,METAL,0.006124959327280521,1204224,406528,3435,3435,1,"{""other"": 1}",unclassified_source_item_metadata,[]
3436,other,CompiledRunner,r_16_96,METAL,0.005624955520033836,3392,6148,3436,3436,1,"{""other"": 1}",unclassified_source_item_metadata,[]
3437,other,CompiledRunner,E_16_32_3n1,METAL,0.004249974153935909,6144,21510,3437,3437,1,"{""other"": 1}",unclassified_source_item_metadata,[]
3438,other,CompiledRunner,r_16_96,METAL,0.005375011824071407,3392,6148,3438,3438,1,"{""other"": 1}",unclassified_source_item_metadata,[]
3439,other,CompiledRunner,r_2048_16_96,METAL,0.018541584722697735,10027008,3171332,3439,3439,1,"{""other"": 1}",unclassified_source_item_metadata,[]
3440,other,CompiledRunner,r_8_16_16,METAL,0.004208297468721867,6656,8224,3440,3440,1,"{""other"": 1}",unclassified_source_item_metadata,[]
3441,other,CompiledRunner,E_16_2_16_4,METAL,0.005791662260890007,37888,16928,3441,3441,1,"{""other"": 1}",unclassified_source_item_metadata,[]
3442,other,CompiledRunner,r_4_32_4_2_4_32,METAL,0.015416648238897324,2097152,548864,3442,3442,1,"{""other"": 1}",unclassified_source_item_metadata,[]
3443,other,CompiledRunner,r_8_16_32,METAL,0.004166737198829651,12288,16416,3443,3443,1,"{""other"": 1}",unclassified_source_item_metadata,[]
3444,other,CompiledRunner,r_8_16_32n1,METAL,0.00500003807246685,18560,16448,3444,3444,1,"{""other"": 1}",unclassified_source_item_metadata,[]
3445,other,CompiledRunner,r_2_32_4_2_4_64,METAL,0.02762500662356615,2197504,548928,3445,3445,1,"{""other"": 1}",unclassified_source_item_metadata,[]
3446,other,CompiledRunner,r_1536_16_128,METAL,0.015833298675715923,6709248,3166208,3446,3446,1,"{""other"": 1}",unclassified_source_item_metadata,[]
3447,other,CompiledRunner,r_16_96,METAL,0.005499925464391708,3392,6148,3447,3447,1,"{""other"": 1}",unclassified_source_item_metadata,[]
3448,other,CompiledRunner,E_16_32_3,METAL,0.00400003045797348,4608,21508,3448,3448,1,"{""other"": 1}",unclassified_source_item_metadata,[]
3449,other,CompiledRunner,r_16_96,METAL,0.005375011824071407,3392,6148,3449,3449,1,"{""other"": 1}",unclassified_source_item_metadata,[]
3450,other,CompiledRunner,r_128_32_3_384_4,METAL,0.08620833978056908,44064768,18981892,3450,3450,1,"{""other"": 1}",unclassified_source_item_metadata,[]
3451,other,CompiledRunner,r_1536_16_384,METAL,0.08245836943387985,113664000,9498624,3451,3451,1,"{""other"": 1}",unclassified_source_item_metadata,[]
3452,other,CompiledRunner,r_16_96,METAL,0.005375011824071407,3392,6148,3452,3452,1,"{""other"": 1}",unclassified_source_item_metadata,[]
3453,other,CompiledRunner,E_16_32_3,METAL,0.00400003045797348,4608,21508,3453,3453,1,"{""other"": 1}",unclassified_source_item_metadata,[]
3454,other,CompiledRunner,r_256_16_96n3,METAL,0.008166651241481304,897024,417792,3454,3454,1,"{""other"": 1}",unclassified_source_item_metadata,[]
3455,other,CompiledRunner,r_1536_16_16n1,METAL,0.005791662260890007,1204224,406528,3455,3455,1,"{""other"": 1}",unclassified_source_item_metadata,[]
3456,other,CompiledRunner,r_16_96,METAL,0.005458365194499493,3392,6148,3456,3456,1,"{""other"": 1}",unclassified_source_item_metadata,[]
3457,other,CompiledRunner,E_16_32_3n1,METAL,0.004166620783507824,6144,21510,3457,3457,1,"{""other"": 1}",unclassified_source_item_metadata,[]
3458,other,CompiledRunner,r_16_96,METAL,0.005375011824071407,3392,6148,3458,3458,1,"{""other"": 1}",unclassified_source_item_metadata,[]
3459,other,CompiledRunner,r_2048_16_96,METAL,0.01825008075684309,10027008,3171332,3459,3459,1,"{""other"": 1}",unclassified_source_item_metadata,[]
3460,other,CompiledRunner,r_8_16_16,METAL,0.0039583537727594376,6656,8224,3460,3460,1,"{""other"": 1}",unclassified_source_item_metadata,[]
3461,other,CompiledRunner,E_16_2_16_4,METAL,0.006041722372174263,37888,16928,3461,3461,1,"{""other"": 1}",unclassified_source_item_metadata,[]
3462,other,CompiledRunner,r_4_32_4_2_4_32,METAL,0.015333411283791065,2097152,548864,3462,3462,1,"{""other"": 1}",unclassified_source_item_metadata,[]
3463,other,CompiledRunner,r_8_16_32,METAL,0.004124944098293781,12288,16416,3463,3463,1,"{""other"": 1}",unclassified_source_item_metadata,[]
3464,other,CompiledRunner,r_8_16_32n1,METAL,0.005208305083215237,18560,16448,3464,3464,1,"{""other"": 1}",unclassified_source_item_metadata,[]
3465,other,CompiledRunner,r_2_32_4_2_4_64,METAL,0.02750009298324585,2197504,548928,3465,3465,1,"{""other"": 1}",unclassified_source_item_metadata,[]
3466,other,CompiledRunner,r_1536_16_128,METAL,0.014750054106116295,6709248,3166208,3466,3466,1,"{""other"": 1}",unclassified_source_item_metadata,[]
3467,other,CompiledRunner,r_16_96,METAL,0.005375011824071407,3392,6148,3467,3467,1,"{""other"": 1}",unclassified_source_item_metadata,[]
3468,other,CompiledRunner,E_16_32_3,METAL,0.004041590727865696,4608,21508,3468,3468,1,"{""other"": 1}",unclassified_source_item_metadata,[]
3469,other,CompiledRunner,r_16_96,METAL,0.005625071935355663,3392,6148,3469,3469,1,"{""other"": 1}",unclassified_source_item_metadata,[]
3470,other,CompiledRunner,r_128_32_3_384_4,METAL,0.09425007738173008,44064768,18981892,3470,3470,1,"{""other"": 1}",unclassified_source_item_metadata,[]
3471,other,CompiledRunner,r_1536_16_384,METAL,0.08687505032867193,113664000,9498624,3471,3471,1,"{""other"": 1}",unclassified_source_item_metadata,[]
3472,other,CompiledRunner,r_16_96,METAL,0.005624955520033836,3392,6148,3472,3472,1,"{""other"": 1}",unclassified_source_item_metadata,[]
3473,other,CompiledRunner,E_16_32_3,METAL,0.004166620783507824,4608,21508,3473,3473,1,"{""other"": 1}",unclassified_source_item_metadata,[]
3474,other,CompiledRunner,r_256_16_96n4,METAL,0.022374908439815044,897024,417792,3474,3474,1,"{""other"": 1}",unclassified_source_item_metadata,[]
3475,other,CompiledRunner,r_1536_16_16n1,METAL,0.005875015631318092,1204224,406528,3475,3475,1,"{""other"": 1}",unclassified_source_item_metadata,[]
3476,other,CompiledRunner,r_16_96,METAL,0.005666632205247879,3392,6148,3476,3476,1,"{""other"": 1}",unclassified_source_item_metadata,[]
3477,other,CompiledRunner,E_16_32_3n1,METAL,0.004333327524363995,6144,21510,3477,3477,1,"{""other"": 1}",unclassified_source_item_metadata,[]
3478,other,CompiledRunner,r_16_96,METAL,0.005499925464391708,3392,6148,3478,3478,1,"{""other"": 1}",unclassified_source_item_metadata,[]
3479,other,CompiledRunner,r_32_32_4_384_4,METAL,0.10758324060589075,14163968,6333444,3479,3479,1,"{""other"": 1}",unclassified_source_item_metadata,[]
3480,other,CompiledRunner,r_8_16_32n2,METAL,0.00483333133161068,10752,16416,3480,3480,1,"{""other"": 1}",unclassified_source_item_metadata,[]
3481,other,CompiledRunner,E_8_2_16_4_4,METAL,0.013750046491622925,95488,33824,3481,3481,1,"{""other"": 1}",unclassified_source_item_metadata,[]
3482,other,CompiledRunner,r_8_(gemma_start_pos_window+1)_16_32,METAL,0.01408334355801344,7208960,1482784,3482,3482,1,"{""other"": 1}",unclassified_source_item_metadata,[]
3483,other,CompiledRunner,r_2_4_(gemma_start_pos_window+1),METAL,0.167291727848351,11266,22560,3483,3483,1,"{""other"": 1}",unclassified_source_item_metadata,[]
3484,other,CompiledRunner,r_2_4_(gemma_start_pos_window+1)n1,METAL,0.18500001169741154,22538,22592,3484,3484,1,"{""other"": 1}",unclassified_source_item_metadata,[]
3485,other,CompiledRunner,E_(gemma_start_pos_window+1)_2_4,METAL,0.004749977961182594,22528,45120,3485,3485,1,"{""other"": 1}",unclassified_source_item_metadata,[]
3486,other,CompiledRunner,r_8_2_16_4_4_(gemma_start_pos_window+1),METAL,0.32412493601441383,5767424,1482784,3486,3486,1,"{""other"": 1}",unclassified_source_item_metadata,[]
3487,other,CompiledRunner,r_1536_16_256,METAL,0.02674991264939308,13000704,6320128,3487,3487,1,"{""other"": 1}",unclassified_source_item_metadata,[]
3488,other,CompiledRunner,r_16_96,METAL,0.005458365194499493,3392,6148,3488,3488,1,"{""other"": 1}",unclassified_source_item_metadata,[]
3489,other,CompiledRunner,E_16_32_3,METAL,0.004041707143187523,4608,21508,3489,3489,1,"{""other"": 1}",unclassified_source_item_metadata,[]
3490,other,CompiledRunner,r_16_96,METAL,0.005375011824071407,3392,6148,3490,3490,1,"{""other"": 1}",unclassified_source_item_metadata,[]
3491,other,CompiledRunner,r_128_32_3_384_4,METAL,0.10412500705569983,44064768,18981892,3491,3491,1,"{""other"": 1}",unclassified_source_item_metadata,[]
3492,other,CompiledRunner,r_1536_16_384,METAL,0.08354173041880131,113664000,9498624,3492,3492,1,"{""other"": 1}",unclassified_source_item_metadata,[]
3493,other,CompiledRunner,r_16_96,METAL,0.005458365194499493,3392,6148,3493,3493,1,"{""other"": 1}",unclassified_source_item_metadata,[]
3494,other,CompiledRunner,E_16_32_3,METAL,0.004124944098293781,4608,21508,3494,3494,1,"{""other"": 1}",unclassified_source_item_metadata,[]
3495,other,CompiledRunner,r_256_16_96n5,METAL,0.008166651241481304,897024,417792,3495,3495,1,"{""other"": 1}",unclassified_source_item_metadata,[]
3496,other,CompiledRunner,r_1536_16_16n1,METAL,0.005875015631318092,1204224,406528,3496,3496,1,"{""other"": 1}",unclassified_source_item_metadata,[]
3497,other,CompiledRunner,r_16_96,METAL,0.005166628398001194,3392,6148,3497,3497,1,"{""other"": 1}",unclassified_source_item_metadata,[]
3498,other,CompiledRunner,E_16_32_3n1,METAL,0.005624955520033836,6144,21510,3498,3498,1,"{""other"": 1}",unclassified_source_item_metadata,[]
3499,other,CompiledRunner,r_16_96,METAL,0.005500041879713535,3392,6148,3499,3499,1,"{""other"": 1}",unclassified_source_item_metadata,[]
3500,other,CompiledRunner,r_2048_16_96,METAL,0.01791666727513075,10027008,3171332,3500,3500,1,"{""other"": 1}",unclassified_source_item_metadata,[]
3501,other,CompiledRunner,r_8_16_16,METAL,0.003750086762011051,6656,8224,3501,3501,1,"{""other"": 1}",unclassified_source_item_metadata,[]
3502,other,CompiledRunner,E_16_2_16_4,METAL,0.005249981768429279,37888,16928,3502,3502,1,"{""other"": 1}",unclassified_source_item_metadata,[]
3503,other,CompiledRunner,r_4_32_4_2_4_32,METAL,0.014499993994832039,2097152,548864,3503,3503,1,"{""other"": 1}",unclassified_source_item_metadata,[]
3504,other,CompiledRunner,r_8_16_32,METAL,0.006916699931025505,12288,16416,3504,3504,1,"{""other"": 1}",unclassified_source_item_metadata,[]
3505,other,CompiledRunner,r_8_16_32n1,METAL,0.004625064320862293,18560,16448,3505,3505,1,"{""other"": 1}",unclassified_source_item_metadata,[]
3506,other,CompiledRunner,r_2_32_4_2_4_64,METAL,0.025291694328188896,2197504,548928,3506,3506,1,"{""other"": 1}",unclassified_source_item_metadata,[]
3507,other,CompiledRunner,r_1536_16_128,METAL,0.014208373613655567,6709248,3166208,3507,3507,1,"{""other"": 1}",unclassified_source_item_metadata,[]
3508,other,CompiledRunner,r_16_96,METAL,0.00500003807246685,3392,6148,3508,3508,1,"{""other"": 1}",unclassified_source_item_metadata,[]
3509,other,CompiledRunner,E_16_32_3,METAL,0.003625056706368923,4608,21508,3509,3509,1,"{""other"": 1}",unclassified_source_item_metadata,[]
3510,other,CompiledRunner,r_16_96,METAL,0.004916684702038765,3392,6148,3510,3510,1,"{""other"": 1}",unclassified_source_item_metadata,[]
3511,other,CompiledRunner,r_128_32_3_384_4,METAL,0.0820833956822753,44064768,18981892,3511,3511,1,"{""other"": 1}",unclassified_source_item_metadata,[]
3512,other,CompiledRunner,r_1536_16_384,METAL,0.07487495895475149,113664000,9498624,3512,3512,1,"{""other"": 1}",unclassified_source_item_metadata,[]
3513,other,CompiledRunner,r_16_96,METAL,0.005041714757680893,3392,6148,3513,3513,1,"{""other"": 1}",unclassified_source_item_metadata,[]
3514,other,CompiledRunner,E_16_32_3,METAL,0.0037084100767970085,4608,21508,3514,3514,1,"{""other"": 1}",unclassified_source_item_metadata,[]
3515,other,CompiledRunner,r_256_16_96n6,METAL,0.009041628800332546,897024,417792,3515,3515,1,"{""other"": 1}",unclassified_source_item_metadata,[]
3516,other,CompiledRunner,r_1536_16_16n1,METAL,0.005875015631318092,1204224,406528,3516,3516,1,"{""other"": 1}",unclassified_source_item_metadata,[]
3517,other,CompiledRunner,r_16_96,METAL,0.005125068128108978,3392,6148,3517,3517,1,"{""other"": 1}",unclassified_source_item_metadata,[]
3518,other,CompiledRunner,E_16_32_3n1,METAL,0.004458357580006123,6144,21510,3518,3518,1,"{""other"": 1}",unclassified_source_item_metadata,[]
3519,other,CompiledRunner,r_16_96,METAL,0.013958313502371311,3392,6148,3519,3519,1,"{""other"": 1}",unclassified_source_item_metadata,[]
3520,other,CompiledRunner,r_2048_16_96,METAL,0.05479168612509966,10027008,3171332,3520,3520,1,"{""other"": 1}",unclassified_source_item_metadata,[]
3521,other,CompiledRunner,r_8_16_16,METAL,0.006291666068136692,6656,8224,3521,3521,1,"{""other"": 1}",unclassified_source_item_metadata,[]
3522,other,CompiledRunner,E_16_2_16_4,METAL,0.015874975360929966,37888,16928,3522,3522,1,"{""other"": 1}",unclassified_source_item_metadata,[]
3523,other,CompiledRunner,r_4_32_4_2_4_32,METAL,0.059708370827138424,2097152,548864,3523,3523,1,"{""other"": 1}",unclassified_source_item_metadata,[]
3524,other,CompiledRunner,r_8_16_32,METAL,0.20420830696821213,12288,16416,3524,3524,1,"{""other"": 1}",unclassified_source_item_metadata,[]
3525,other,CompiledRunner,r_8_16_32n1,METAL,0.005041598342359066,18560,16448,3525,3525,1,"{""other"": 1}",unclassified_source_item_metadata,[]
3526,other,CompiledRunner,r_2_32_4_2_4_64,METAL,0.02650008536875248,2197504,548928,3526,3526,1,"{""other"": 1}",unclassified_source_item_metadata,[]
3527,other,CompiledRunner,r_1536_16_128,METAL,0.014749937690794468,6709248,3166208,3527,3527,1,"{""other"": 1}",unclassified_source_item_metadata,[]
3528,other,CompiledRunner,r_16_96,METAL,0.005583395250141621,3392,6148,3528,3528,1,"{""other"": 1}",unclassified_source_item_metadata,[]
3529,other,CompiledRunner,E_16_32_3,METAL,0.004208297468721867,4608,21508,3529,3529,1,"{""other"": 1}",unclassified_source_item_metadata,[]
3530,other,CompiledRunner,r_16_96,METAL,0.005500041879713535,3392,6148,3530,3530,1,"{""other"": 1}",unclassified_source_item_metadata,[]
3531,other,CompiledRunner,r_128_32_3_384_4,METAL,0.08895830251276493,44064768,18981892,3531,3531,1,"{""other"": 1}",unclassified_source_item_metadata,[]
3532,other,CompiledRunner,r_1536_16_384,METAL,0.08274998981505632,113664000,9498624,3532,3532,1,"{""other"": 1}",unclassified_source_item_metadata,[]
3533,other,CompiledRunner,r_16_96,METAL,0.005375011824071407,3392,6148,3533,3533,1,"{""other"": 1}",unclassified_source_item_metadata,[]
3534,other,CompiledRunner,E_16_32_3,METAL,0.004458241164684296,4608,21508,3534,3534,1,"{""other"": 1}",unclassified_source_item_metadata,[]
3535,other,CompiledRunner,r_256_16_96n7,METAL,0.0077500008046627045,897024,417792,3535,3535,1,"{""other"": 1}",unclassified_source_item_metadata,[]
3536,other,CompiledRunner,r_1536_16_16n1,METAL,0.005875015631318092,1204224,406528,3536,3536,1,"{""other"": 1}",unclassified_source_item_metadata,[]
3537,other,CompiledRunner,r_16_96,METAL,0.005666748620569706,3392,6148,3537,3537,1,"{""other"": 1}",unclassified_source_item_metadata,[]
3538,other,CompiledRunner,E_16_32_3n1,METAL,0.004249974153935909,6144,21510,3538,3538,1,"{""other"": 1}",unclassified_source_item_metadata,[]
3539,other,CompiledRunner,r_16_96,METAL,0.005375011824071407,3392,6148,3539,3539,1,"{""other"": 1}",unclassified_source_item_metadata,[]
3540,other,CompiledRunner,r_2048_16_96,METAL,0.018125050701200962,10027008,3171332,3540,3540,1,"{""other"": 1}",unclassified_source_item_metadata,[]
3541,other,CompiledRunner,r_8_16_16,METAL,0.004124944098293781,6656,8224,3541,3541,1,"{""other"": 1}",unclassified_source_item_metadata,[]
3542,other,CompiledRunner,E_16_2_16_4,METAL,0.005666632205247879,37888,16928,3542,3542,1,"{""other"": 1}",unclassified_source_item_metadata,[]
3543,other,CompiledRunner,r_4_32_4_2_4_32,METAL,0.015374971553683281,2097152,548864,3543,3543,1,"{""other"": 1}",unclassified_source_item_metadata,[]
3544,other,CompiledRunner,r_8_16_32,METAL,0.004291767254471779,12288,16416,3544,3544,1,"{""other"": 1}",unclassified_source_item_metadata,[]
3545,other,CompiledRunner,r_8_16_32n1,METAL,0.00500003807246685,18560,16448,3545,3545,1,"{""other"": 1}",unclassified_source_item_metadata,[]
3546,other,CompiledRunner,r_2_32_4_2_4_64,METAL,0.024875043891370296,2197504,548928,3546,3546,1,"{""other"": 1}",unclassified_source_item_metadata,[]
3547,other,CompiledRunner,r_1536_16_128,METAL,0.013458426110446453,6709248,3166208,3547,3547,1,"{""other"": 1}",unclassified_source_item_metadata,[]
3548,other,CompiledRunner,r_16_96,METAL,0.004875008016824722,3392,6148,3548,3548,1,"{""other"": 1}",unclassified_source_item_metadata,[]
3549,other,CompiledRunner,E_16_32_3,METAL,0.003625056706368923,4608,21508,3549,3549,1,"{""other"": 1}",unclassified_source_item_metadata,[]
3550,other,CompiledRunner,r_16_96,METAL,0.006124959327280521,3392,6148,3550,3550,1,"{""other"": 1}",unclassified_source_item_metadata,[]
3551,other,CompiledRunner,r_128_32_3_384_4,METAL,0.10383338667452335,44064768,18981892,3551,3551,1,"{""other"": 1}",unclassified_source_item_metadata,[]
3552,other,CompiledRunner,r_1536_16_384,METAL,0.12775009963661432,113664000,9498624,3552,3552,1,"{""other"": 1}",unclassified_source_item_metadata,[]
3553,other,CompiledRunner,r_16_96,METAL,0.11783337686210871,3392,6148,3553,3553,1,"{""other"": 1}",unclassified_source_item_metadata,[]
3554,other,CompiledRunner,E_16_32_3,METAL,0.06995827425271273,4608,21508,3554,3554,1,"{""other"": 1}",unclassified_source_item_metadata,[]
3555,other,CompiledRunner,r_256_16_96n8,METAL,0.24512491654604673,897024,417792,3555,3555,1,"{""other"": 1}",unclassified_source_item_metadata,[]
3556,other,CompiledRunner,r_1536_16_16n1,METAL,0.005708425305783749,1204224,406528,3556,3556,1,"{""other"": 1}",unclassified_source_item_metadata,[]
3557,other,CompiledRunner,r_16_96,METAL,0.005541718564927578,3392,6148,3557,3557,1,"{""other"": 1}",unclassified_source_item_metadata,[]
3558,other,CompiledRunner,E_16_32_3n1,METAL,0.004124944098293781,6144,21510,3558,3558,1,"{""other"": 1}",unclassified_source_item_metadata,[]
3559,other,CompiledRunner,r_16_96,METAL,0.005375011824071407,3392,6148,3559,3559,1,"{""other"": 1}",unclassified_source_item_metadata,[]
3560,other,CompiledRunner,r_2048_16_96,METAL,0.01837499439716339,10027008,3171332,3560,3560,1,"{""other"": 1}",unclassified_source_item_metadata,[]
3561,other,CompiledRunner,r_8_16_16,METAL,0.00400003045797348,6656,8224,3561,3561,1,"{""other"": 1}",unclassified_source_item_metadata,[]
3562,other,CompiledRunner,E_16_2_16_4,METAL,0.005875015631318092,37888,16928,3562,3562,1,"{""other"": 1}",unclassified_source_item_metadata,[]
3563,other,CompiledRunner,r_4_32_4_2_4_32,METAL,0.015416648238897324,2097152,548864,3563,3563,1,"{""other"": 1}",unclassified_source_item_metadata,[]
3564,other,CompiledRunner,r_8_16_32,METAL,0.004249974153935909,12288,16416,3564,3564,1,"{""other"": 1}",unclassified_source_item_metadata,[]
3565,other,CompiledRunner,r_8_16_32n1,METAL,0.00500003807246685,18560,16448,3565,3565,1,"{""other"": 1}",unclassified_source_item_metadata,[]
3566,other,CompiledRunner,r_2_32_4_2_4_64,METAL,0.027125002816319466,2197504,548928,3566,3566,1,"{""other"": 1}",unclassified_source_item_metadata,[]
3567,other,CompiledRunner,r_1536_16_128,METAL,0.014625024050474167,6709248,3166208,3567,3567,1,"{""other"": 1}",unclassified_source_item_metadata,[]
3568,other,CompiledRunner,r_16_96,METAL,0.006166636012494564,3392,6148,3568,3568,1,"{""other"": 1}",unclassified_source_item_metadata,[]
3569,other,CompiledRunner,E_16_32_3,METAL,0.004125060513615608,4608,21508,3569,3569,1,"{""other"": 1}",unclassified_source_item_metadata,[]
3570,other,CompiledRunner,r_16_96,METAL,0.005499925464391708,3392,6148,3570,3570,1,"{""other"": 1}",unclassified_source_item_metadata,[]
3571,other,CompiledRunner,r_128_32_3_384_4,METAL,0.08849997539073229,44064768,18981892,3571,3571,1,"{""other"": 1}",unclassified_source_item_metadata,[]
3572,other,CompiledRunner,r_1536_16_384,METAL,0.08262507617473602,113664000,9498624,3572,3572,1,"{""other"": 1}",unclassified_source_item_metadata,[]
3573,other,CompiledRunner,r_16_96,METAL,0.005500041879713535,3392,6148,3573,3573,1,"{""other"": 1}",unclassified_source_item_metadata,[]
3574,other,CompiledRunner,E_16_32_3,METAL,0.00400003045797348,4608,21508,3574,3574,1,"{""other"": 1}",unclassified_source_item_metadata,[]
3575,other,CompiledRunner,r_256_16_96n9,METAL,0.007666647434234619,897024,417792,3575,3575,1,"{""other"": 1}",unclassified_source_item_metadata,[]
3576,other,CompiledRunner,r_1536_16_16n1,METAL,0.00583333894610405,1204224,406528,3576,3576,1,"{""other"": 1}",unclassified_source_item_metadata,[]
3577,other,CompiledRunner,r_16_96,METAL,0.005500041879713535,3392,6148,3577,3577,1,"{""other"": 1}",unclassified_source_item_metadata,[]
3578,other,CompiledRunner,E_16_32_3n1,METAL,0.004249974153935909,6144,21510,3578,3578,1,"{""other"": 1}",unclassified_source_item_metadata,[]
3579,other,CompiledRunner,r_16_96,METAL,0.005375011824071407,3392,6148,3579,3579,1,"{""other"": 1}",unclassified_source_item_metadata,[]
3580,other,CompiledRunner,r_32_32_4_384_4,METAL,0.10762503370642662,14163968,6333444,3580,3580,1,"{""other"": 1}",unclassified_source_item_metadata,[]
3581,other,CompiledRunner,r_8_16_32n2,METAL,0.005541718564927578,10752,16416,3581,3581,1,"{""other"": 1}",unclassified_source_item_metadata,[]
3582,other,CompiledRunner,E_8_2_16_4_4,METAL,0.03587501123547554,95488,33824,3582,3582,1,"{""other"": 1}",unclassified_source_item_metadata,[]
3583,other,CompiledRunner,r_8_(gemma_start_pos_window+1)_16_32,METAL,0.17266662325710058,7208960,1482784,3583,3583,1,"{""other"": 1}",unclassified_source_item_metadata,[]
3584,other,CompiledRunner,r_2_4_(gemma_start_pos_window+1),METAL,0.23612496443092823,11266,22560,3584,3584,1,"{""other"": 1}",unclassified_source_item_metadata,[]
3585,other,CompiledRunner,r_2_4_(gemma_start_pos_window+1)n1,METAL,0.49587502144277096,22538,22592,3585,3585,1,"{""other"": 1}",unclassified_source_item_metadata,[]
3586,other,CompiledRunner,E_(gemma_start_pos_window+1)_2_4,METAL,0.005333335138857365,22528,45120,3586,3586,1,"{""other"": 1}",unclassified_source_item_metadata,[]
3587,other,CompiledRunner,r_8_2_16_4_4_(gemma_start_pos_window+1),METAL,0.3863750025629997,5767424,1482784,3587,3587,1,"{""other"": 1}",unclassified_source_item_metadata,[]
3588,other,CompiledRunner,r_1536_16_256,METAL,0.02929160837084055,13000704,6320128,3588,3588,1,"{""other"": 1}",unclassified_source_item_metadata,[]
3589,other,CompiledRunner,r_16_96,METAL,0.006666756235063076,3392,6148,3589,3589,1,"{""other"": 1}",unclassified_source_item_metadata,[]
3590,other,CompiledRunner,E_16_32_3,METAL,0.005166744813323021,4608,21508,3590,3590,1,"{""other"": 1}",unclassified_source_item_metadata,[]
3591,other,CompiledRunner,r_16_96,METAL,0.006583286449313164,3392,6148,3591,3591,1,"{""other"": 1}",unclassified_source_item_metadata,[]
3592,other,CompiledRunner,r_128_32_3_384_4,METAL,0.08762499783188105,44064768,18981892,3592,3592,1,"{""other"": 1}",unclassified_source_item_metadata,[]
3593,other,CompiledRunner,r_1536_16_384,METAL,0.08237501606345177,113664000,9498624,3593,3593,1,"{""other"": 1}",unclassified_source_item_metadata,[]
3594,other,CompiledRunner,r_16_96,METAL,0.005583278834819794,3392,6148,3594,3594,1,"{""other"": 1}",unclassified_source_item_metadata,[]
3595,other,CompiledRunner,E_16_32_3,METAL,0.004041590727865696,4608,21508,3595,3595,1,"{""other"": 1}",unclassified_source_item_metadata,[]
3596,other,CompiledRunner,r_256_16_96n10,METAL,0.00825000461190939,897024,417792,3596,3596,1,"{""other"": 1}",unclassified_source_item_metadata,[]
3597,other,CompiledRunner,r_1536_16_16n1,METAL,0.005875015631318092,1204224,406528,3597,3597,1,"{""other"": 1}",unclassified_source_item_metadata,[]
3598,other,CompiledRunner,r_16_96,METAL,0.005541718564927578,3392,6148,3598,3598,1,"{""other"": 1}",unclassified_source_item_metadata,[]
3599,other,CompiledRunner,E_16_32_3n1,METAL,0.004249974153935909,6144,21510,3599,3599,1,"{""other"": 1}",unclassified_source_item_metadata,[]
3600,other,CompiledRunner,r_16_96,METAL,0.005375011824071407,3392,6148,3600,3600,1,"{""other"": 1}",unclassified_source_item_metadata,[]
3601,other,CompiledRunner,r_2048_16_96,METAL,0.01820828765630722,10027008,3171332,3601,3601,1,"{""other"": 1}",unclassified_source_item_metadata,[]
3602,other,CompiledRunner,r_8_16_16,METAL,0.004166620783507824,6656,8224,3602,3602,1,"{""other"": 1}",unclassified_source_item_metadata,[]
3603,other,CompiledRunner,E_16_2_16_4,METAL,0.005791662260890007,37888,16928,3603,3603,1,"{""other"": 1}",unclassified_source_item_metadata,[]
3604,other,CompiledRunner,r_4_32_4_2_4_32,METAL,0.014999997802078724,2097152,548864,3604,3604,1,"{""other"": 1}",unclassified_source_item_metadata,[]
3605,other,CompiledRunner,r_8_16_32,METAL,0.004125060513615608,12288,16416,3605,3605,1,"{""other"": 1}",unclassified_source_item_metadata,[]
3606,other,CompiledRunner,r_8_16_32n1,METAL,0.005083391442894936,18560,16448,3606,3606,1,"{""other"": 1}",unclassified_source_item_metadata,[]
3607,other,CompiledRunner,r_2_32_4_2_4_64,METAL,0.02662499900907278,2197504,548928,3607,3607,1,"{""other"": 1}",unclassified_source_item_metadata,[]
3608,other,CompiledRunner,r_1536_16_128,METAL,0.014749937690794468,6709248,3166208,3608,3608,1,"{""other"": 1}",unclassified_source_item_metadata,[]
3609,other,CompiledRunner,r_16_96,METAL,0.005458365194499493,3392,6148,3609,3609,1,"{""other"": 1}",unclassified_source_item_metadata,[]
3610,other,CompiledRunner,E_16_32_3,METAL,0.13287505134940147,4608,21508,3610,3610,1,"{""other"": 1}",unclassified_source_item_metadata,[]
3611,other,CompiledRunner,r_16_96,METAL,0.02862501423805952,3392,6148,3611,3611,1,"{""other"": 1}",unclassified_source_item_metadata,[]
3612,other,CompiledRunner,r_128_32_3_384_4,METAL,0.15754171181470156,44064768,18981892,3612,3612,1,"{""other"": 1}",unclassified_source_item_metadata,[]
3613,other,CompiledRunner,r_1536_16_384,METAL,0.475666718557477,113664000,9498624,3613,3613,1,"{""other"": 1}",unclassified_source_item_metadata,[]
3614,other,CompiledRunner,r_16_96,METAL,0.006625079549849033,3392,6148,3614,3614,1,"{""other"": 1}",unclassified_source_item_metadata,[]
3615,other,CompiledRunner,E_16_32_3,METAL,0.004791654646396637,4608,21508,3615,3615,1,"{""other"": 1}",unclassified_source_item_metadata,[]
3616,other,CompiledRunner,r_256_16_96n11,METAL,0.008999952115118504,897024,417792,3616,3616,1,"{""other"": 1}",unclassified_source_item_metadata,[]
3617,other,CompiledRunner,r_1536_16_16n1,METAL,0.007083290256559849,1204224,406528,3617,3617,1,"{""other"": 1}",unclassified_source_item_metadata,[]
3618,other,CompiledRunner,r_16_96,METAL,0.006541726179420948,3392,6148,3618,3618,1,"{""other"": 1}",unclassified_source_item_metadata,[]
3619,other,CompiledRunner,E_16_32_3n1,METAL,0.00500003807246685,6144,21510,3619,3619,1,"{""other"": 1}",unclassified_source_item_metadata,[]
3620,other,CompiledRunner,r_16_96,METAL,0.006624963134527206,3392,6148,3620,3620,1,"{""other"": 1}",unclassified_source_item_metadata,[]
3621,other,CompiledRunner,r_2048_16_96,METAL,0.022416701540350914,10027008,3171332,3621,3621,1,"{""other"": 1}",unclassified_source_item_metadata,[]
3622,other,CompiledRunner,r_8_16_16,METAL,0.004749977961182594,6656,8224,3622,3622,1,"{""other"": 1}",unclassified_source_item_metadata,[]
3623,other,CompiledRunner,E_16_2_16_4,METAL,0.0069999368861317635,37888,16928,3623,3623,1,"{""other"": 1}",unclassified_source_item_metadata,[]
3624,other,CompiledRunner,r_4_32_4_2_4_32,METAL,0.01791666727513075,2097152,548864,3624,3624,1,"{""other"": 1}",unclassified_source_item_metadata,[]
3625,other,CompiledRunner,r_8_16_32,METAL,0.005124951712787151,12288,16416,3625,3625,1,"{""other"": 1}",unclassified_source_item_metadata,[]
3626,other,CompiledRunner,r_8_16_32n1,METAL,0.006250105798244476,18560,16448,3626,3626,1,"{""other"": 1}",unclassified_source_item_metadata,[]
3627,other,CompiledRunner,r_2_32_4_2_4_64,METAL,0.0327499583363533,2197504,548928,3627,3627,1,"{""other"": 1}",unclassified_source_item_metadata,[]
3628,other,CompiledRunner,r_1536_16_128,METAL,0.017791753634810448,6709248,3166208,3628,3628,1,"{""other"": 1}",unclassified_source_item_metadata,[]
3629,other,CompiledRunner,r_16_96,METAL,0.006624963134527206,3392,6148,3629,3629,1,"{""other"": 1}",unclassified_source_item_metadata,[]
3630,other,CompiledRunner,E_16_32_3,METAL,0.00483333133161068,4608,21508,3630,3630,1,"{""other"": 1}",unclassified_source_item_metadata,[]
3631,other,CompiledRunner,r_16_96,METAL,0.006749993190169334,3392,6148,3631,3631,1,"{""other"": 1}",unclassified_source_item_metadata,[]
3632,other,CompiledRunner,r_128_32_3_384_4,METAL,0.10800000745803118,44064768,18981892,3632,3632,1,"{""other"": 1}",unclassified_source_item_metadata,[]
3633,other,CompiledRunner,r_1536_16_384,METAL,0.1019167248159647,113664000,9498624,3633,3633,1,"{""other"": 1}",unclassified_source_item_metadata,[]
3634,other,CompiledRunner,r_16_96,METAL,0.006625079549849033,3392,6148,3634,3634,1,"{""other"": 1}",unclassified_source_item_metadata,[]
3635,other,CompiledRunner,E_16_32_3,METAL,0.005041714757680893,4608,21508,3635,3635,1,"{""other"": 1}",unclassified_source_item_metadata,[]
3636,other,CompiledRunner,r_256_16_96n12,METAL,0.009124982170760632,897024,417792,3636,3636,1,"{""other"": 1}",unclassified_source_item_metadata,[]
3637,other,CompiledRunner,r_1536_16_16n1,METAL,0.007041613571345806,1204224,406528,3637,3637,1,"{""other"": 1}",unclassified_source_item_metadata,[]
3638,other,CompiledRunner,r_16_96,METAL,0.005625071935355663,3392,6148,3638,3638,1,"{""other"": 1}",unclassified_source_item_metadata,[]
3639,other,CompiledRunner,E_16_32_3n1,METAL,0.004166737198829651,6144,21510,3639,3639,1,"{""other"": 1}",unclassified_source_item_metadata,[]
3640,other,CompiledRunner,r_16_96,METAL,0.005583395250141621,3392,6148,3640,3640,1,"{""other"": 1}",unclassified_source_item_metadata,[]
3641,other,CompiledRunner,r_2048_16_96,METAL,0.03774999640882015,10027008,3171332,3641,3641,1,"{""other"": 1}",unclassified_source_item_metadata,[]
3642,other,CompiledRunner,r_8_16_16,METAL,0.004375004209578037,6656,8224,3642,3642,1,"{""other"": 1}",unclassified_source_item_metadata,[]
3643,other,CompiledRunner,E_16_2_16_4,METAL,0.026958296075463295,37888,16928,3643,3643,1,"{""other"": 1}",unclassified_source_item_metadata,[]
3644,other,CompiledRunner,r_4_32_4_2_4_32,METAL,0.1160833053290844,2097152,548864,3644,3644,1,"{""other"": 1}",unclassified_source_item_metadata,[]
3645,other,CompiledRunner,r_8_16_32,METAL,0.12574996799230576,12288,16416,3645,3645,1,"{""other"": 1}",unclassified_source_item_metadata,[]
3646,other,CompiledRunner,r_8_16_32n1,METAL,0.38104166742414236,18560,16448,3646,3646,1,"{""other"": 1}",unclassified_source_item_metadata,[]
3647,other,CompiledRunner,r_2_32_4_2_4_64,METAL,0.035916571505367756,2197504,548928,3647,3647,1,"{""other"": 1}",unclassified_source_item_metadata,[]
3648,other,CompiledRunner,r_1536_16_128,METAL,0.01666671596467495,6709248,3166208,3648,3648,1,"{""other"": 1}",unclassified_source_item_metadata,[]
3649,other,CompiledRunner,r_16_96,METAL,0.006166636012494564,3392,6148,3649,3649,1,"{""other"": 1}",unclassified_source_item_metadata,[]
3650,other,CompiledRunner,E_16_32_3,METAL,0.00483333133161068,4608,21508,3650,3650,1,"{""other"": 1}",unclassified_source_item_metadata,[]
3651,other,CompiledRunner,r_16_96,METAL,0.006291666068136692,3392,6148,3651,3651,1,"{""other"": 1}",unclassified_source_item_metadata,[]
3652,other,CompiledRunner,r_128_32_3_384_4,METAL,0.10249996557831764,44064768,18981892,3652,3652,1,"{""other"": 1}",unclassified_source_item_metadata,[]
3653,other,CompiledRunner,r_1536_16_384,METAL,0.10170834138989449,113664000,9498624,3653,3653,1,"{""other"": 1}",unclassified_source_item_metadata,[]
3654,other,CompiledRunner,r_16_96,METAL,0.006249989382922649,3392,6148,3654,3654,1,"{""other"": 1}",unclassified_source_item_metadata,[]
3655,other,CompiledRunner,E_16_32_3,METAL,0.00441668089479208,4608,21508,3655,3655,1,"{""other"": 1}",unclassified_source_item_metadata,[]
3656,other,CompiledRunner,r_256_16_96n13,METAL,0.008958391845226288,897024,417792,3656,3656,1,"{""other"": 1}",unclassified_source_item_metadata,[]
3657,other,CompiledRunner,r_1536_16_16n1,METAL,0.007333350367844105,1204224,406528,3657,3657,1,"{""other"": 1}",unclassified_source_item_metadata,[]
3658,other,CompiledRunner,r_16_96,METAL,0.006541726179420948,3392,6148,3658,3658,1,"{""other"": 1}",unclassified_source_item_metadata,[]
3659,other,CompiledRunner,E_16_32_3n1,METAL,0.004958361387252808,6144,21510,3659,3659,1,"{""other"": 1}",unclassified_source_item_metadata,[]
3660,other,CompiledRunner,r_16_96,METAL,0.006666639819741249,3392,6148,3660,3660,1,"{""other"": 1}",unclassified_source_item_metadata,[]
3661,other,CompiledRunner,r_256_16_96,METAL,0.009791692718863487,1253376,404484,3661,3661,1,"{""other"": 1}",unclassified_source_item_metadata,[]
3662,other,CompiledRunner,r_16_16,METAL,0.004875008016824722,832,1028,3662,3662,1,"{""other"": 1}",unclassified_source_item_metadata,[]
3663,other,CompiledRunner,E_2_32_4,METAL,0.012833275832235813,8768,2564,3663,3663,1,"{""other"": 1}",unclassified_source_item_metadata,[]
3664,other,CompiledRunner,E_192_4_8_16_4,METAL,0.007083290256559849,0,3145732,3664,3664,1,"{""other"": 1}",unclassified_source_item_metadata,[]
3665,other,CompiledRunner,E_1120_4_8_16_4,METAL,0.013999990187585354,0,18350084,3665,3665,1,"{""other"": 1}",unclassified_source_item_metadata,[]
3666,other,CompiledRunner,r_1536_16_16,METAL,0.007708324119448662,811008,1579008,3666,3666,1,"{""other"": 1}",unclassified_source_item_metadata,[]
3667,other,CompiledRunner,r_16_96,METAL,0.006500049494206905,3392,6148,3667,3667,1,"{""other"": 1}",unclassified_source_item_metadata,[]
3668,other,CompiledRunner,r_70_32_4_384_4,METAL,0.11487491428852081,27543040,13840384,3668,3668,1,"{""other"": 1}",unclassified_source_item_metadata,[]
3669,other,CompiledRunner,r_2048_16_96,METAL,0.02162496093660593,10027008,3171332,3669,3669,1,"{""other"": 1}",unclassified_source_item_metadata,[]
3670,other,CompiledRunner,r_35_16_16,METAL,0.00483333133161068,29120,35980,3670,3670,1,"{""other"": 1}",unclassified_source_item_metadata,[]
3671,other,CompiledRunner,r_8_16_16,METAL,0.004749977961182594,6656,8224,3671,3671,1,"{""other"": 1}",unclassified_source_item_metadata,[]
3672,other,CompiledRunner,r_35_4_16_4_64_4,METAL,0.025000073947012424,2338560,9247372,3672,3672,1,"{""other"": 1}",unclassified_source_item_metadata,[]
3673,other,CompiledRunner,E_16_2_16_4,METAL,0.0322083942592144,37888,16928,3673,3673,1,"{""other"": 1}",unclassified_source_item_metadata,[]
3674,other,CompiledRunner,r_4_32_4_2_4_32,METAL,0.05079165566712618,2097152,548864,3674,3674,1,"{""other"": 1}",unclassified_source_item_metadata,[]
3675,other,CompiledRunner,r_8_16_32,METAL,0.00600004568696022,12288,16416,3675,3675,1,"{""other"": 1}",unclassified_source_item_metadata,[]
3676,other,CompiledRunner,r_8_16_32n1,METAL,0.11033331975340843,18560,16448,3676,3676,1,"{""other"": 1}",unclassified_source_item_metadata,[]
3677,other,CompiledRunner,r_2_32_4_2_4_64,METAL,0.15662505757063627,2197504,548928,3677,3677,1,"{""other"": 1}",unclassified_source_item_metadata,[]
3678,other,CompiledRunner,r_1536_16_128,METAL,0.372833339497447,6709248,3166208,3678,3678,1,"{""other"": 1}",unclassified_source_item_metadata,[]
3679,other,CompiledRunner,r_16_96,METAL,0.007833237759768963,3392,6148,3679,3679,1,"{""other"": 1}",unclassified_source_item_metadata,[]
3680,other,CompiledRunner,E_16_32_3,METAL,0.005791662260890007,4608,21508,3680,3680,1,"{""other"": 1}",unclassified_source_item_metadata,[]
3681,other,CompiledRunner,r_16_96,METAL,0.008083297871053219,3392,6148,3681,3681,1,"{""other"": 1}",unclassified_source_item_metadata,[]
3682,other,CompiledRunner,r_128_32_3_384_4,METAL,0.13512489385902882,44064768,18981892,3682,3682,1,"{""other"": 1}",unclassified_source_item_metadata,[]
3683,other,CompiledRunner,r_1536_16_384,METAL,0.13299996498972178,113664000,9498624,3683,3683,1,"{""other"": 1}",unclassified_source_item_metadata,[]
3684,other,CompiledRunner,r_16_96,METAL,0.008624978363513947,3392,6148,3684,3684,1,"{""other"": 1}",unclassified_source_item_metadata,[]
3685,other,CompiledRunner,E_16_32_3,METAL,0.00641669612377882,4608,21508,3685,3685,1,"{""other"": 1}",unclassified_source_item_metadata,[]
3686,other,CompiledRunner,r_256_16_96n1,METAL,0.012750038877129555,897024,417792,3686,3686,1,"{""other"": 1}",unclassified_source_item_metadata,[]
3687,other,CompiledRunner,r_1536_16_16n1,METAL,0.009124982170760632,1204224,406528,3687,3687,1,"{""other"": 1}",unclassified_source_item_metadata,[]
3688,other,CompiledRunner,r_16_96,METAL,0.00858341809362173,3392,6148,3688,3688,1,"{""other"": 1}",unclassified_source_item_metadata,[]
3689,other,CompiledRunner,E_16_32_3n1,METAL,0.006624963134527206,6144,21510,3689,3689,1,"{""other"": 1}",unclassified_source_item_metadata,[]
3690,other,CompiledRunner,r_16_96,METAL,0.006749993190169334,3392,6148,3690,3690,1,"{""other"": 1}",unclassified_source_item_metadata,[]
3691,other,CompiledRunner,r_2048_16_96,METAL,0.022000051103532314,10027008,3171332,3691,3691,1,"{""other"": 1}",unclassified_source_item_metadata,[]
3692,other,CompiledRunner,r_8_16_16,METAL,0.004999921657145023,6656,8224,3692,3692,1,"{""other"": 1}",unclassified_source_item_metadata,[]
3693,other,CompiledRunner,E_16_2_16_4,METAL,0.0071249669417738914,37888,16928,3693,3693,1,"{""other"": 1}",unclassified_source_item_metadata,[]
3694,other,CompiledRunner,r_4_32_4_2_4_32,METAL,0.018000020645558834,2097152,548864,3694,3694,1,"{""other"": 1}",unclassified_source_item_metadata,[]
3695,other,CompiledRunner,r_8_16_32,METAL,0.005249981768429279,12288,16416,3695,3695,1,"{""other"": 1}",unclassified_source_item_metadata,[]
3696,other,CompiledRunner,r_8_16_32n1,METAL,0.006083282642066479,18560,16448,3696,3696,1,"{""other"": 1}",unclassified_source_item_metadata,[]
3697,other,CompiledRunner,r_2_32_4_2_4_64,METAL,0.03250001464039087,2197504,548928,3697,3697,1,"{""other"": 1}",unclassified_source_item_metadata,[]
3698,other,CompiledRunner,r_1536_16_128,METAL,0.01750001683831215,6709248,3166208,3698,3698,1,"{""other"": 1}",unclassified_source_item_metadata,[]
3699,other,CompiledRunner,r_16_96,METAL,0.006749993190169334,3392,6148,3699,3699,1,"{""other"": 1}",unclassified_source_item_metadata,[]
3700,other,CompiledRunner,E_16_32_3,METAL,0.00483333133161068,4608,21508,3700,3700,1,"{""other"": 1}",unclassified_source_item_metadata,[]
3701,other,CompiledRunner,r_16_96,METAL,0.006625079549849033,3392,6148,3701,3701,1,"{""other"": 1}",unclassified_source_item_metadata,[]
3702,other,CompiledRunner,r_128_32_3_384_4,METAL,0.10499998461455107,44064768,18981892,3702,3702,1,"{""other"": 1}",unclassified_source_item_metadata,[]
3703,other,CompiledRunner,r_1536_16_384,METAL,0.10212499182671309,113664000,9498624,3703,3703,1,"{""other"": 1}",unclassified_source_item_metadata,[]
3704,other,CompiledRunner,r_16_96,METAL,0.09654171299189329,3392,6148,3704,3704,1,"{""other"": 1}",unclassified_source_item_metadata,[]
3705,other,CompiledRunner,E_16_32_3,METAL,0.005041598342359066,4608,21508,3705,3705,1,"{""other"": 1}",unclassified_source_item_metadata,[]
3706,other,CompiledRunner,r_256_16_96n2,METAL,0.07950002327561378,897024,417792,3706,3706,1,"{""other"": 1}",unclassified_source_item_metadata,[]
3707,other,CompiledRunner,r_1536_16_16n1,METAL,0.6090833339840174,1204224,406528,3707,3707,1,"{""other"": 1}",unclassified_source_item_metadata,[]
3708,other,CompiledRunner,r_16_96,METAL,0.0077500008046627045,3392,6148,3708,3708,1,"{""other"": 1}",unclassified_source_item_metadata,[]
3709,other,CompiledRunner,E_16_32_3n1,METAL,0.006125075742602348,6144,21510,3709,3709,1,"{""other"": 1}",unclassified_source_item_metadata,[]
3710,other,CompiledRunner,r_16_96,METAL,0.0077500008046627045,3392,6148,3710,3710,1,"{""other"": 1}",unclassified_source_item_metadata,[]
3711,other,CompiledRunner,r_2048_16_96,METAL,0.027125002816319466,10027008,3171332,3711,3711,1,"{""other"": 1}",unclassified_source_item_metadata,[]
3712,other,CompiledRunner,r_8_16_16,METAL,0.005625071935355663,6656,8224,3712,3712,1,"{""other"": 1}",unclassified_source_item_metadata,[]
3713,other,CompiledRunner,E_16_2_16_4,METAL,0.008041621185839176,37888,16928,3713,3713,1,"{""other"": 1}",unclassified_source_item_metadata,[]
3714,other,CompiledRunner,r_4_32_4_2_4_32,METAL,0.02308341208845377,2097152,548864,3714,3714,1,"{""other"": 1}",unclassified_source_item_metadata,[]
3715,other,CompiledRunner,r_8_16_32,METAL,0.006500049494206905,12288,16416,3715,3715,1,"{""other"": 1}",unclassified_source_item_metadata,[]
3716,other,CompiledRunner,r_8_16_32n1,METAL,0.007625087164342403,18560,16448,3716,3716,1,"{""other"": 1}",unclassified_source_item_metadata,[]
3717,other,CompiledRunner,r_2_32_4_2_4_64,METAL,0.04141661338508129,2197504,548928,3717,3717,1,"{""other"": 1}",unclassified_source_item_metadata,[]
3718,other,CompiledRunner,r_1536_16_128,METAL,0.0226249685510993,6709248,3166208,3718,3718,1,"{""other"": 1}",unclassified_source_item_metadata,[]
3719,other,CompiledRunner,r_16_96,METAL,0.008499948307871819,3392,6148,3719,3719,1,"{""other"": 1}",unclassified_source_item_metadata,[]
3720,other,CompiledRunner,E_16_32_3,METAL,0.006208312697708607,4608,21508,3720,3720,1,"{""other"": 1}",unclassified_source_item_metadata,[]
3721,other,CompiledRunner,r_16_96,METAL,0.008499948307871819,3392,6148,3721,3721,1,"{""other"": 1}",unclassified_source_item_metadata,[]
3722,other,CompiledRunner,r_128_32_3_384_4,METAL,0.1420000335201621,44064768,18981892,3722,3722,1,"{""other"": 1}",unclassified_source_item_metadata,[]
3723,other,CompiledRunner,r_1536_16_384,METAL,0.1330000814050436,113664000,9498624,3723,3723,1,"{""other"": 1}",unclassified_source_item_metadata,[]
3724,other,CompiledRunner,r_16_96,METAL,0.008458271622657776,3392,6148,3724,3724,1,"{""other"": 1}",unclassified_source_item_metadata,[]
3725,other,CompiledRunner,E_16_32_3,METAL,0.006125075742602348,4608,21508,3725,3725,1,"{""other"": 1}",unclassified_source_item_metadata,[]
3726,other,CompiledRunner,r_256_16_96n3,METAL,0.012625008821487427,897024,417792,3726,3726,1,"{""other"": 1}",unclassified_source_item_metadata,[]
3727,other,CompiledRunner,r_1536_16_16n1,METAL,0.008750008419156075,1204224,406528,3727,3727,1,"{""other"": 1}",unclassified_source_item_metadata,[]
3728,other,CompiledRunner,r_16_96,METAL,0.008624978363513947,3392,6148,3728,3728,1,"{""other"": 1}",unclassified_source_item_metadata,[]
3729,other,CompiledRunner,E_16_32_3n1,METAL,0.006375019438564777,6144,21510,3729,3729,1,"{""other"": 1}",unclassified_source_item_metadata,[]
3730,other,CompiledRunner,r_16_96,METAL,0.00866665504872799,3392,6148,3730,3730,1,"{""other"": 1}",unclassified_source_item_metadata,[]
3731,other,CompiledRunner,r_2048_16_96,METAL,0.02775003667920828,10027008,3171332,3731,3731,1,"{""other"": 1}",unclassified_source_item_metadata,[]
3732,other,CompiledRunner,r_8_16_16,METAL,0.006249989382922649,6656,8224,3732,3732,1,"{""other"": 1}",unclassified_source_item_metadata,[]
3733,other,CompiledRunner,E_16_2_16_4,METAL,0.03320840187370777,37888,16928,3733,3733,1,"{""other"": 1}",unclassified_source_item_metadata,[]
3734,other,CompiledRunner,r_4_32_4_2_4_32,METAL,0.06412493530660868,2097152,548864,3734,3734,1,"{""other"": 1}",unclassified_source_item_metadata,[]
3735,other,CompiledRunner,r_8_16_32,METAL,0.00883336178958416,12288,16416,3735,3735,1,"{""other"": 1}",unclassified_source_item_metadata,[]
3736,other,CompiledRunner,r_8_16_32n1,METAL,0.07512501906603575,18560,16448,3736,3736,1,"{""other"": 1}",unclassified_source_item_metadata,[]
3737,other,CompiledRunner,r_2_32_4_2_4_64,METAL,0.1564583508297801,2197504,548928,3737,3737,1,"{""other"": 1}",unclassified_source_item_metadata,[]
3738,other,CompiledRunner,r_1536_16_128,METAL,0.5474999779835343,6709248,3166208,3738,3738,1,"{""other"": 1}",unclassified_source_item_metadata,[]
3739,other,CompiledRunner,r_16_96,METAL,0.012625008821487427,3392,6148,3739,3739,1,"{""other"": 1}",unclassified_source_item_metadata,[]
3740,other,CompiledRunner,E_16_32_3,METAL,0.008624978363513947,4608,21508,3740,3740,1,"{""other"": 1}",unclassified_source_item_metadata,[]
3741,other,CompiledRunner,r_16_96,METAL,0.008083297871053219,3392,6148,3741,3741,1,"{""other"": 1}",unclassified_source_item_metadata,[]
3742,other,CompiledRunner,r_128_32_3_384_4,METAL,0.13662490528076887,44064768,18981892,3742,3742,1,"{""other"": 1}",unclassified_source_item_metadata,[]
3743,other,CompiledRunner,r_1536_16_384,METAL,0.13333337847143412,113664000,9498624,3743,3743,1,"{""other"": 1}",unclassified_source_item_metadata,[]
3744,other,CompiledRunner,r_16_96,METAL,0.00841671135276556,3392,6148,3744,3744,1,"{""other"": 1}",unclassified_source_item_metadata,[]
3745,other,CompiledRunner,E_16_32_3,METAL,0.006249989382922649,4608,21508,3745,3745,1,"{""other"": 1}",unclassified_source_item_metadata,[]
3746,other,CompiledRunner,r_256_16_96n4,METAL,0.012625008821487427,897024,417792,3746,3746,1,"{""other"": 1}",unclassified_source_item_metadata,[]
3747,other,CompiledRunner,r_1536_16_16n1,METAL,0.009499955922365189,1204224,406528,3747,3747,1,"{""other"": 1}",unclassified_source_item_metadata,[]
3748,other,CompiledRunner,r_16_96,METAL,0.008375034667551517,3392,6148,3748,3748,1,"{""other"": 1}",unclassified_source_item_metadata,[]
3749,other,CompiledRunner,E_16_32_3n1,METAL,0.006249989382922649,6144,21510,3749,3749,1,"{""other"": 1}",unclassified_source_item_metadata,[]
3750,other,CompiledRunner,r_16_96,METAL,0.008625094778835773,3392,6148,3750,3750,1,"{""other"": 1}",unclassified_source_item_metadata,[]
3751,other,CompiledRunner,r_32_32_4_384_4,METAL,0.16612501349300146,14163968,6333444,3751,3751,1,"{""other"": 1}",unclassified_source_item_metadata,[]
3752,other,CompiledRunner,r_8_16_32n2,METAL,0.0073749106377363205,10752,16416,3752,3752,1,"{""other"": 1}",unclassified_source_item_metadata,[]
3753,other,CompiledRunner,E_8_2_16_4_4,METAL,0.020583276636898518,95488,33824,3753,3753,1,"{""other"": 1}",unclassified_source_item_metadata,[]
3754,other,CompiledRunner,r_8_(gemma_start_pos_window+1)_16_32,METAL,0.022166641429066658,7208960,1482784,3754,3754,1,"{""other"": 1}",unclassified_source_item_metadata,[]
3755,other,CompiledRunner,r_2_4_(gemma_start_pos_window+1),METAL,0.2581666922196746,11266,22560,3755,3755,1,"{""other"": 1}",unclassified_source_item_metadata,[]
3756,other,CompiledRunner,r_2_4_(gemma_start_pos_window+1)n1,METAL,0.2797500928863883,22538,22592,3756,3756,1,"{""other"": 1}",unclassified_source_item_metadata,[]
3757,other,CompiledRunner,E_(gemma_start_pos_window+1)_2_4,METAL,0.00741670373827219,22528,45120,3757,3757,1,"{""other"": 1}",unclassified_source_item_metadata,[]
3758,other,CompiledRunner,r_8_2_16_4_4_(gemma_start_pos_window+1),METAL,0.616708304733038,5767424,1482784,3758,3758,1,"{""other"": 1}",unclassified_source_item_metadata,[]
3759,other,CompiledRunner,r_1536_16_256,METAL,0.6790417246520519,13000704,6320128,3759,3759,1,"{""other"": 1}",unclassified_source_item_metadata,[]
3760,other,CompiledRunner,r_16_96,METAL,0.0117915915325284,3392,6148,3760,3760,1,"{""other"": 1}",unclassified_source_item_metadata,[]
3761,other,CompiledRunner,E_16_32_3,METAL,0.00866665504872799,4608,21508,3761,3761,1,"{""other"": 1}",unclassified_source_item_metadata,[]
3762,other,CompiledRunner,r_16_96,METAL,0.012125005014240742,3392,6148,3762,3762,1,"{""other"": 1}",unclassified_source_item_metadata,[]
3763,other,CompiledRunner,r_128_32_3_384_4,METAL,0.19370822701603174,44064768,18981892,3763,3763,1,"{""other"": 1}",unclassified_source_item_metadata,[]
3764,other,CompiledRunner,r_1536_16_384,METAL,0.19020831678062677,113664000,9498624,3764,3764,1,"{""other"": 1}",unclassified_source_item_metadata,[]
3765,other,CompiledRunner,r_16_96,METAL,0.01183338463306427,3392,6148,3765,3765,1,"{""other"": 1}",unclassified_source_item_metadata,[]
3766,other,CompiledRunner,E_16_32_3,METAL,0.008624978363513947,4608,21508,3766,3766,1,"{""other"": 1}",unclassified_source_item_metadata,[]
3767,other,CompiledRunner,r_256_16_96n5,METAL,0.01720828004181385,897024,417792,3767,3767,1,"{""other"": 1}",unclassified_source_item_metadata,[]
3768,other,CompiledRunner,r_1536_16_16n1,METAL,0.012499978765845299,1204224,406528,3768,3768,1,"{""other"": 1}",unclassified_source_item_metadata,[]
3769,other,CompiledRunner,r_16_96,METAL,0.011874944902956486,3392,6148,3769,3769,1,"{""other"": 1}",unclassified_source_item_metadata,[]
3770,other,CompiledRunner,E_16_32_3n1,METAL,0.009041628800332546,6144,21510,3770,3770,1,"{""other"": 1}",unclassified_source_item_metadata,[]
3771,other,CompiledRunner,r_16_96,METAL,0.01225003506988287,3392,6148,3771,3771,1,"{""other"": 1}",unclassified_source_item_metadata,[]
3772,other,CompiledRunner,r_2048_16_96,METAL,0.04095828626304865,10027008,3171332,3772,3772,1,"{""other"": 1}",unclassified_source_item_metadata,[]
3773,other,CompiledRunner,r_8_16_16,METAL,0.006125075742602348,6656,8224,3773,3773,1,"{""other"": 1}",unclassified_source_item_metadata,[]
3774,other,CompiledRunner,E_16_2_16_4,METAL,0.008625094778835773,37888,16928,3774,3774,1,"{""other"": 1}",unclassified_source_item_metadata,[]
3775,other,CompiledRunner,r_4_32_4_2_4_32,METAL,0.022875028662383556,2097152,548864,3775,3775,1,"{""other"": 1}",unclassified_source_item_metadata,[]
3776,other,CompiledRunner,r_8_16_32,METAL,0.006458256393671036,12288,16416,3776,3776,1,"{""other"": 1}",unclassified_source_item_metadata,[]
3777,other,CompiledRunner,r_8_16_32n1,METAL,0.00783335417509079,18560,16448,3777,3777,1,"{""other"": 1}",unclassified_source_item_metadata,[]
3778,other,CompiledRunner,r_2_32_4_2_4_64,METAL,0.04137493669986725,2197504,548928,3778,3778,1,"{""other"": 1}",unclassified_source_item_metadata,[]
3779,other,CompiledRunner,r_1536_16_128,METAL,0.022416585125029087,6709248,3166208,3779,3779,1,"{""other"": 1}",unclassified_source_item_metadata,[]
3780,other,CompiledRunner,r_16_96,METAL,0.008500064723193645,3392,6148,3780,3780,1,"{""other"": 1}",unclassified_source_item_metadata,[]
3781,other,CompiledRunner,E_16_32_3,METAL,0.006249989382922649,4608,21508,3781,3781,1,"{""other"": 1}",unclassified_source_item_metadata,[]
3782,other,CompiledRunner,r_16_96,METAL,0.008750008419156075,3392,6148,3782,3782,1,"{""other"": 1}",unclassified_source_item_metadata,[]
3783,other,CompiledRunner,r_128_32_3_384_4,METAL,0.13724993914365768,44064768,18981892,3783,3783,1,"{""other"": 1}",unclassified_source_item_metadata,[]
3784,other,CompiledRunner,r_1536_16_384,METAL,0.13225001748651266,113664000,9498624,3784,3784,1,"{""other"": 1}",unclassified_source_item_metadata,[]
3785,other,CompiledRunner,r_16_96,METAL,0.008750008419156075,3392,6148,3785,3785,1,"{""other"": 1}",unclassified_source_item_metadata,[]
3786,other,CompiledRunner,E_16_32_3,METAL,0.007708324119448662,4608,21508,3786,3786,1,"{""other"": 1}",unclassified_source_item_metadata,[]
3787,other,CompiledRunner,r_256_16_96n6,METAL,0.015625031664967537,897024,417792,3787,3787,1,"{""other"": 1}",unclassified_source_item_metadata,[]
3788,other,CompiledRunner,r_1536_16_16n1,METAL,0.0108333770185709,1204224,406528,3788,3788,1,"{""other"": 1}",unclassified_source_item_metadata,[]
3789,other,CompiledRunner,r_16_96,METAL,0.012125005014240742,3392,6148,3789,3789,1,"{""other"": 1}",unclassified_source_item_metadata,[]
3790,other,CompiledRunner,E_16_32_3n1,METAL,0.00883336178958416,6144,21510,3790,3790,1,"{""other"": 1}",unclassified_source_item_metadata,[]
3791,other,CompiledRunner,r_16_96,METAL,0.01200009137392044,3392,6148,3791,3791,1,"{""other"": 1}",unclassified_source_item_metadata,[]
3792,other,CompiledRunner,r_2048_16_96,METAL,0.03883335739374161,10027008,3171332,3792,3792,1,"{""other"": 1}",unclassified_source_item_metadata,[]
3793,other,CompiledRunner,r_8_16_16,METAL,0.008750008419156075,6656,8224,3793,3793,1,"{""other"": 1}",unclassified_source_item_metadata,[]
3794,other,CompiledRunner,E_16_2_16_4,METAL,0.01237494871020317,37888,16928,3794,3794,1,"{""other"": 1}",unclassified_source_item_metadata,[]
3795,other,CompiledRunner,r_4_32_4_2_4_32,METAL,0.031624920666217804,2097152,548864,3795,3795,1,"{""other"": 1}",unclassified_source_item_metadata,[]
3796,other,CompiledRunner,r_8_16_32,METAL,0.008999952115118504,12288,16416,3796,3796,1,"{""other"": 1}",unclassified_source_item_metadata,[]
3797,other,CompiledRunner,r_8_16_32n1,METAL,0.01066667027771473,18560,16448,3797,3797,1,"{""other"": 1}",unclassified_source_item_metadata,[]
3798,other,CompiledRunner,r_2_32_4_2_4_64,METAL,0.056708347983658314,2197504,548928,3798,3798,1,"{""other"": 1}",unclassified_source_item_metadata,[]
3799,other,CompiledRunner,r_1536_16_128,METAL,0.032125040888786316,6709248,3166208,3799,3799,1,"{""other"": 1}",unclassified_source_item_metadata,[]
3800,other,CompiledRunner,r_16_96,METAL,0.012249918654561043,3392,6148,3800,3800,1,"{""other"": 1}",unclassified_source_item_metadata,[]
3801,other,CompiledRunner,E_16_32_3,METAL,0.008500064723193645,4608,21508,3801,3801,1,"{""other"": 1}",unclassified_source_item_metadata,[]
3802,other,CompiledRunner,r_16_96,METAL,0.0117915915325284,3392,6148,3802,3802,1,"{""other"": 1}",unclassified_source_item_metadata,[]
3803,other,CompiledRunner,r_128_32_3_384_4,METAL,0.19587494898587465,44064768,18981892,3803,3803,1,"{""other"": 1}",unclassified_source_item_metadata,[]
3804,other,CompiledRunner,r_1536_16_384,METAL,0.19033323042094707,113664000,9498624,3804,3804,1,"{""other"": 1}",unclassified_source_item_metadata,[]
3805,other,CompiledRunner,r_16_96,METAL,0.011916738003492355,3392,6148,3805,3805,1,"{""other"": 1}",unclassified_source_item_metadata,[]
3806,other,CompiledRunner,E_16_32_3,METAL,0.009124982170760632,4608,21508,3806,3806,1,"{""other"": 1}",unclassified_source_item_metadata,[]
3807,other,CompiledRunner,r_256_16_96n7,METAL,0.017625046893954277,897024,417792,3807,3807,1,"{""other"": 1}",unclassified_source_item_metadata,[]
3808,other,CompiledRunner,r_1536_16_16n1,METAL,0.012874952517449856,1204224,406528,3808,3808,1,"{""other"": 1}",unclassified_source_item_metadata,[]
3809,other,CompiledRunner,r_16_96,METAL,0.011874944902956486,3392,6148,3809,3809,1,"{""other"": 1}",unclassified_source_item_metadata,[]
3810,other,CompiledRunner,E_16_32_3n1,METAL,0.009083305485546589,6144,21510,3810,3810,1,"{""other"": 1}",unclassified_source_item_metadata,[]
3811,other,CompiledRunner,r_16_96,METAL,0.011874944902956486,3392,6148,3811,3811,1,"{""other"": 1}",unclassified_source_item_metadata,[]
3812,other,CompiledRunner,r_2048_16_96,METAL,0.039958395063877106,10027008,3171332,3812,3812,1,"{""other"": 1}",unclassified_source_item_metadata,[]
3813,other,CompiledRunner,r_8_16_16,METAL,0.008624978363513947,6656,8224,3813,3813,1,"{""other"": 1}",unclassified_source_item_metadata,[]
3814,other,CompiledRunner,E_16_2_16_4,METAL,0.012125005014240742,37888,16928,3814,3814,1,"{""other"": 1}",unclassified_source_item_metadata,[]
3815,other,CompiledRunner,r_4_32_4_2_4_32,METAL,0.03174995072185993,2097152,548864,3815,3815,1,"{""other"": 1}",unclassified_source_item_metadata,[]
3816,other,CompiledRunner,r_8_16_32,METAL,0.008875038474798203,12288,16416,3816,3816,1,"{""other"": 1}",unclassified_source_item_metadata,[]
3817,other,CompiledRunner,r_8_16_32n1,METAL,0.010624993592500687,18560,16448,3817,3817,1,"{""other"": 1}",unclassified_source_item_metadata,[]
3818,other,CompiledRunner,r_2_32_4_2_4_64,METAL,0.05737505853176117,2197504,548928,3818,3818,1,"{""other"": 1}",unclassified_source_item_metadata,[]
3819,other,CompiledRunner,r_1536_16_128,METAL,0.0315000070258975,6709248,3166208,3819,3819,1,"{""other"": 1}",unclassified_source_item_metadata,[]
3820,other,CompiledRunner,r_16_96,METAL,0.011999974958598614,3392,6148,3820,3820,1,"{""other"": 1}",unclassified_source_item_metadata,[]
3821,other,CompiledRunner,E_16_32_3,METAL,0.008583301678299904,4608,21508,3821,3821,1,"{""other"": 1}",unclassified_source_item_metadata,[]
3822,other,CompiledRunner,r_16_96,METAL,0.012125005014240742,3392,6148,3822,3822,1,"{""other"": 1}",unclassified_source_item_metadata,[]
3823,other,CompiledRunner,r_128_32_3_384_4,METAL,0.19495829474180937,44064768,18981892,3823,3823,1,"{""other"": 1}",unclassified_source_item_metadata,[]
3824,other,CompiledRunner,r_1536_16_384,METAL,0.1916666515171528,113664000,9498624,3824,3824,1,"{""other"": 1}",unclassified_source_item_metadata,[]
3825,other,CompiledRunner,r_16_96,METAL,0.011875061318278313,3392,6148,3825,3825,1,"{""other"": 1}",unclassified_source_item_metadata,[]
3826,other,CompiledRunner,E_16_32_3,METAL,0.00858341809362173,4608,21508,3826,3826,1,"{""other"": 1}",unclassified_source_item_metadata,[]
3827,other,CompiledRunner,r_256_16_96n8,METAL,0.01737498678267002,897024,417792,3827,3827,1,"{""other"": 1}",unclassified_source_item_metadata,[]
3828,other,CompiledRunner,r_1536_16_16n1,METAL,0.01337495632469654,1204224,406528,3828,3828,1,"{""other"": 1}",unclassified_source_item_metadata,[]
3829,other,CompiledRunner,r_16_96,METAL,0.012208358384668827,3392,6148,3829,3829,1,"{""other"": 1}",unclassified_source_item_metadata,[]
3830,other,CompiledRunner,E_16_32_3n1,METAL,0.008875038474798203,6144,21510,3830,3830,1,"{""other"": 1}",unclassified_source_item_metadata,[]
3831,other,CompiledRunner,r_16_96,METAL,0.011916621588170528,3392,6148,3831,3831,1,"{""other"": 1}",unclassified_source_item_metadata,[]
3832,other,CompiledRunner,r_2048_16_96,METAL,0.039791688323020935,10027008,3171332,3832,3832,1,"{""other"": 1}",unclassified_source_item_metadata,[]
3833,other,CompiledRunner,r_8_16_16,METAL,0.008750008419156075,6656,8224,3833,3833,1,"{""other"": 1}",unclassified_source_item_metadata,[]
3834,other,CompiledRunner,E_16_2_16_4,METAL,0.012499978765845299,37888,16928,3834,3834,1,"{""other"": 1}",unclassified_source_item_metadata,[]
3835,other,CompiledRunner,r_4_32_4_2_4_32,METAL,0.03158336039632559,2097152,548864,3835,3835,1,"{""other"": 1}",unclassified_source_item_metadata,[]
3836,other,CompiledRunner,r_8_16_32,METAL,0.009083305485546589,12288,16416,3836,3836,1,"{""other"": 1}",unclassified_source_item_metadata,[]
3837,other,CompiledRunner,r_8_16_32n1,METAL,0.010583316907286644,18560,16448,3837,3837,1,"{""other"": 1}",unclassified_source_item_metadata,[]
3838,other,CompiledRunner,r_2_32_4_2_4_64,METAL,0.05687493830919266,2197504,548928,3838,3838,1,"{""other"": 1}",unclassified_source_item_metadata,[]
3839,other,CompiledRunner,r_1536_16_128,METAL,0.03175006713718176,6709248,3166208,3839,3839,1,"{""other"": 1}",unclassified_source_item_metadata,[]
3840,other,CompiledRunner,r_16_96,METAL,0.011874944902956486,3392,6148,3840,3840,1,"{""other"": 1}",unclassified_source_item_metadata,[]
3841,other,CompiledRunner,E_16_32_3,METAL,0.008750008419156075,4608,21508,3841,3841,1,"{""other"": 1}",unclassified_source_item_metadata,[]
3842,other,CompiledRunner,r_16_96,METAL,0.011625001206994057,3392,6148,3842,3842,1,"{""other"": 1}",unclassified_source_item_metadata,[]
3843,other,CompiledRunner,r_128_32_3_384_4,METAL,0.20224996842443943,44064768,18981892,3843,3843,1,"{""other"": 1}",unclassified_source_item_metadata,[]
3844,other,CompiledRunner,r_1536_16_384,METAL,0.35045831464231014,113664000,9498624,3844,3844,1,"{""other"": 1}",unclassified_source_item_metadata,[]
3845,other,CompiledRunner,r_16_96,METAL,0.037791673094034195,3392,6148,3845,3845,1,"{""other"": 1}",unclassified_source_item_metadata,[]
3846,other,CompiledRunner,E_16_32_3,METAL,0.19862502813339233,4608,21508,3846,3846,1,"{""other"": 1}",unclassified_source_item_metadata,[]
3847,other,CompiledRunner,r_256_16_96n9,METAL,0.24304166436195374,897024,417792,3847,3847,1,"{""other"": 1}",unclassified_source_item_metadata,[]
3848,other,CompiledRunner,r_1536_16_16n1,METAL,0.6311250617727637,1204224,406528,3848,3848,1,"{""other"": 1}",unclassified_source_item_metadata,[]
3849,other,CompiledRunner,r_16_96,METAL,0.011999974958598614,3392,6148,3849,3849,1,"{""other"": 1}",unclassified_source_item_metadata,[]
3850,other,CompiledRunner,E_16_32_3n1,METAL,0.009041745215654373,6144,21510,3850,3850,1,"{""other"": 1}",unclassified_source_item_metadata,[]
3851,other,CompiledRunner,r_16_96,METAL,0.011750031262636185,3392,6148,3851,3851,1,"{""other"": 1}",unclassified_source_item_metadata,[]
3852,other,CompiledRunner,r_32_32_4_384_4,METAL,0.23300002794712782,14163968,6333444,3852,3852,1,"{""other"": 1}",unclassified_source_item_metadata,[]
3853,other,CompiledRunner,r_8_16_32n2,METAL,0.010375049896538258,10752,16416,3853,3853,1,"{""other"": 1}",unclassified_source_item_metadata,[]
3854,other,CompiledRunner,E_8_2_16_4_4,METAL,0.02762500662356615,95488,33824,3854,3854,1,"{""other"": 1}",unclassified_source_item_metadata,[]
3855,other,CompiledRunner,r_8_(gemma_start_pos_window+1)_16_32,METAL,0.03187498077750206,7208960,1482784,3855,3855,1,"{""other"": 1}",unclassified_source_item_metadata,[]
3856,other,CompiledRunner,r_2_4_(gemma_start_pos_window+1),METAL,0.36337494384497404,11266,22560,3856,3856,1,"{""other"": 1}",unclassified_source_item_metadata,[]
3857,other,CompiledRunner,r_2_4_(gemma_start_pos_window+1)n1,METAL,0.39983331225812435,22538,22592,3857,3857,1,"{""other"": 1}",unclassified_source_item_metadata,[]
3858,other,CompiledRunner,E_(gemma_start_pos_window+1)_2_4,METAL,0.01037493348121643,22528,45120,3858,3858,1,"{""other"": 1}",unclassified_source_item_metadata,[]
3859,other,CompiledRunner,r_8_2_16_4_4_(gemma_start_pos_window+1),METAL,0.6620415952056646,5767424,1482784,3859,3859,1,"{""other"": 1}",unclassified_source_item_metadata,[]
3860,other,CompiledRunner,r_1536_16_256,METAL,0.16829173546284437,13000704,6320128,3860,3860,1,"{""other"": 1}",unclassified_source_item_metadata,[]
3861,other,CompiledRunner,r_16_96,METAL,0.012125005014240742,3392,6148,3861,3861,1,"{""other"": 1}",unclassified_source_item_metadata,[]
3862,other,CompiledRunner,E_16_32_3,METAL,0.2760832430794835,4608,21508,3862,3862,1,"{""other"": 1}",unclassified_source_item_metadata,[]
3863,other,CompiledRunner,r_16_96,METAL,0.2401249948889017,3392,6148,3863,3863,1,"{""other"": 1}",unclassified_source_item_metadata,[]
3864,other,CompiledRunner,r_128_32_3_384_4,METAL,0.8141249418258667,44064768,18981892,3864,3864,1,"{""other"": 1}",unclassified_source_item_metadata,[]
3865,other,CompiledRunner,r_1536_16_384,METAL,0.19024999346584082,113664000,9498624,3865,3865,1,"{""other"": 1}",unclassified_source_item_metadata,[]
3866,other,CompiledRunner,r_16_96,METAL,0.012083328329026699,3392,6148,3866,3866,1,"{""other"": 1}",unclassified_source_item_metadata,[]
3867,other,CompiledRunner,E_16_32_3,METAL,0.009999959729611874,4608,21508,3867,3867,1,"{""other"": 1}",unclassified_source_item_metadata,[]
3868,other,CompiledRunner,r_256_16_96n10,METAL,0.01737498678267002,897024,417792,3868,3868,1,"{""other"": 1}",unclassified_source_item_metadata,[]
3869,other,CompiledRunner,r_1536_16_16n1,METAL,0.01283339224755764,1204224,406528,3869,3869,1,"{""other"": 1}",unclassified_source_item_metadata,[]
3870,other,CompiledRunner,r_16_96,METAL,0.011874944902956486,3392,6148,3870,3870,1,"{""other"": 1}",unclassified_source_item_metadata,[]
3871,other,CompiledRunner,E_16_32_3n1,METAL,0.00900006853044033,6144,21510,3871,3871,1,"{""other"": 1}",unclassified_source_item_metadata,[]
3872,other,CompiledRunner,r_16_96,METAL,0.011999974958598614,3392,6148,3872,3872,1,"{""other"": 1}",unclassified_source_item_metadata,[]
3873,other,CompiledRunner,r_2048_16_96,METAL,0.040499959141016006,10027008,3171332,3873,3873,1,"{""other"": 1}",unclassified_source_item_metadata,[]
3874,other,CompiledRunner,r_8_16_16,METAL,0.008624978363513947,6656,8224,3874,3874,1,"{""other"": 1}",unclassified_source_item_metadata,[]
3875,other,CompiledRunner,E_16_2_16_4,METAL,0.01225003506988287,37888,16928,3875,3875,1,"{""other"": 1}",unclassified_source_item_metadata,[]
3876,other,CompiledRunner,r_4_32_4_2_4_32,METAL,0.031416770070791245,2097152,548864,3876,3876,1,"{""other"": 1}",unclassified_source_item_metadata,[]
3877,other,CompiledRunner,r_8_16_32,METAL,0.008958391845226288,12288,16416,3877,3877,1,"{""other"": 1}",unclassified_source_item_metadata,[]
3878,other,CompiledRunner,r_8_16_32n1,METAL,0.010749907232820988,18560,16448,3878,3878,1,"{""other"": 1}",unclassified_source_item_metadata,[]
3879,other,CompiledRunner,r_2_32_4_2_4_64,METAL,0.05674990825355053,2197504,548928,3879,3879,1,"{""other"": 1}",unclassified_source_item_metadata,[]
3880,other,CompiledRunner,r_1536_16_128,METAL,0.03216671757400036,6709248,3166208,3880,3880,1,"{""other"": 1}",unclassified_source_item_metadata,[]
3881,other,CompiledRunner,r_16_96,METAL,0.012125005014240742,3392,6148,3881,3881,1,"{""other"": 1}",unclassified_source_item_metadata,[]
3882,other,CompiledRunner,E_16_32_3,METAL,0.008500064723193645,4608,21508,3882,3882,1,"{""other"": 1}",unclassified_source_item_metadata,[]
3883,other,CompiledRunner,r_16_96,METAL,0.011999974958598614,3392,6148,3883,3883,1,"{""other"": 1}",unclassified_source_item_metadata,[]
3884,other,CompiledRunner,r_128_32_3_384_4,METAL,0.19337504636496305,44064768,18981892,3884,3884,1,"{""other"": 1}",unclassified_source_item_metadata,[]
3885,other,CompiledRunner,r_1536_16_384,METAL,0.19087502732872963,113664000,9498624,3885,3885,1,"{""other"": 1}",unclassified_source_item_metadata,[]
3886,other,CompiledRunner,r_16_96,METAL,0.012083328329026699,3392,6148,3886,3886,1,"{""other"": 1}",unclassified_source_item_metadata,[]
3887,other,CompiledRunner,E_16_32_3,METAL,0.00866665504872799,4608,21508,3887,3887,1,"{""other"": 1}",unclassified_source_item_metadata,[]
3888,other,CompiledRunner,r_256_16_96n11,METAL,0.016874982975423336,897024,417792,3888,3888,1,"{""other"": 1}",unclassified_source_item_metadata,[]
3889,other,CompiledRunner,r_1536_16_16n1,METAL,0.012499978765845299,1204224,406528,3889,3889,1,"{""other"": 1}",unclassified_source_item_metadata,[]
3890,other,CompiledRunner,r_16_96,METAL,0.012291711755096912,3392,6148,3890,3890,1,"{""other"": 1}",unclassified_source_item_metadata,[]
3891,other,CompiledRunner,E_16_32_3n1,METAL,0.00866665504872799,6144,21510,3891,3891,1,"{""other"": 1}",unclassified_source_item_metadata,[]
3892,other,CompiledRunner,r_16_96,METAL,0.012166681699454784,3392,6148,3892,3892,1,"{""other"": 1}",unclassified_source_item_metadata,[]
3893,other,CompiledRunner,r_2048_16_96,METAL,0.018416671082377434,10027008,3171332,3893,3893,1,"{""other"": 1}",unclassified_source_item_metadata,[]
3894,other,CompiledRunner,r_8_16_16,METAL,0.004083267413079739,6656,8224,3894,3894,1,"{""other"": 1}",unclassified_source_item_metadata,[]
3895,other,CompiledRunner,E_16_2_16_4,METAL,0.005749985575675964,37888,16928,3895,3895,1,"{""other"": 1}",unclassified_source_item_metadata,[]
3896,other,CompiledRunner,r_4_32_4_2_4_32,METAL,0.015291734598577023,2097152,548864,3896,3896,1,"{""other"": 1}",unclassified_source_item_metadata,[]
3897,other,CompiledRunner,r_8_16_32,METAL,0.004291650839149952,12288,16416,3897,3897,1,"{""other"": 1}",unclassified_source_item_metadata,[]
3898,other,CompiledRunner,r_8_16_32n1,METAL,0.00500003807246685,18560,16448,3898,3898,1,"{""other"": 1}",unclassified_source_item_metadata,[]
3899,other,CompiledRunner,r_2_32_4_2_4_64,METAL,0.02733338624238968,2197504,548928,3899,3899,1,"{""other"": 1}",unclassified_source_item_metadata,[]
3900,other,CompiledRunner,r_1536_16_128,METAL,0.014541554264724255,6709248,3166208,3900,3900,1,"{""other"": 1}",unclassified_source_item_metadata,[]
3901,other,CompiledRunner,r_16_96,METAL,0.005583395250141621,3392,6148,3901,3901,1,"{""other"": 1}",unclassified_source_item_metadata,[]
3902,other,CompiledRunner,E_16_32_3,METAL,0.004083267413079739,4608,21508,3902,3902,1,"{""other"": 1}",unclassified_source_item_metadata,[]
3903,other,CompiledRunner,r_16_96,METAL,0.005375011824071407,3392,6148,3903,3903,1,"{""other"": 1}",unclassified_source_item_metadata,[]
3904,other,CompiledRunner,r_128_32_3_384_4,METAL,0.08787494152784348,44064768,18981892,3904,3904,1,"{""other"": 1}",unclassified_source_item_metadata,[]
3905,other,CompiledRunner,r_1536_16_384,METAL,0.08287501987069845,113664000,9498624,3905,3905,1,"{""other"": 1}",unclassified_source_item_metadata,[]
3906,other,CompiledRunner,r_16_96,METAL,0.005499925464391708,3392,6148,3906,3906,1,"{""other"": 1}",unclassified_source_item_metadata,[]
3907,other,CompiledRunner,E_16_32_3,METAL,0.0042084138840436935,4608,21508,3907,3907,1,"{""other"": 1}",unclassified_source_item_metadata,[]
3908,other,CompiledRunner,r_256_16_96n12,METAL,0.00783335417509079,897024,417792,3908,3908,1,"{""other"": 1}",unclassified_source_item_metadata,[]
3909,other,CompiledRunner,r_1536_16_16n1,METAL,0.005958369001746178,1204224,406528,3909,3909,1,"{""other"": 1}",unclassified_source_item_metadata,[]
3910,other,CompiledRunner,r_16_96,METAL,0.006583286449313164,3392,6148,3910,3910,1,"{""other"": 1}",unclassified_source_item_metadata,[]
3911,other,CompiledRunner,E_16_32_3n1,METAL,0.09124993812292814,6144,21510,3911,3911,1,"{""other"": 1}",unclassified_source_item_metadata,[]
3912,other,CompiledRunner,r_16_96,METAL,0.014958321116864681,3392,6148,3912,3912,1,"{""other"": 1}",unclassified_source_item_metadata,[]
3913,other,CompiledRunner,r_2048_16_96,METAL,0.323499902151525,10027008,3171332,3913,3913,1,"{""other"": 1}",unclassified_source_item_metadata,[]
3914,other,CompiledRunner,r_8_16_16,METAL,0.0037082936614751816,6656,8224,3914,3914,1,"{""other"": 1}",unclassified_source_item_metadata,[]
3915,other,CompiledRunner,E_16_2_16_4,METAL,0.005291658453643322,37888,16928,3915,3915,1,"{""other"": 1}",unclassified_source_item_metadata,[]
3916,other,CompiledRunner,r_4_32_4_2_4_32,METAL,0.013791723176836967,2097152,548864,3916,3916,1,"{""other"": 1}",unclassified_source_item_metadata,[]
3917,other,CompiledRunner,r_8_16_32,METAL,0.0037499703466892242,12288,16416,3917,3917,1,"{""other"": 1}",unclassified_source_item_metadata,[]
3918,other,CompiledRunner,r_8_16_32n1,METAL,0.004666624590754509,18560,16448,3918,3918,1,"{""other"": 1}",unclassified_source_item_metadata,[]
3919,other,CompiledRunner,r_2_32_4_2_4_64,METAL,0.026666675694286823,2197504,548928,3919,3919,1,"{""other"": 1}",unclassified_source_item_metadata,[]
3920,other,CompiledRunner,r_1536_16_128,METAL,0.01466670073568821,6709248,3166208,3920,3920,1,"{""other"": 1}",unclassified_source_item_metadata,[]
3921,other,CompiledRunner,r_16_96,METAL,0.005291658453643322,3392,6148,3921,3921,1,"{""other"": 1}",unclassified_source_item_metadata,[]
3922,other,CompiledRunner,E_16_32_3,METAL,0.00400003045797348,4608,21508,3922,3922,1,"{""other"": 1}",unclassified_source_item_metadata,[]
3923,other,CompiledRunner,r_16_96,METAL,0.005291658453643322,3392,6148,3923,3923,1,"{""other"": 1}",unclassified_source_item_metadata,[]
3924,other,CompiledRunner,r_128_32_3_384_4,METAL,0.08487503509968519,44064768,18981892,3924,3924,1,"{""other"": 1}",unclassified_source_item_metadata,[]
3925,other,CompiledRunner,r_1536_16_384,METAL,0.08212495595216751,113664000,9498624,3925,3925,1,"{""other"": 1}",unclassified_source_item_metadata,[]
3926,other,CompiledRunner,r_16_96,METAL,0.005291658453643322,3392,6148,3926,3926,1,"{""other"": 1}",unclassified_source_item_metadata,[]
3927,other,CompiledRunner,E_16_32_3,METAL,0.004041590727865696,4608,21508,3927,3927,1,"{""other"": 1}",unclassified_source_item_metadata,[]
3928,other,CompiledRunner,r_256_16_96n13,METAL,0.00800006091594696,897024,417792,3928,3928,1,"{""other"": 1}",unclassified_source_item_metadata,[]
3929,other,CompiledRunner,r_1536_16_16n1,METAL,0.006166636012494564,1204224,406528,3929,3929,1,"{""other"": 1}",unclassified_source_item_metadata,[]
3930,other,CompiledRunner,r_16_96,METAL,0.005458248779177666,3392,6148,3930,3930,1,"{""other"": 1}",unclassified_source_item_metadata,[]
3931,other,CompiledRunner,E_16_32_3n1,METAL,0.004166737198829651,6144,21510,3931,3931,1,"{""other"": 1}",unclassified_source_item_metadata,[]
3932,other,CompiledRunner,r_16_96,METAL,0.005500041879713535,3392,6148,3932,3932,1,"{""other"": 1}",unclassified_source_item_metadata,[]
3933,other,CompiledRunner,r_256_16_96,METAL,0.008541624993085861,1253376,404484,3933,3933,1,"{""other"": 1}",unclassified_source_item_metadata,[]
3934,other,CompiledRunner,r_16_16,METAL,0.004125060513615608,832,1028,3934,3934,1,"{""other"": 1}",unclassified_source_item_metadata,[]
3935,other,CompiledRunner,E_2_32_4n1,METAL,0.003791647031903267,256,2052,3935,3935,1,"{""other"": 1}",unclassified_source_item_metadata,[]
3936,other,CompiledRunner,E_192_4_8_16_4,METAL,0.005625071935355663,0,3145732,3936,3936,1,"{""other"": 1}",unclassified_source_item_metadata,[]
3937,other,CompiledRunner,E_1120_4_8_16_4,METAL,0.0112500274553895,0,18350084,3937,3937,1,"{""other"": 1}",unclassified_source_item_metadata,[]
3938,other,CompiledRunner,r_1536_16_16,METAL,0.006208312697708607,811008,1579008,3938,3938,1,"{""other"": 1}",unclassified_source_item_metadata,[]
3939,other,CompiledRunner,r_16_96,METAL,0.005500041879713535,3392,6148,3939,3939,1,"{""other"": 1}",unclassified_source_item_metadata,[]
3940,other,CompiledRunner,r_70_32_4_384_4,METAL,0.09275006595999002,27543040,13840384,3940,3940,1,"{""other"": 1}",unclassified_source_item_metadata,[]
3941,other,CompiledRunner,r_2048_16_96,METAL,0.03816664684563875,10027008,3171332,3941,3941,1,"{""other"": 1}",unclassified_source_item_metadata,[]
3942,other,CompiledRunner,r_35_16_16,METAL,0.021124957129359245,29120,35980,3942,3942,1,"{""other"": 1}",unclassified_source_item_metadata,[]
3943,other,CompiledRunner,r_8_16_16,METAL,0.004083267413079739,6656,8224,3943,3943,1,"{""other"": 1}",unclassified_source_item_metadata,[]
3944,other,CompiledRunner,r_35_4_16_4_64_4,METAL,0.06445834878832102,2338560,9247372,3944,3944,1,"{""other"": 1}",unclassified_source_item_metadata,[]
3945,other,CompiledRunner,E_16_2_16_4,METAL,0.01654168590903282,37888,16928,3945,3945,1,"{""other"": 1}",unclassified_source_item_metadata,[]
3946,other,CompiledRunner,r_4_32_4_2_4_32,METAL,0.19337504636496305,2097152,548864,3946,3946,1,"{""other"": 1}",unclassified_source_item_metadata,[]
3947,other,CompiledRunner,r_8_16_32,METAL,0.003916677087545395,12288,16416,3947,3947,1,"{""other"": 1}",unclassified_source_item_metadata,[]
3948,other,CompiledRunner,r_8_16_32n1,METAL,0.004749977961182594,18560,16448,3948,3948,1,"{""other"": 1}",unclassified_source_item_metadata,[]
3949,other,CompiledRunner,r_2_32_4_2_4_64,METAL,0.02479169052094221,2197504,548928,3949,3949,1,"{""other"": 1}",unclassified_source_item_metadata,[]
3950,other,CompiledRunner,r_1536_16_128,METAL,0.013833283446729183,6709248,3166208,3950,3950,1,"{""other"": 1}",unclassified_source_item_metadata,[]
3951,other,CompiledRunner,r_16_96,METAL,0.005125068128108978,3392,6148,3951,3951,1,"{""other"": 1}",unclassified_source_item_metadata,[]
3952,other,CompiledRunner,E_16_32_3,METAL,0.0038333237171173096,4608,21508,3952,3952,1,"{""other"": 1}",unclassified_source_item_metadata,[]
3953,other,CompiledRunner,r_16_96,METAL,0.005041714757680893,3392,6148,3953,3953,1,"{""other"": 1}",unclassified_source_item_metadata,[]
3954,other,CompiledRunner,r_128_32_3_384_4,METAL,0.08637504652142525,44064768,18981892,3954,3954,1,"{""other"": 1}",unclassified_source_item_metadata,[]
3955,other,CompiledRunner,r_1536_16_384,METAL,0.08337502367794514,113664000,9498624,3955,3955,1,"{""other"": 1}",unclassified_source_item_metadata,[]
3956,other,CompiledRunner,r_16_96,METAL,0.005375011824071407,3392,6148,3956,3956,1,"{""other"": 1}",unclassified_source_item_metadata,[]
3957,other,CompiledRunner,E_16_32_3,METAL,0.0040833838284015656,4608,21508,3957,3957,1,"{""other"": 1}",unclassified_source_item_metadata,[]
3958,other,CompiledRunner,r_256_16_96n1,METAL,0.007500057108700275,897024,417792,3958,3958,1,"{""other"": 1}",unclassified_source_item_metadata,[]
3959,other,CompiledRunner,r_1536_16_16n1,METAL,0.005624955520033836,1204224,406528,3959,3959,1,"{""other"": 1}",unclassified_source_item_metadata,[]
3960,other,CompiledRunner,r_16_96,METAL,0.005541602149605751,3392,6148,3960,3960,1,"{""other"": 1}",unclassified_source_item_metadata,[]
3961,other,CompiledRunner,E_16_32_3n1,METAL,0.004208297468721867,6144,21510,3961,3961,1,"{""other"": 1}",unclassified_source_item_metadata,[]
3962,other,CompiledRunner,r_16_96,METAL,0.005458365194499493,3392,6148,3962,3962,1,"{""other"": 1}",unclassified_source_item_metadata,[]
3963,other,CompiledRunner,r_2048_16_96,METAL,0.01808337401598692,10027008,3171332,3963,3963,1,"{""other"": 1}",unclassified_source_item_metadata,[]
3964,other,CompiledRunner,r_8_16_16,METAL,0.004166620783507824,6656,8224,3964,3964,1,"{""other"": 1}",unclassified_source_item_metadata,[]
3965,other,CompiledRunner,E_16_2_16_4,METAL,0.005791662260890007,37888,16928,3965,3965,1,"{""other"": 1}",unclassified_source_item_metadata,[]
3966,other,CompiledRunner,r_4_32_4_2_4_32,METAL,0.01508335117250681,2097152,548864,3966,3966,1,"{""other"": 1}",unclassified_source_item_metadata,[]
3967,other,CompiledRunner,r_8_16_32,METAL,0.004125060513615608,12288,16416,3967,3967,1,"{""other"": 1}",unclassified_source_item_metadata,[]
3968,other,CompiledRunner,r_8_16_32n1,METAL,0.005125068128108978,18560,16448,3968,3968,1,"{""other"": 1}",unclassified_source_item_metadata,[]
3969,other,CompiledRunner,r_2_32_4_2_4_64,METAL,0.02774992026388645,2197504,548928,3969,3969,1,"{""other"": 1}",unclassified_source_item_metadata,[]
3970,other,CompiledRunner,r_1536_16_128,METAL,0.014208373613655567,6709248,3166208,3970,3970,1,"{""other"": 1}",unclassified_source_item_metadata,[]
3971,other,CompiledRunner,r_16_96,METAL,0.005499925464391708,3392,6148,3971,3971,1,"{""other"": 1}",unclassified_source_item_metadata,[]
3972,other,CompiledRunner,E_16_32_3,METAL,0.0040833838284015656,4608,21508,3972,3972,1,"{""other"": 1}",unclassified_source_item_metadata,[]
3973,other,CompiledRunner,r_16_96,METAL,0.00541668850928545,3392,6148,3973,3973,1,"{""other"": 1}",unclassified_source_item_metadata,[]
3974,other,CompiledRunner,r_128_32_3_384_4,METAL,0.09695824701339006,44064768,18981892,3974,3974,1,"{""other"": 1}",unclassified_source_item_metadata,[]
3975,other,CompiledRunner,r_1536_16_384,METAL,0.11829170398414135,113664000,9498624,3975,3975,1,"{""other"": 1}",unclassified_source_item_metadata,[]
3976,other,CompiledRunner,r_16_96,METAL,0.14370831195265055,3392,6148,3976,3976,1,"{""other"": 1}",unclassified_source_item_metadata,[]
3977,other,CompiledRunner,E_16_32_3,METAL,0.2198750153183937,4608,21508,3977,3977,1,"{""other"": 1}",unclassified_source_item_metadata,[]
3978,other,CompiledRunner,r_256_16_96n2,METAL,0.007500057108700275,897024,417792,3978,3978,1,"{""other"": 1}",unclassified_source_item_metadata,[]
3979,other,CompiledRunner,r_1536_16_16n1,METAL,0.005499925464391708,1204224,406528,3979,3979,1,"{""other"": 1}",unclassified_source_item_metadata,[]
3980,other,CompiledRunner,r_16_96,METAL,0.004875008016824722,3392,6148,3980,3980,1,"{""other"": 1}",unclassified_source_item_metadata,[]
3981,other,CompiledRunner,E_16_32_3n1,METAL,0.0038750004023313522,6144,21510,3981,3981,1,"{""other"": 1}",unclassified_source_item_metadata,[]
3982,other,CompiledRunner,r_16_96,METAL,0.005083275027573109,3392,6148,3982,3982,1,"{""other"": 1}",unclassified_source_item_metadata,[]
3983,other,CompiledRunner,r_2048_16_96,METAL,0.016791746020317078,10027008,3171332,3983,3983,1,"{""other"": 1}",unclassified_source_item_metadata,[]
3984,other,CompiledRunner,r_8_16_16,METAL,0.0036249402910470963,6656,8224,3984,3984,1,"{""other"": 1}",unclassified_source_item_metadata,[]
3985,other,CompiledRunner,E_16_2_16_4,METAL,0.00541668850928545,37888,16928,3985,3985,1,"{""other"": 1}",unclassified_source_item_metadata,[]
3986,other,CompiledRunner,r_4_32_4_2_4_32,METAL,0.013874960131943226,2097152,548864,3986,3986,1,"{""other"": 1}",unclassified_source_item_metadata,[]
3987,other,CompiledRunner,r_8_16_32,METAL,0.0072499969974160194,12288,16416,3987,3987,1,"{""other"": 1}",unclassified_source_item_metadata,[]
3988,other,CompiledRunner,r_8_16_32n1,METAL,0.008624978363513947,18560,16448,3988,3988,1,"{""other"": 1}",unclassified_source_item_metadata,[]
3989,other,CompiledRunner,r_2_32_4_2_4_64,METAL,0.046333298087120056,2197504,548928,3989,3989,1,"{""other"": 1}",unclassified_source_item_metadata,[]
3990,other,CompiledRunner,r_1536_16_128,METAL,0.027708359993994236,6709248,3166208,3990,3990,1,"{""other"": 1}",unclassified_source_item_metadata,[]
3991,other,CompiledRunner,r_16_96,METAL,0.01066667027771473,3392,6148,3991,3991,1,"{""other"": 1}",unclassified_source_item_metadata,[]
3992,other,CompiledRunner,E_16_32_3,METAL,0.00783335417509079,4608,21508,3992,3992,1,"{""other"": 1}",unclassified_source_item_metadata,[]
3993,other,CompiledRunner,r_16_96,METAL,0.012166681699454784,3392,6148,3993,3993,1,"{""other"": 1}",unclassified_source_item_metadata,[]
3994,other,CompiledRunner,r_128_32_3_384_4,METAL,0.19387505017220974,44064768,18981892,3994,3994,1,"{""other"": 1}",unclassified_source_item_metadata,[]
3995,other,CompiledRunner,r_1536_16_384,METAL,0.1892916625365615,113664000,9498624,3995,3995,1,"{""other"": 1}",unclassified_source_item_metadata,[]
3996,other,CompiledRunner,r_16_96,METAL,0.011999974958598614,3392,6148,3996,3996,1,"{""other"": 1}",unclassified_source_item_metadata,[]
3997,other,CompiledRunner,E_16_32_3,METAL,0.008750008419156075,4608,21508,3997,3997,1,"{""other"": 1}",unclassified_source_item_metadata,[]
3998,other,CompiledRunner,r_256_16_96n3,METAL,0.01733331009745598,897024,417792,3998,3998,1,"{""other"": 1}",unclassified_source_item_metadata,[]
3999,other,CompiledRunner,r_1536_16_16n1,METAL,0.012999982573091984,1204224,406528,3999,3999,1,"{""other"": 1}",unclassified_source_item_metadata,[]
4000,other,CompiledRunner,r_16_96,METAL,0.012208241969347,3392,6148,4000,4000,1,"{""other"": 1}",unclassified_source_item_metadata,[]
4001,other,CompiledRunner,E_16_32_3n1,METAL,0.008958391845226288,6144,21510,4001,4001,1,"{""other"": 1}",unclassified_source_item_metadata,[]
4002,other,CompiledRunner,r_16_96,METAL,0.011999974958598614,3392,6148,4002,4002,1,"{""other"": 1}",unclassified_source_item_metadata,[]
4003,other,CompiledRunner,r_2048_16_96,METAL,0.040499959141016006,10027008,3171332,4003,4003,1,"{""other"": 1}",unclassified_source_item_metadata,[]
4004,other,CompiledRunner,r_8_16_16,METAL,0.18829165492206812,6656,8224,4004,4004,1,"{""other"": 1}",unclassified_source_item_metadata,[]
4005,other,CompiledRunner,E_16_2_16_4,METAL,0.10249996557831764,37888,16928,4005,4005,1,"{""other"": 1}",unclassified_source_item_metadata,[]
4006,other,CompiledRunner,r_4_32_4_2_4_32,METAL,0.2385833067819476,2097152,548864,4006,4006,1,"{""other"": 1}",unclassified_source_item_metadata,[]
4007,other,CompiledRunner,r_8_16_32,METAL,0.20399992354214191,12288,16416,4007,4007,1,"{""other"": 1}",unclassified_source_item_metadata,[]
4008,other,CompiledRunner,r_8_16_32n1,METAL,0.6317499792203307,18560,16448,4008,4008,1,"{""other"": 1}",unclassified_source_item_metadata,[]
4009,other,CompiledRunner,r_2_32_4_2_4_64,METAL,0.057833269238471985,2197504,548928,4009,4009,1,"{""other"": 1}",unclassified_source_item_metadata,[]
4010,other,CompiledRunner,r_1536_16_128,METAL,0.03145833034068346,6709248,3166208,4010,4010,1,"{""other"": 1}",unclassified_source_item_metadata,[]
4011,other,CompiledRunner,r_16_96,METAL,0.0117915915325284,3392,6148,4011,4011,1,"{""other"": 1}",unclassified_source_item_metadata,[]
4012,other,CompiledRunner,E_16_32_3,METAL,0.00858341809362173,4608,21508,4012,4012,1,"{""other"": 1}",unclassified_source_item_metadata,[]
4013,other,CompiledRunner,r_16_96,METAL,0.011875061318278313,3392,6148,4013,4013,1,"{""other"": 1}",unclassified_source_item_metadata,[]
4014,other,CompiledRunner,r_128_32_3_384_4,METAL,0.1926249824464321,44064768,18981892,4014,4014,1,"{""other"": 1}",unclassified_source_item_metadata,[]
4015,other,CompiledRunner,r_1536_16_384,METAL,0.19104161765426397,113664000,9498624,4015,4015,1,"{""other"": 1}",unclassified_source_item_metadata,[]
4016,other,CompiledRunner,r_16_96,METAL,0.011750031262636185,3392,6148,4016,4016,1,"{""other"": 1}",unclassified_source_item_metadata,[]
4017,other,CompiledRunner,E_16_32_3,METAL,0.008624978363513947,4608,21508,4017,4017,1,"{""other"": 1}",unclassified_source_item_metadata,[]
4018,other,CompiledRunner,r_256_16_96n4,METAL,0.01733331009745598,897024,417792,4018,4018,1,"{""other"": 1}",unclassified_source_item_metadata,[]
4019,other,CompiledRunner,r_1536_16_16n1,METAL,0.013041659258306026,1204224,406528,4019,4019,1,"{""other"": 1}",unclassified_source_item_metadata,[]
4020,other,CompiledRunner,r_16_96,METAL,0.011874944902956486,3392,6148,4020,4020,1,"{""other"": 1}",unclassified_source_item_metadata,[]
4021,other,CompiledRunner,E_16_32_3n1,METAL,0.008875038474798203,6144,21510,4021,4021,1,"{""other"": 1}",unclassified_source_item_metadata,[]
4022,other,CompiledRunner,r_16_96,METAL,0.011958298273384571,3392,6148,4022,4022,1,"{""other"": 1}",unclassified_source_item_metadata,[]
4023,other,CompiledRunner,r_32_32_4_384_4,METAL,0.23237511049956083,14163968,6333444,4023,4023,1,"{""other"": 1}",unclassified_source_item_metadata,[]
4024,other,CompiledRunner,r_8_16_32n2,METAL,0.01025001984089613,10752,16416,4024,4024,1,"{""other"": 1}",unclassified_source_item_metadata,[]
4025,other,CompiledRunner,E_8_2_16_4_4,METAL,0.027208239771425724,95488,33824,4025,4025,1,"{""other"": 1}",unclassified_source_item_metadata,[]
4026,other,CompiledRunner,r_8_(gemma_start_pos_window+1)_16_32,METAL,0.031958334147930145,7208960,1482784,4026,4026,1,"{""other"": 1}",unclassified_source_item_metadata,[]
4027,other,CompiledRunner,r_2_4_(gemma_start_pos_window+1),METAL,0.6025416078045964,11266,22560,4027,4027,1,"{""other"": 1}",unclassified_source_item_metadata,[]
4028,other,CompiledRunner,r_2_4_(gemma_start_pos_window+1)n1,METAL,0.8017083164304495,22538,22592,4028,4028,1,"{""other"": 1}",unclassified_source_item_metadata,[]
4029,other,CompiledRunner,E_(gemma_start_pos_window+1)_2_4,METAL,0.2803750103339553,22528,45120,4029,4029,1,"{""other"": 1}",unclassified_source_item_metadata,[]
4030,other,CompiledRunner,r_8_2_16_4_4_(gemma_start_pos_window+1),METAL,0.653750030323863,5767424,1482784,4030,4030,1,"{""other"": 1}",unclassified_source_item_metadata,[]
4031,other,CompiledRunner,r_1536_16_256,METAL,0.051875016652047634,13000704,6320128,4031,4031,1,"{""other"": 1}",unclassified_source_item_metadata,[]
4032,other,CompiledRunner,r_16_96,METAL,0.012208241969347,3392,6148,4032,4032,1,"{""other"": 1}",unclassified_source_item_metadata,[]
4033,other,CompiledRunner,E_16_32_3,METAL,0.008791685104370117,4608,21508,4033,4033,1,"{""other"": 1}",unclassified_source_item_metadata,[]
4034,other,CompiledRunner,r_16_96,METAL,0.011999974958598614,3392,6148,4034,4034,1,"{""other"": 1}",unclassified_source_item_metadata,[]
4035,other,CompiledRunner,r_128_32_3_384_4,METAL,0.19762502051889896,44064768,18981892,4035,4035,1,"{""other"": 1}",unclassified_source_item_metadata,[]
4036,other,CompiledRunner,r_1536_16_384,METAL,0.19024999346584082,113664000,9498624,4036,4036,1,"{""other"": 1}",unclassified_source_item_metadata,[]
4037,other,CompiledRunner,r_16_96,METAL,0.011999974958598614,3392,6148,4037,4037,1,"{""other"": 1}",unclassified_source_item_metadata,[]
4038,other,CompiledRunner,E_16_32_3,METAL,0.008750008419156075,4608,21508,4038,4038,1,"{""other"": 1}",unclassified_source_item_metadata,[]
4039,other,CompiledRunner,r_256_16_96n5,METAL,0.017000013031065464,897024,417792,4039,4039,1,"{""other"": 1}",unclassified_source_item_metadata,[]
4040,other,CompiledRunner,r_1536_16_16n1,METAL,0.012750038877129555,1204224,406528,4040,4040,1,"{""other"": 1}",unclassified_source_item_metadata,[]
4041,other,CompiledRunner,r_16_96,METAL,0.011999974958598614,3392,6148,4041,4041,1,"{""other"": 1}",unclassified_source_item_metadata,[]
4042,other,CompiledRunner,E_16_32_3n1,METAL,0.008750008419156075,6144,21510,4042,4042,1,"{""other"": 1}",unclassified_source_item_metadata,[]
4043,other,CompiledRunner,r_16_96,METAL,0.011999974958598614,3392,6148,4043,4043,1,"{""other"": 1}",unclassified_source_item_metadata,[]
4044,other,CompiledRunner,r_2048_16_96,METAL,0.04095828626304865,10027008,3171332,4044,4044,1,"{""other"": 1}",unclassified_source_item_metadata,[]
4045,other,CompiledRunner,r_8_16_16,METAL,0.008583301678299904,6656,8224,4045,4045,1,"{""other"": 1}",unclassified_source_item_metadata,[]
4046,other,CompiledRunner,E_16_2_16_4,METAL,0.04879164043813944,37888,16928,4046,4046,1,"{""other"": 1}",unclassified_source_item_metadata,[]
4047,other,CompiledRunner,r_4_32_4_2_4_32,METAL,0.24004164151847363,2097152,548864,4047,4047,1,"{""other"": 1}",unclassified_source_item_metadata,[]
4048,other,CompiledRunner,r_8_16_32,METAL,0.07587496656924486,12288,16416,4048,4048,1,"{""other"": 1}",unclassified_source_item_metadata,[]
4049,other,CompiledRunner,r_8_16_32n1,METAL,0.2351666335016489,18560,16448,4049,4049,1,"{""other"": 1}",unclassified_source_item_metadata,[]
4050,other,CompiledRunner,r_2_32_4_2_4_64,METAL,0.2689167158678174,2197504,548928,4050,4050,1,"{""other"": 1}",unclassified_source_item_metadata,[]
4051,other,CompiledRunner,r_1536_16_128,METAL,0.5956249078735709,6709248,3166208,4051,4051,1,"{""other"": 1}",unclassified_source_item_metadata,[]
4052,other,CompiledRunner,r_16_96,METAL,0.01200009137392044,3392,6148,4052,4052,1,"{""other"": 1}",unclassified_source_item_metadata,[]
4053,other,CompiledRunner,E_16_32_3,METAL,0.008750008419156075,4608,21508,4053,4053,1,"{""other"": 1}",unclassified_source_item_metadata,[]
4054,other,CompiledRunner,r_16_96,METAL,0.012125005014240742,3392,6148,4054,4054,1,"{""other"": 1}",unclassified_source_item_metadata,[]
4055,other,CompiledRunner,r_128_32_3_384_4,METAL,0.19479170441627502,44064768,18981892,4055,4055,1,"{""other"": 1}",unclassified_source_item_metadata,[]
4056,other,CompiledRunner,r_1536_16_384,METAL,0.18974998965859413,113664000,9498624,4056,4056,1,"{""other"": 1}",unclassified_source_item_metadata,[]
4057,other,CompiledRunner,r_16_96,METAL,0.011750031262636185,3392,6148,4057,4057,1,"{""other"": 1}",unclassified_source_item_metadata,[]
4058,other,CompiledRunner,E_16_32_3,METAL,0.008541624993085861,4608,21508,4058,4058,1,"{""other"": 1}",unclassified_source_item_metadata,[]
4059,other,CompiledRunner,r_256_16_96n6,METAL,0.01804158091545105,897024,417792,4059,4059,1,"{""other"": 1}",unclassified_source_item_metadata,[]
4060,other,CompiledRunner,r_1536_16_16n1,METAL,0.013124896213412285,1204224,406528,4060,4060,1,"{""other"": 1}",unclassified_source_item_metadata,[]
4061,other,CompiledRunner,r_16_96,METAL,0.012041651643812656,3392,6148,4061,4061,1,"{""other"": 1}",unclassified_source_item_metadata,[]
4062,other,CompiledRunner,E_16_32_3n1,METAL,0.008624978363513947,6144,21510,4062,4062,1,"{""other"": 1}",unclassified_source_item_metadata,[]
4063,other,CompiledRunner,r_16_96,METAL,0.012125005014240742,3392,6148,4063,4063,1,"{""other"": 1}",unclassified_source_item_metadata,[]
4064,other,CompiledRunner,r_2048_16_96,METAL,0.038499943912029266,10027008,3171332,4064,4064,1,"{""other"": 1}",unclassified_source_item_metadata,[]
4065,other,CompiledRunner,r_8_16_16,METAL,0.008791685104370117,6656,8224,4065,4065,1,"{""other"": 1}",unclassified_source_item_metadata,[]
4066,other,CompiledRunner,E_16_2_16_4,METAL,0.011958298273384571,37888,16928,4066,4066,1,"{""other"": 1}",unclassified_source_item_metadata,[]
4067,other,CompiledRunner,r_4_32_4_2_4_32,METAL,0.031791627407073975,2097152,548864,4067,4067,1,"{""other"": 1}",unclassified_source_item_metadata,[]
4068,other,CompiledRunner,r_8_16_32,METAL,0.009208335541188717,12288,16416,4068,4068,1,"{""other"": 1}",unclassified_source_item_metadata,[]
4069,other,CompiledRunner,r_8_16_32n1,METAL,0.010499963536858559,18560,16448,4069,4069,1,"{""other"": 1}",unclassified_source_item_metadata,[]
4070,other,CompiledRunner,r_2_32_4_2_4_64,METAL,0.056875054724514484,2197504,548928,4070,4070,1,"{""other"": 1}",unclassified_source_item_metadata,[]
4071,other,CompiledRunner,r_1536_16_128,METAL,0.0319166574627161,6709248,3166208,4071,4071,1,"{""other"": 1}",unclassified_source_item_metadata,[]
4072,other,CompiledRunner,r_16_96,METAL,0.22199994418770075,3392,6148,4072,4072,1,"{""other"": 1}",unclassified_source_item_metadata,[]
4073,other,CompiledRunner,E_16_32_3,METAL,0.10249996557831764,4608,21508,4073,4073,1,"{""other"": 1}",unclassified_source_item_metadata,[]
4074,other,CompiledRunner,r_16_96,METAL,0.2281250199303031,3392,6148,4074,4074,1,"{""other"": 1}",unclassified_source_item_metadata,[]
4075,other,CompiledRunner,r_128_32_3_384_4,METAL,0.41158334352076054,44064768,18981892,4075,4075,1,"{""other"": 1}",unclassified_source_item_metadata,[]
4076,other,CompiledRunner,r_1536_16_384,METAL,0.6429166533052921,113664000,9498624,4076,4076,1,"{""other"": 1}",unclassified_source_item_metadata,[]
4077,other,CompiledRunner,r_16_96,METAL,0.011875061318278313,3392,6148,4077,4077,1,"{""other"": 1}",unclassified_source_item_metadata,[]
4078,other,CompiledRunner,E_16_32_3,METAL,0.008999952115118504,4608,21508,4078,4078,1,"{""other"": 1}",unclassified_source_item_metadata,[]
4079,other,CompiledRunner,r_256_16_96n7,METAL,0.01725007314234972,897024,417792,4079,4079,1,"{""other"": 1}",unclassified_source_item_metadata,[]
4080,other,CompiledRunner,r_1536_16_16n1,METAL,0.0126248924061656,1204224,406528,4080,4080,1,"{""other"": 1}",unclassified_source_item_metadata,[]
4081,other,CompiledRunner,r_16_96,METAL,0.011874944902956486,3392,6148,4081,4081,1,"{""other"": 1}",unclassified_source_item_metadata,[]
4082,other,CompiledRunner,E_16_32_3n1,METAL,0.008958275429904461,6144,21510,4082,4082,1,"{""other"": 1}",unclassified_source_item_metadata,[]
4083,other,CompiledRunner,r_16_96,METAL,0.012125005014240742,3392,6148,4083,4083,1,"{""other"": 1}",unclassified_source_item_metadata,[]
4084,other,CompiledRunner,r_2048_16_96,METAL,0.04029169213026762,10027008,3171332,4084,4084,1,"{""other"": 1}",unclassified_source_item_metadata,[]
4085,other,CompiledRunner,r_8_16_16,METAL,0.008375034667551517,6656,8224,4085,4085,1,"{""other"": 1}",unclassified_source_item_metadata,[]
4086,other,CompiledRunner,E_16_2_16_4,METAL,0.012625008821487427,37888,16928,4086,4086,1,"{""other"": 1}",unclassified_source_item_metadata,[]
4087,other,CompiledRunner,r_4_32_4_2_4_32,METAL,0.031374976970255375,2097152,548864,4087,4087,1,"{""other"": 1}",unclassified_source_item_metadata,[]
4088,other,CompiledRunner,r_8_16_32,METAL,0.009083305485546589,12288,16416,4088,4088,1,"{""other"": 1}",unclassified_source_item_metadata,[]
4089,other,CompiledRunner,r_8_16_32n1,METAL,0.010874937288463116,18560,16448,4089,4089,1,"{""other"": 1}",unclassified_source_item_metadata,[]
4090,other,CompiledRunner,r_2_32_4_2_4_64,METAL,0.057999975979328156,2197504,548928,4090,4090,1,"{""other"": 1}",unclassified_source_item_metadata,[]
4091,other,CompiledRunner,r_1536_16_128,METAL,0.03174995072185993,6709248,3166208,4091,4091,1,"{""other"": 1}",unclassified_source_item_metadata,[]
4092,other,CompiledRunner,r_16_96,METAL,0.012041768059134483,3392,6148,4092,4092,1,"{""other"": 1}",unclassified_source_item_metadata,[]
4093,other,CompiledRunner,E_16_32_3,METAL,0.008499948307871819,4608,21508,4093,4093,1,"{""other"": 1}",unclassified_source_item_metadata,[]
4094,other,CompiledRunner,r_16_96,METAL,0.01225003506988287,3392,6148,4094,4094,1,"{""other"": 1}",unclassified_source_item_metadata,[]
4095,other,CompiledRunner,r_128_32_3_384_4,METAL,0.20745827350765467,44064768,18981892,4095,4095,1,"{""other"": 1}",unclassified_source_item_metadata,[]
4096,other,CompiledRunner,r_1536_16_384,METAL,0.31316664535552263,113664000,9498624,4096,4096,1,"{""other"": 1}",unclassified_source_item_metadata,[]
4097,other,CompiledRunner,r_16_96,METAL,0.011791707947850227,3392,6148,4097,4097,1,"{""other"": 1}",unclassified_source_item_metadata,[]
4098,other,CompiledRunner,E_16_32_3,METAL,0.21525006741285324,4608,21508,4098,4098,1,"{""other"": 1}",unclassified_source_item_metadata,[]
4099,other,CompiledRunner,r_256_16_96n8,METAL,0.24587498046457767,897024,417792,4099,4099,1,"{""other"": 1}",unclassified_source_item_metadata,[]
4100,other,CompiledRunner,r_1536_16_16n1,METAL,0.6230416474863887,1204224,406528,4100,4100,1,"{""other"": 1}",unclassified_source_item_metadata,[]
4101,other,CompiledRunner,r_16_96,METAL,0.012458302080631256,3392,6148,4101,4101,1,"{""other"": 1}",unclassified_source_item_metadata,[]
4102,other,CompiledRunner,E_16_32_3n1,METAL,0.008958391845226288,6144,21510,4102,4102,1,"{""other"": 1}",unclassified_source_item_metadata,[]
4103,other,CompiledRunner,r_16_96,METAL,0.012041651643812656,3392,6148,4103,4103,1,"{""other"": 1}",unclassified_source_item_metadata,[]
4104,other,CompiledRunner,r_2048_16_96,METAL,0.040624989196658134,10027008,3171332,4104,4104,1,"{""other"": 1}",unclassified_source_item_metadata,[]
4105,other,CompiledRunner,r_8_16_16,METAL,0.008874922059476376,6656,8224,4105,4105,1,"{""other"": 1}",unclassified_source_item_metadata,[]
4106,other,CompiledRunner,E_16_2_16_4,METAL,0.01225003506988287,37888,16928,4106,4106,1,"{""other"": 1}",unclassified_source_item_metadata,[]
4107,other,CompiledRunner,r_4_32_4_2_4_32,METAL,0.03112491685897112,2097152,548864,4107,4107,1,"{""other"": 1}",unclassified_source_item_metadata,[]
4108,other,CompiledRunner,r_8_16_32,METAL,0.009166658855974674,12288,16416,4108,4108,1,"{""other"": 1}",unclassified_source_item_metadata,[]
4109,other,CompiledRunner,r_8_16_32n1,METAL,0.010708346962928772,18560,16448,4109,4109,1,"{""other"": 1}",unclassified_source_item_metadata,[]
4110,other,CompiledRunner,r_2_32_4_2_4_64,METAL,0.056999968364834785,2197504,548928,4110,4110,1,"{""other"": 1}",unclassified_source_item_metadata,[]
4111,other,CompiledRunner,r_1536_16_128,METAL,0.03245833795517683,6709248,3166208,4111,4111,1,"{""other"": 1}",unclassified_source_item_metadata,[]
4112,other,CompiledRunner,r_16_96,METAL,0.01183338463306427,3392,6148,4112,4112,1,"{""other"": 1}",unclassified_source_item_metadata,[]
4113,other,CompiledRunner,E_16_32_3,METAL,0.008625094778835773,4608,21508,4113,4113,1,"{""other"": 1}",unclassified_source_item_metadata,[]
4114,other,CompiledRunner,r_16_96,METAL,0.011749914847314358,3392,6148,4114,4114,1,"{""other"": 1}",unclassified_source_item_metadata,[]
4115,other,CompiledRunner,r_128_32_3_384_4,METAL,0.19649998284876347,44064768,18981892,4115,4115,1,"{""other"": 1}",unclassified_source_item_metadata,[]
4116,other,CompiledRunner,r_1536_16_384,METAL,0.19099994096904993,113664000,9498624,4116,4116,1,"{""other"": 1}",unclassified_source_item_metadata,[]
4117,other,CompiledRunner,r_16_96,METAL,0.011750031262636185,3392,6148,4117,4117,1,"{""other"": 1}",unclassified_source_item_metadata,[]
4118,other,CompiledRunner,E_16_32_3,METAL,0.008625094778835773,4608,21508,4118,4118,1,"{""other"": 1}",unclassified_source_item_metadata,[]
4119,other,CompiledRunner,r_256_16_96n9,METAL,0.017125043086707592,897024,417792,4119,4119,1,"{""other"": 1}",unclassified_source_item_metadata,[]
4120,other,CompiledRunner,r_1536_16_16n1,METAL,0.07604167331010103,1204224,406528,4120,4120,1,"{""other"": 1}",unclassified_source_item_metadata,[]
4121,other,CompiledRunner,r_16_96,METAL,0.18799991812556982,3392,6148,4121,4121,1,"{""other"": 1}",unclassified_source_item_metadata,[]
4122,other,CompiledRunner,E_16_32_3n1,METAL,0.10349997319281101,6144,21510,4122,4122,1,"{""other"": 1}",unclassified_source_item_metadata,[]
4123,other,CompiledRunner,r_16_96,METAL,0.23458339273929596,3392,6148,4123,4123,1,"{""other"": 1}",unclassified_source_item_metadata,[]
4124,other,CompiledRunner,r_32_32_4_384_4,METAL,0.48237491864711046,14163968,6333444,4124,4124,1,"{""other"": 1}",unclassified_source_item_metadata,[]
4125,other,CompiledRunner,r_8_16_32n2,METAL,0.383750069886446,10752,16416,4125,4125,1,"{""other"": 1}",unclassified_source_item_metadata,[]
4126,other,CompiledRunner,E_8_2_16_4_4,METAL,0.027125002816319466,95488,33824,4126,4126,1,"{""other"": 1}",unclassified_source_item_metadata,[]
4127,other,CompiledRunner,r_8_(gemma_start_pos_window+1)_16_32,METAL,0.0323333078995347,7208960,1482784,4127,4127,1,"{""other"": 1}",unclassified_source_item_metadata,[]
4128,other,CompiledRunner,r_2_4_(gemma_start_pos_window+1),METAL,0.3557500895112753,11266,22560,4128,4128,1,"{""other"": 1}",unclassified_source_item_metadata,[]
4129,other,CompiledRunner,r_2_4_(gemma_start_pos_window+1)n1,METAL,0.39466668386012316,22538,22592,4129,4129,1,"{""other"": 1}",unclassified_source_item_metadata,[]
4130,other,CompiledRunner,E_(gemma_start_pos_window+1)_2_4,METAL,0.01037493348121643,22528,45120,4130,4130,1,"{""other"": 1}",unclassified_source_item_metadata,[]
4131,other,CompiledRunner,r_8_2_16_4_4_(gemma_start_pos_window+1),METAL,0.6600000197067857,5767424,1482784,4131,4131,1,"{""other"": 1}",unclassified_source_item_metadata,[]
4132,other,CompiledRunner,r_1536_16_256,METAL,0.052708317525684834,13000704,6320128,4132,4132,1,"{""other"": 1}",unclassified_source_item_metadata,[]
4133,other,CompiledRunner,r_16_96,METAL,0.012208358384668827,3392,6148,4133,4133,1,"{""other"": 1}",unclassified_source_item_metadata,[]
4134,other,CompiledRunner,E_16_32_3,METAL,0.00866665504872799,4608,21508,4134,4134,1,"{""other"": 1}",unclassified_source_item_metadata,[]
4135,other,CompiledRunner,r_16_96,METAL,0.012083328329026699,3392,6148,4135,4135,1,"{""other"": 1}",unclassified_source_item_metadata,[]
4136,other,CompiledRunner,r_128_32_3_384_4,METAL,0.18933333922177553,44064768,18981892,4136,4136,1,"{""other"": 1}",unclassified_source_item_metadata,[]
4137,other,CompiledRunner,r_1536_16_384,METAL,0.2013749908655882,113664000,9498624,4137,4137,1,"{""other"": 1}",unclassified_source_item_metadata,[]
4138,other,CompiledRunner,r_16_96,METAL,0.1587499864399433,3392,6148,4138,4138,1,"{""other"": 1}",unclassified_source_item_metadata,[]
4139,other,CompiledRunner,E_16_32_3,METAL,0.09712495375424623,4608,21508,4139,4139,1,"{""other"": 1}",unclassified_source_item_metadata,[]
4140,other,CompiledRunner,r_256_16_96n10,METAL,0.23745826911181211,897024,417792,4140,4140,1,"{""other"": 1}",unclassified_source_item_metadata,[]
4141,other,CompiledRunner,r_1536_16_16n1,METAL,0.9694582549855113,1204224,406528,4141,4141,1,"{""other"": 1}",unclassified_source_item_metadata,[]
4142,other,CompiledRunner,r_16_96,METAL,0.012125005014240742,3392,6148,4142,4142,1,"{""other"": 1}",unclassified_source_item_metadata,[]
4143,other,CompiledRunner,E_16_32_3n1,METAL,0.009291688911616802,6144,21510,4143,4143,1,"{""other"": 1}",unclassified_source_item_metadata,[]
4144,other,CompiledRunner,r_16_96,METAL,0.011999974958598614,3392,6148,4144,4144,1,"{""other"": 1}",unclassified_source_item_metadata,[]
4145,other,CompiledRunner,r_2048_16_96,METAL,0.040041632018983364,10027008,3171332,4145,4145,1,"{""other"": 1}",unclassified_source_item_metadata,[]
4146,other,CompiledRunner,r_8_16_16,METAL,0.008500064723193645,6656,8224,4146,4146,1,"{""other"": 1}",unclassified_source_item_metadata,[]
4147,other,CompiledRunner,E_16_2_16_4,METAL,0.012708362191915512,37888,16928,4147,4147,1,"{""other"": 1}",unclassified_source_item_metadata,[]
4148,other,CompiledRunner,r_4_32_4_2_4_32,METAL,0.031791627407073975,2097152,548864,4148,4148,1,"{""other"": 1}",unclassified_source_item_metadata,[]
4149,other,CompiledRunner,r_8_16_32,METAL,0.009208335541188717,12288,16416,4149,4149,1,"{""other"": 1}",unclassified_source_item_metadata,[]
4150,other,CompiledRunner,r_8_16_32n1,METAL,0.011166674084961414,18560,16448,4150,4150,1,"{""other"": 1}",unclassified_source_item_metadata,[]
4151,other,CompiledRunner,r_2_32_4_2_4_64,METAL,0.05725002847611904,2197504,548928,4151,4151,1,"{""other"": 1}",unclassified_source_item_metadata,[]
4152,other,CompiledRunner,r_1536_16_128,METAL,0.033125048503279686,6709248,3166208,4152,4152,1,"{""other"": 1}",unclassified_source_item_metadata,[]
4153,other,CompiledRunner,r_16_96,METAL,0.011875061318278313,3392,6148,4153,4153,1,"{""other"": 1}",unclassified_source_item_metadata,[]
4154,other,CompiledRunner,E_16_32_3,METAL,0.008750008419156075,4608,21508,4154,4154,1,"{""other"": 1}",unclassified_source_item_metadata,[]
4155,other,CompiledRunner,r_16_96,METAL,0.011958298273384571,3392,6148,4155,4155,1,"{""other"": 1}",unclassified_source_item_metadata,[]
4156,other,CompiledRunner,r_128_32_3_384_4,METAL,0.19741663709282875,44064768,18981892,4156,4156,1,"{""other"": 1}",unclassified_source_item_metadata,[]
4157,other,CompiledRunner,r_1536_16_384,METAL,0.18987501971423626,113664000,9498624,4157,4157,1,"{""other"": 1}",unclassified_source_item_metadata,[]
4158,other,CompiledRunner,r_16_96,METAL,0.011999974958598614,3392,6148,4158,4158,1,"{""other"": 1}",unclassified_source_item_metadata,[]
4159,other,CompiledRunner,E_16_32_3,METAL,0.008583301678299904,4608,21508,4159,4159,1,"{""other"": 1}",unclassified_source_item_metadata,[]
4160,other,CompiledRunner,r_256_16_96n11,METAL,0.01708336640149355,897024,417792,4160,4160,1,"{""other"": 1}",unclassified_source_item_metadata,[]
4161,other,CompiledRunner,r_1536_16_16n1,METAL,0.012999982573091984,1204224,406528,4161,4161,1,"{""other"": 1}",unclassified_source_item_metadata,[]
4162,other,CompiledRunner,r_16_96,METAL,0.05112495273351669,3392,6148,4162,4162,1,"{""other"": 1}",unclassified_source_item_metadata,[]
4163,other,CompiledRunner,E_16_32_3n1,METAL,0.19599997904151678,6144,21510,4163,4163,1,"{""other"": 1}",unclassified_source_item_metadata,[]
4164,other,CompiledRunner,r_16_96,METAL,0.12854160740971565,3392,6148,4164,4164,1,"{""other"": 1}",unclassified_source_item_metadata,[]
4165,other,CompiledRunner,r_2048_16_96,METAL,0.573416706174612,10027008,3171332,4165,4165,1,"{""other"": 1}",unclassified_source_item_metadata,[]
4166,other,CompiledRunner,r_8_16_16,METAL,0.5909583996981382,6656,8224,4166,4166,1,"{""other"": 1}",unclassified_source_item_metadata,[]
4167,other,CompiledRunner,E_16_2_16_4,METAL,0.012208241969347,37888,16928,4167,4167,1,"{""other"": 1}",unclassified_source_item_metadata,[]
4168,other,CompiledRunner,r_4_32_4_2_4_32,METAL,0.03212492447346449,2097152,548864,4168,4168,1,"{""other"": 1}",unclassified_source_item_metadata,[]
4169,other,CompiledRunner,r_8_16_32,METAL,0.009083421900868416,12288,16416,4169,4169,1,"{""other"": 1}",unclassified_source_item_metadata,[]
4170,other,CompiledRunner,r_8_16_32n1,METAL,0.010624993592500687,18560,16448,4170,4170,1,"{""other"": 1}",unclassified_source_item_metadata,[]
4171,other,CompiledRunner,r_2_32_4_2_4_64,METAL,0.058416626416146755,2197504,548928,4171,4171,1,"{""other"": 1}",unclassified_source_item_metadata,[]
4172,other,CompiledRunner,r_1536_16_128,METAL,0.03204168751835823,6709248,3166208,4172,4172,1,"{""other"": 1}",unclassified_source_item_metadata,[]
4173,other,CompiledRunner,r_16_96,METAL,0.01183338463306427,3392,6148,4173,4173,1,"{""other"": 1}",unclassified_source_item_metadata,[]
4174,other,CompiledRunner,E_16_32_3,METAL,0.00866665504872799,4608,21508,4174,4174,1,"{""other"": 1}",unclassified_source_item_metadata,[]
4175,other,CompiledRunner,r_16_96,METAL,0.012041768059134483,3392,6148,4175,4175,1,"{""other"": 1}",unclassified_source_item_metadata,[]
4176,other,CompiledRunner,r_128_32_3_384_4,METAL,0.19175000488758087,44064768,18981892,4176,4176,1,"{""other"": 1}",unclassified_source_item_metadata,[]
4177,other,CompiledRunner,r_1536_16_384,METAL,0.1902084331959486,113664000,9498624,4177,4177,1,"{""other"": 1}",unclassified_source_item_metadata,[]
4178,other,CompiledRunner,r_16_96,METAL,0.01183338463306427,3392,6148,4178,4178,1,"{""other"": 1}",unclassified_source_item_metadata,[]
4179,other,CompiledRunner,E_16_32_3,METAL,0.008625094778835773,4608,21508,4179,4179,1,"{""other"": 1}",unclassified_source_item_metadata,[]
4180,other,CompiledRunner,r_256_16_96n12,METAL,0.017416663467884064,897024,417792,4180,4180,1,"{""other"": 1}",unclassified_source_item_metadata,[]
4181,other,CompiledRunner,r_1536_16_16n1,METAL,0.012791715562343597,1204224,406528,4181,4181,1,"{""other"": 1}",unclassified_source_item_metadata,[]
4182,other,CompiledRunner,r_16_96,METAL,0.011750031262636185,3392,6148,4182,4182,1,"{""other"": 1}",unclassified_source_item_metadata,[]
4183,other,CompiledRunner,E_16_32_3n1,METAL,0.008791685104370117,6144,21510,4183,4183,1,"{""other"": 1}",unclassified_source_item_metadata,[]
4184,other,CompiledRunner,r_16_96,METAL,0.011833268217742443,3392,6148,4184,4184,1,"{""other"": 1}",unclassified_source_item_metadata,[]
4185,other,CompiledRunner,r_2048_16_96,METAL,0.039499951526522636,10027008,3171332,4185,4185,1,"{""other"": 1}",unclassified_source_item_metadata,[]
4186,other,CompiledRunner,r_8_16_16,METAL,0.00825000461190939,6656,8224,4186,4186,1,"{""other"": 1}",unclassified_source_item_metadata,[]
4187,other,CompiledRunner,E_16_2_16_4,METAL,0.07525004912167788,37888,16928,4187,4187,1,"{""other"": 1}",unclassified_source_item_metadata,[]
4188,other,CompiledRunner,r_4_32_4_2_4_32,METAL,0.22675003856420517,2097152,548864,4188,4188,1,"{""other"": 1}",unclassified_source_item_metadata,[]
4189,other,CompiledRunner,r_8_16_32,METAL,0.09295833297073841,12288,16416,4189,4189,1,"{""other"": 1}",unclassified_source_item_metadata,[]
4190,other,CompiledRunner,r_8_16_32n1,METAL,0.2296667080372572,18560,16448,4190,4190,1,"{""other"": 1}",unclassified_source_item_metadata,[]
4191,other,CompiledRunner,r_2_32_4_2_4_64,METAL,0.2924998989328742,2197504,548928,4191,4191,1,"{""other"": 1}",unclassified_source_item_metadata,[]
4192,other,CompiledRunner,r_1536_16_128,METAL,0.6145000224933028,6709248,3166208,4192,4192,1,"{""other"": 1}",unclassified_source_item_metadata,[]
4193,other,CompiledRunner,r_16_96,METAL,0.012375065125524998,3392,6148,4193,4193,1,"{""other"": 1}",unclassified_source_item_metadata,[]
4194,other,CompiledRunner,E_16_32_3,METAL,0.008666771464049816,4608,21508,4194,4194,1,"{""other"": 1}",unclassified_source_item_metadata,[]
4195,other,CompiledRunner,r_16_96,METAL,0.012125005014240742,3392,6148,4195,4195,1,"{""other"": 1}",unclassified_source_item_metadata,[]
4196,other,CompiledRunner,r_128_32_3_384_4,METAL,0.20412495359778404,44064768,18981892,4196,4196,1,"{""other"": 1}",unclassified_source_item_metadata,[]
4197,other,CompiledRunner,r_1536_16_384,METAL,0.19012507982552052,113664000,9498624,4197,4197,1,"{""other"": 1}",unclassified_source_item_metadata,[]
4198,other,CompiledRunner,r_16_96,METAL,0.01225003506988287,3392,6148,4198,4198,1,"{""other"": 1}",unclassified_source_item_metadata,[]
4199,other,CompiledRunner,E_16_32_3,METAL,0.008583301678299904,4608,21508,4199,4199,1,"{""other"": 1}",unclassified_source_item_metadata,[]
4200,other,CompiledRunner,r_256_16_96n13,METAL,0.01695833634585142,897024,417792,4200,4200,1,"{""other"": 1}",unclassified_source_item_metadata,[]
4201,other,CompiledRunner,r_1536_16_16n1,METAL,0.012750038877129555,1204224,406528,4201,4201,1,"{""other"": 1}",unclassified_source_item_metadata,[]
4202,other,CompiledRunner,r_16_96,METAL,0.012125005014240742,3392,6148,4202,4202,1,"{""other"": 1}",unclassified_source_item_metadata,[]
4203,other,CompiledRunner,E_16_32_3n1,METAL,0.008958275429904461,6144,21510,4203,4203,1,"{""other"": 1}",unclassified_source_item_metadata,[]
4204,other,CompiledRunner,r_16_96,METAL,0.012041651643812656,3392,6148,4204,4204,1,"{""other"": 1}",unclassified_source_item_metadata,[]
4205,other,CompiledRunner,r_2048_16_96,METAL,0.03799994010478258,10027008,3171332,4205,4205,1,"{""other"": 1}",unclassified_source_item_metadata,[]
4206,other,CompiledRunner,r_8_16_16,METAL,0.008750008419156075,6656,8224,4206,4206,1,"{""other"": 1}",unclassified_source_item_metadata,[]
4207,other,CompiledRunner,E_16_2_16_4,METAL,0.012124888598918915,37888,16928,4207,4207,1,"{""other"": 1}",unclassified_source_item_metadata,[]
4208,other,CompiledRunner,r_4_32_4_2_4_32,METAL,0.03183330409228802,2097152,548864,4208,4208,1,"{""other"": 1}",unclassified_source_item_metadata,[]
4209,other,CompiledRunner,r_8_16_32,METAL,0.009124982170760632,12288,16416,4209,4209,1,"{""other"": 1}",unclassified_source_item_metadata,[]
4210,other,CompiledRunner,r_8_16_32n1,METAL,0.010541756637394428,18560,16448,4210,4210,1,"{""other"": 1}",unclassified_source_item_metadata,[]
4211,other,CompiledRunner,r_2_32_4_2_4_64,METAL,0.09129173122346401,2197504,548928,4211,4211,1,"{""other"": 1}",unclassified_source_item_metadata,[]
4212,other,CompiledRunner,r_1536_16_128,METAL,0.20929169841110706,6709248,3166208,4212,4212,1,"{""other"": 1}",unclassified_source_item_metadata,[]
4213,other,CompiledRunner,r_16_96,METAL,0.08920836262404919,3392,6148,4213,4213,1,"{""other"": 1}",unclassified_source_item_metadata,[]
4214,other,CompiledRunner,E_16_32_3,METAL,0.23212505038827658,4608,21508,4214,4214,1,"{""other"": 1}",unclassified_source_item_metadata,[]
4215,other,CompiledRunner,r_16_96,METAL,0.24333340115845203,3392,6148,4215,4215,1,"{""other"": 1}",unclassified_source_item_metadata,[]
4216,other,CompiledRunner,r_128_32_3_384_4,METAL,0.8107500616461039,44064768,18981892,4216,4216,1,"{""other"": 1}",unclassified_source_item_metadata,[]
4217,other,CompiledRunner,r_1536_16_384,METAL,0.19012507982552052,113664000,9498624,4217,4217,1,"{""other"": 1}",unclassified_source_item_metadata,[]
4218,other,CompiledRunner,r_16_96,METAL,0.012041651643812656,3392,6148,4218,4218,1,"{""other"": 1}",unclassified_source_item_metadata,[]
4219,other,CompiledRunner,E_16_32_3,METAL,0.008458271622657776,4608,21508,4219,4219,1,"{""other"": 1}",unclassified_source_item_metadata,[]
4220,other,CompiledRunner,r_256_16_96n14,METAL,0.017458340153098106,897024,417792,4220,4220,1,"{""other"": 1}",unclassified_source_item_metadata,[]
4221,other,CompiledRunner,r_1536_16_16n1,METAL,0.013125012628734112,1204224,406528,4221,4221,1,"{""other"": 1}",unclassified_source_item_metadata,[]
4222,other,CompiledRunner,r_16_96,METAL,0.011958298273384571,3392,6148,4222,4222,1,"{""other"": 1}",unclassified_source_item_metadata,[]
4223,other,CompiledRunner,E_16_32_3n1,METAL,0.008999952115118504,6144,21510,4223,4223,1,"{""other"": 1}",unclassified_source_item_metadata,[]
4224,other,CompiledRunner,r_16_96,METAL,0.011874944902956486,3392,6148,4224,4224,1,"{""other"": 1}",unclassified_source_item_metadata,[]
4225,other,CompiledRunner,r_512_16_96,METAL,0.018874998204410076,2506752,799748,4225,4225,1,"{""other"": 1}",unclassified_source_item_metadata,[]
4226,other,CompiledRunner,r_16_32,METAL,0.0095834257081151,1344,2052,4226,4226,1,"{""other"": 1}",unclassified_source_item_metadata,[]
4227,other,CompiledRunner,E_4_32_4n2,METAL,0.024291686713695526,20096,5124,4227,4227,1,"{""other"": 1}",unclassified_source_item_metadata,[]
4228,other,CompiledRunner,E_192_4_8_16_4,METAL,0.008624978363513947,0,3145732,4228,4228,1,"{""other"": 1}",unclassified_source_item_metadata,[]
4229,other,CompiledRunner,E_1120_4_8_16_4,METAL,0.018249964341521263,0,18350084,4229,4229,1,"{""other"": 1}",unclassified_source_item_metadata,[]
4230,other,CompiledRunner,r_1536_16_16,METAL,0.009874929673969746,811008,1579008,4230,4230,1,"{""other"": 1}",unclassified_source_item_metadata,[]
4231,other,CompiledRunner,r_16_96,METAL,0.00858341809362173,3392,6148,4231,4231,1,"{""other"": 1}",unclassified_source_item_metadata,[]
4232,other,CompiledRunner,r_70_32_4_384_4,METAL,0.14845828991383314,27543040,13840384,4232,4232,1,"{""other"": 1}",unclassified_source_item_metadata,[]
4233,other,CompiledRunner,r_2048_16_96,METAL,0.028125010430812836,10027008,3171332,4233,4233,1,"{""other"": 1}",unclassified_source_item_metadata,[]
4234,other,CompiledRunner,r_35_16_16,METAL,0.006250105798244476,29120,35980,4234,4234,1,"{""other"": 1}",unclassified_source_item_metadata,[]
4235,other,CompiledRunner,r_8_16_16,METAL,0.006249989382922649,6656,8224,4235,4235,1,"{""other"": 1}",unclassified_source_item_metadata,[]
4236,other,CompiledRunner,r_35_4_16_4_64_4,METAL,0.03250001464039087,2338560,9247372,4236,4236,1,"{""other"": 1}",unclassified_source_item_metadata,[]
4237,other,CompiledRunner,E_16_2_16_4,METAL,0.19387505017220974,37888,16928,4237,4237,1,"{""other"": 1}",unclassified_source_item_metadata,[]
4238,other,CompiledRunner,r_4_32_4_2_4_32,METAL,0.023250002413988113,2097152,548864,4238,4238,1,"{""other"": 1}",unclassified_source_item_metadata,[]
4239,other,CompiledRunner,r_8_16_32,METAL,0.16537494957447052,12288,16416,4239,4239,1,"{""other"": 1}",unclassified_source_item_metadata,[]
4240,other,CompiledRunner,r_8_16_32n1,METAL,0.1439583720639348,18560,16448,4240,4240,1,"{""other"": 1}",unclassified_source_item_metadata,[]
4241,other,CompiledRunner,r_2_32_4_2_4_64,METAL,0.4569999873638153,2197504,548928,4241,4241,1,"{""other"": 1}",unclassified_source_item_metadata,[]
4242,other,CompiledRunner,r_1536_16_128,METAL,0.02274999860674143,6709248,3166208,4242,4242,1,"{""other"": 1}",unclassified_source_item_metadata,[]
4243,other,CompiledRunner,r_16_96,METAL,0.008499948307871819,3392,6148,4243,4243,1,"{""other"": 1}",unclassified_source_item_metadata,[]
4244,other,CompiledRunner,E_16_32_3,METAL,0.006208312697708607,4608,21508,4244,4244,1,"{""other"": 1}",unclassified_source_item_metadata,[]
4245,other,CompiledRunner,r_16_96,METAL,0.008500064723193645,3392,6148,4245,4245,1,"{""other"": 1}",unclassified_source_item_metadata,[]
4246,other,CompiledRunner,r_128_32_3_384_4,METAL,0.13699999544769526,44064768,18981892,4246,4246,1,"{""other"": 1}",unclassified_source_item_metadata,[]
4247,other,CompiledRunner,r_1536_16_384,METAL,0.1336249988526106,113664000,9498624,4247,4247,1,"{""other"": 1}",unclassified_source_item_metadata,[]
4248,other,CompiledRunner,r_16_96,METAL,0.00825000461190939,3392,6148,4248,4248,1,"{""other"": 1}",unclassified_source_item_metadata,[]
4249,other,CompiledRunner,E_16_32_3,METAL,0.0063749030232429504,4608,21508,4249,4249,1,"{""other"": 1}",unclassified_source_item_metadata,[]
4250,other,CompiledRunner,r_256_16_96n1,METAL,0.011916738003492355,897024,417792,4250,4250,1,"{""other"": 1}",unclassified_source_item_metadata,[]
4251,other,CompiledRunner,r_1536_16_16n1,METAL,0.00925001222640276,1204224,406528,4251,4251,1,"{""other"": 1}",unclassified_source_item_metadata,[]
4252,other,CompiledRunner,r_16_96,METAL,0.00866665504872799,3392,6148,4252,4252,1,"{""other"": 1}",unclassified_source_item_metadata,[]
4253,other,CompiledRunner,E_16_32_3n1,METAL,0.006541609764099121,6144,21510,4253,4253,1,"{""other"": 1}",unclassified_source_item_metadata,[]
4254,other,CompiledRunner,r_16_96,METAL,0.008624978363513947,3392,6148,4254,4254,1,"{""other"": 1}",unclassified_source_item_metadata,[]
4255,other,CompiledRunner,r_2048_16_96,METAL,0.028250040486454964,10027008,3171332,4255,4255,1,"{""other"": 1}",unclassified_source_item_metadata,[]
4256,other,CompiledRunner,r_8_16_16,METAL,0.006249989382922649,6656,8224,4256,4256,1,"{""other"": 1}",unclassified_source_item_metadata,[]
4257,other,CompiledRunner,E_16_2_16_4,METAL,0.009041628800332546,37888,16928,4257,4257,1,"{""other"": 1}",unclassified_source_item_metadata,[]
4258,other,CompiledRunner,r_4_32_4_2_4_32,METAL,0.023124972358345985,2097152,548864,4258,4258,1,"{""other"": 1}",unclassified_source_item_metadata,[]
4259,other,CompiledRunner,r_8_16_32,METAL,0.006499933078885078,12288,16416,4259,4259,1,"{""other"": 1}",unclassified_source_item_metadata,[]
4260,other,CompiledRunner,r_8_16_32n1,METAL,0.00795826781541109,18560,16448,4260,4260,1,"{""other"": 1}",unclassified_source_item_metadata,[]
4261,other,CompiledRunner,r_2_32_4_2_4_64,METAL,0.041375053115189075,2197504,548928,4261,4261,1,"{""other"": 1}",unclassified_source_item_metadata,[]
4262,other,CompiledRunner,r_1536_16_128,METAL,0.022500054910779,6709248,3166208,4262,4262,1,"{""other"": 1}",unclassified_source_item_metadata,[]
4263,other,CompiledRunner,r_16_96,METAL,0.008624978363513947,3392,6148,4263,4263,1,"{""other"": 1}",unclassified_source_item_metadata,[]
4264,other,CompiledRunner,E_16_32_3,METAL,0.006125075742602348,4608,21508,4264,4264,1,"{""other"": 1}",unclassified_source_item_metadata,[]
4265,other,CompiledRunner,r_16_96,METAL,0.05262496415525675,3392,6148,4265,4265,1,"{""other"": 1}",unclassified_source_item_metadata,[]
4266,other,CompiledRunner,r_128_32_3_384_4,METAL,0.21162501070648432,44064768,18981892,4266,4266,1,"{""other"": 1}",unclassified_source_item_metadata,[]
4267,other,CompiledRunner,r_1536_16_384,METAL,0.5147916963323951,113664000,9498624,4267,4267,1,"{""other"": 1}",unclassified_source_item_metadata,[]
4268,other,CompiledRunner,r_16_96,METAL,0.3946250071749091,3392,6148,4268,4268,1,"{""other"": 1}",unclassified_source_item_metadata,[]
4269,other,CompiledRunner,E_16_32_3,METAL,0.006458256393671036,4608,21508,4269,4269,1,"{""other"": 1}",unclassified_source_item_metadata,[]
4270,other,CompiledRunner,r_256_16_96n2,METAL,0.012708362191915512,897024,417792,4270,4270,1,"{""other"": 1}",unclassified_source_item_metadata,[]
4271,other,CompiledRunner,r_1536_16_16n1,METAL,0.009125098586082458,1204224,406528,4271,4271,1,"{""other"": 1}",unclassified_source_item_metadata,[]
4272,other,CompiledRunner,r_16_96,METAL,0.00837491825222969,3392,6148,4272,4272,1,"{""other"": 1}",unclassified_source_item_metadata,[]
4273,other,CompiledRunner,E_16_32_3n1,METAL,0.006500049494206905,6144,21510,4273,4273,1,"{""other"": 1}",unclassified_source_item_metadata,[]
4274,other,CompiledRunner,r_16_96,METAL,0.008416594937443733,3392,6148,4274,4274,1,"{""other"": 1}",unclassified_source_item_metadata,[]
4275,other,CompiledRunner,r_2048_16_96,METAL,0.028250040486454964,10027008,3171332,4275,4275,1,"{""other"": 1}",unclassified_source_item_metadata,[]
4276,other,CompiledRunner,r_8_16_16,METAL,0.006083282642066479,6656,8224,4276,4276,1,"{""other"": 1}",unclassified_source_item_metadata,[]
4277,other,CompiledRunner,E_16_2_16_4,METAL,0.00879156868904829,37888,16928,4277,4277,1,"{""other"": 1}",unclassified_source_item_metadata,[]
4278,other,CompiledRunner,r_4_32_4_2_4_32,METAL,0.023250002413988113,2097152,548864,4278,4278,1,"{""other"": 1}",unclassified_source_item_metadata,[]
4279,other,CompiledRunner,r_8_16_32,METAL,0.00641669612377882,12288,16416,4279,4279,1,"{""other"": 1}",unclassified_source_item_metadata,[]
4280,other,CompiledRunner,r_8_16_32n1,METAL,0.0076249707490205765,18560,16448,4280,4280,1,"{""other"": 1}",unclassified_source_item_metadata,[]
4281,other,CompiledRunner,r_2_32_4_2_4_64,METAL,0.04125002305954695,2197504,548928,4281,4281,1,"{""other"": 1}",unclassified_source_item_metadata,[]
4282,other,CompiledRunner,r_1536_16_128,METAL,0.02233334816992283,6709248,3166208,4282,4282,1,"{""other"": 1}",unclassified_source_item_metadata,[]
4283,other,CompiledRunner,r_16_96,METAL,0.008708331733942032,3392,6148,4283,4283,1,"{""other"": 1}",unclassified_source_item_metadata,[]
4284,other,CompiledRunner,E_16_32_3,METAL,0.006083399057388306,4608,21508,4284,4284,1,"{""other"": 1}",unclassified_source_item_metadata,[]
4285,other,CompiledRunner,r_16_96,METAL,0.008624978363513947,3392,6148,4285,4285,1,"{""other"": 1}",unclassified_source_item_metadata,[]
4286,other,CompiledRunner,r_128_32_3_384_4,METAL,0.1366250216960907,44064768,18981892,4286,4286,1,"{""other"": 1}",unclassified_source_item_metadata,[]
4287,other,CompiledRunner,r_1536_16_384,METAL,0.18700002692639828,113664000,9498624,4287,4287,1,"{""other"": 1}",unclassified_source_item_metadata,[]
4288,other,CompiledRunner,r_16_96,METAL,0.011916621588170528,3392,6148,4288,4288,1,"{""other"": 1}",unclassified_source_item_metadata,[]
4289,other,CompiledRunner,E_16_32_3,METAL,0.00841671135276556,4608,21508,4289,4289,1,"{""other"": 1}",unclassified_source_item_metadata,[]
4290,other,CompiledRunner,r_256_16_96n3,METAL,0.018249964341521263,897024,417792,4290,4290,1,"{""other"": 1}",unclassified_source_item_metadata,[]
4291,other,CompiledRunner,r_1536_16_16n1,METAL,0.013416633009910583,1204224,406528,4291,4291,1,"{""other"": 1}",unclassified_source_item_metadata,[]
4292,other,CompiledRunner,r_16_96,METAL,0.011875061318278313,3392,6148,4292,4292,1,"{""other"": 1}",unclassified_source_item_metadata,[]
4293,other,CompiledRunner,E_16_32_3n1,METAL,0.23212505038827658,6144,21510,4293,4293,1,"{""other"": 1}",unclassified_source_item_metadata,[]
4294,other,CompiledRunner,r_16_96,METAL,0.12616673484444618,3392,6148,4294,4294,1,"{""other"": 1}",unclassified_source_item_metadata,[]
4295,other,CompiledRunner,r_2048_16_96,METAL,0.5775833269581199,10027008,3171332,4295,4295,1,"{""other"": 1}",unclassified_source_item_metadata,[]
4296,other,CompiledRunner,r_8_16_16,METAL,0.6308750016614795,6656,8224,4296,4296,1,"{""other"": 1}",unclassified_source_item_metadata,[]
4297,other,CompiledRunner,E_16_2_16_4,METAL,0.012500095181167126,37888,16928,4297,4297,1,"{""other"": 1}",unclassified_source_item_metadata,[]
4298,other,CompiledRunner,r_4_32_4_2_4_32,METAL,0.031958334147930145,2097152,548864,4298,4298,1,"{""other"": 1}",unclassified_source_item_metadata,[]
4299,other,CompiledRunner,r_8_16_32,METAL,0.009083421900868416,12288,16416,4299,4299,1,"{""other"": 1}",unclassified_source_item_metadata,[]
4300,other,CompiledRunner,r_8_16_32n1,METAL,0.011083437129855156,18560,16448,4300,4300,1,"{""other"": 1}",unclassified_source_item_metadata,[]
4301,other,CompiledRunner,r_2_32_4_2_4_64,METAL,0.056999968364834785,2197504,548928,4301,4301,1,"{""other"": 1}",unclassified_source_item_metadata,[]
4302,other,CompiledRunner,r_1536_16_128,METAL,0.031291740015149117,6709248,3166208,4302,4302,1,"{""other"": 1}",unclassified_source_item_metadata,[]
4303,other,CompiledRunner,r_16_96,METAL,0.008666771464049816,3392,6148,4303,4303,1,"{""other"": 1}",unclassified_source_item_metadata,[]
4304,other,CompiledRunner,E_16_32_3,METAL,0.006208312697708607,4608,21508,4304,4304,1,"{""other"": 1}",unclassified_source_item_metadata,[]
4305,other,CompiledRunner,r_16_96,METAL,0.00841671135276556,3392,6148,4305,4305,1,"{""other"": 1}",unclassified_source_item_metadata,[]
4306,other,CompiledRunner,r_128_32_3_384_4,METAL,0.13616669457405806,44064768,18981892,4306,4306,1,"{""other"": 1}",unclassified_source_item_metadata,[]
4307,other,CompiledRunner,r_1536_16_384,METAL,0.13325002510100603,113664000,9498624,4307,4307,1,"{""other"": 1}",unclassified_source_item_metadata,[]
4308,other,CompiledRunner,r_16_96,METAL,0.008624978363513947,3392,6148,4308,4308,1,"{""other"": 1}",unclassified_source_item_metadata,[]
4309,other,CompiledRunner,E_16_32_3,METAL,0.006291666068136692,4608,21508,4309,4309,1,"{""other"": 1}",unclassified_source_item_metadata,[]
4310,other,CompiledRunner,r_256_16_96n4,METAL,0.014749937690794468,897024,417792,4310,4310,1,"{""other"": 1}",unclassified_source_item_metadata,[]
4311,other,CompiledRunner,r_1536_16_16n1,METAL,0.01100008375942707,1204224,406528,4311,4311,1,"{""other"": 1}",unclassified_source_item_metadata,[]
4312,other,CompiledRunner,r_16_96,METAL,0.01183338463306427,3392,6148,4312,4312,1,"{""other"": 1}",unclassified_source_item_metadata,[]
4313,other,CompiledRunner,E_16_32_3n1,METAL,0.008874922059476376,6144,21510,4313,4313,1,"{""other"": 1}",unclassified_source_item_metadata,[]
4314,other,CompiledRunner,r_16_96,METAL,0.011791707947850227,3392,6148,4314,4314,1,"{""other"": 1}",unclassified_source_item_metadata,[]
4315,other,CompiledRunner,r_32_32_4_384_4,METAL,0.3029166255146265,14163968,6333444,4315,4315,1,"{""other"": 1}",unclassified_source_item_metadata,[]
4316,other,CompiledRunner,r_8_16_32n2,METAL,0.19245827570557594,10752,16416,4316,4316,1,"{""other"": 1}",unclassified_source_item_metadata,[]
4317,other,CompiledRunner,E_8_2_16_4_4,METAL,0.23787503596395254,95488,33824,4317,4317,1,"{""other"": 1}",unclassified_source_item_metadata,[]
4318,other,CompiledRunner,r_8_(gemma_start_pos_window+1)_16_32,METAL,0.9705416159704328,7208960,1482784,4318,4318,1,"{""other"": 1}",unclassified_source_item_metadata,[]
4319,other,CompiledRunner,r_2_4_(gemma_start_pos_window+1),METAL,0.36462501157075167,11266,22560,4319,4319,1,"{""other"": 1}",unclassified_source_item_metadata,[]
4320,other,CompiledRunner,r_2_4_(gemma_start_pos_window+1)n1,METAL,0.39458333048969507,22538,22592,4320,4320,1,"{""other"": 1}",unclassified_source_item_metadata,[]
4321,other,CompiledRunner,E_(gemma_start_pos_window+1)_2_4,METAL,0.010291696526110172,22528,45120,4321,4321,1,"{""other"": 1}",unclassified_source_item_metadata,[]
4322,other,CompiledRunner,r_8_2_16_4_4_(gemma_start_pos_window+1),METAL,0.4801249597221613,5767424,1482784,4322,4322,1,"{""other"": 1}",unclassified_source_item_metadata,[]
4323,other,CompiledRunner,r_1536_16_256,METAL,0.03633333835750818,13000704,6320128,4323,4323,1,"{""other"": 1}",unclassified_source_item_metadata,[]
4324,other,CompiledRunner,r_16_96,METAL,0.00841671135276556,3392,6148,4324,4324,1,"{""other"": 1}",unclassified_source_item_metadata,[]
4325,other,CompiledRunner,E_16_32_3,METAL,0.006250105798244476,4608,21508,4325,4325,1,"{""other"": 1}",unclassified_source_item_metadata,[]
4326,other,CompiledRunner,r_16_96,METAL,0.00841671135276556,3392,6148,4326,4326,1,"{""other"": 1}",unclassified_source_item_metadata,[]
4327,other,CompiledRunner,r_128_32_3_384_4,METAL,0.18462503794580698,44064768,18981892,4327,4327,1,"{""other"": 1}",unclassified_source_item_metadata,[]
4328,other,CompiledRunner,r_1536_16_384,METAL,0.18841656856238842,113664000,9498624,4328,4328,1,"{""other"": 1}",unclassified_source_item_metadata,[]
4329,other,CompiledRunner,r_16_96,METAL,0.01200009137392044,3392,6148,4329,4329,1,"{""other"": 1}",unclassified_source_item_metadata,[]
4330,other,CompiledRunner,E_16_32_3,METAL,0.008916598744690418,4608,21508,4330,4330,1,"{""other"": 1}",unclassified_source_item_metadata,[]
4331,other,CompiledRunner,r_256_16_96n5,METAL,0.20358327310532331,897024,417792,4331,4331,1,"{""other"": 1}",unclassified_source_item_metadata,[]
4332,other,CompiledRunner,r_1536_16_16n1,METAL,0.11312495917081833,1204224,406528,4332,4332,1,"{""other"": 1}",unclassified_source_item_metadata,[]
4333,other,CompiledRunner,r_16_96,METAL,0.2312499564141035,3392,6148,4333,4333,1,"{""other"": 1}",unclassified_source_item_metadata,[]
4334,other,CompiledRunner,E_16_32_3n1,METAL,0.238166656345129,6144,21510,4334,4334,1,"{""other"": 1}",unclassified_source_item_metadata,[]
4335,other,CompiledRunner,r_16_96,METAL,0.644916552118957,3392,6148,4335,4335,1,"{""other"": 1}",unclassified_source_item_metadata,[]
4336,other,CompiledRunner,r_2048_16_96,METAL,0.04125002305954695,10027008,3171332,4336,4336,1,"{""other"": 1}",unclassified_source_item_metadata,[]
4337,other,CompiledRunner,r_8_16_16,METAL,0.008541624993085861,6656,8224,4337,4337,1,"{""other"": 1}",unclassified_source_item_metadata,[]
4338,other,CompiledRunner,E_16_2_16_4,METAL,0.01200009137392044,37888,16928,4338,4338,1,"{""other"": 1}",unclassified_source_item_metadata,[]
4339,other,CompiledRunner,r_4_32_4_2_4_32,METAL,0.031666713766753674,2097152,548864,4339,4339,1,"{""other"": 1}",unclassified_source_item_metadata,[]
4340,other,CompiledRunner,r_8_16_32,METAL,0.008999952115118504,12288,16416,4340,4340,1,"{""other"": 1}",unclassified_source_item_metadata,[]
4341,other,CompiledRunner,r_8_16_32n1,METAL,0.010750023648142815,18560,16448,4341,4341,1,"{""other"": 1}",unclassified_source_item_metadata,[]
4342,other,CompiledRunner,r_2_32_4_2_4_64,METAL,0.05741673521697521,2197504,548928,4342,4342,1,"{""other"": 1}",unclassified_source_item_metadata,[]
4343,other,CompiledRunner,r_1536_16_128,METAL,0.03208336420357227,6709248,3166208,4343,4343,1,"{""other"": 1}",unclassified_source_item_metadata,[]
4344,other,CompiledRunner,r_16_96,METAL,0.008750008419156075,3392,6148,4344,4344,1,"{""other"": 1}",unclassified_source_item_metadata,[]
4345,other,CompiledRunner,E_16_32_3,METAL,0.006083282642066479,4608,21508,4345,4345,1,"{""other"": 1}",unclassified_source_item_metadata,[]
4346,other,CompiledRunner,r_16_96,METAL,0.008624978363513947,3392,6148,4346,4346,1,"{""other"": 1}",unclassified_source_item_metadata,[]
4347,other,CompiledRunner,r_128_32_3_384_4,METAL,0.13437506277114153,44064768,18981892,4347,4347,1,"{""other"": 1}",unclassified_source_item_metadata,[]
4348,other,CompiledRunner,r_1536_16_384,METAL,0.13245828449726105,113664000,9498624,4348,4348,1,"{""other"": 1}",unclassified_source_item_metadata,[]
4349,other,CompiledRunner,r_16_96,METAL,0.008791685104370117,3392,6148,4349,4349,1,"{""other"": 1}",unclassified_source_item_metadata,[]
4350,other,CompiledRunner,E_16_32_3,METAL,0.006208312697708607,4608,21508,4350,4350,1,"{""other"": 1}",unclassified_source_item_metadata,[]
4351,other,CompiledRunner,r_256_16_96n6,METAL,0.012874952517449856,897024,417792,4351,4351,1,"{""other"": 1}",unclassified_source_item_metadata,[]
4352,other,CompiledRunner,r_1536_16_16n1,METAL,0.009375042282044888,1204224,406528,4352,4352,1,"{""other"": 1}",unclassified_source_item_metadata,[]
4353,other,CompiledRunner,r_16_96,METAL,0.008750008419156075,3392,6148,4353,4353,1,"{""other"": 1}",unclassified_source_item_metadata,[]
4354,other,CompiledRunner,E_16_32_3n1,METAL,0.006375019438564777,6144,21510,4354,4354,1,"{""other"": 1}",unclassified_source_item_metadata,[]
4355,other,CompiledRunner,r_16_96,METAL,0.008666771464049816,3392,6148,4355,4355,1,"{""other"": 1}",unclassified_source_item_metadata,[]
4356,other,CompiledRunner,r_2048_16_96,METAL,0.061875092796981335,10027008,3171332,4356,4356,1,"{""other"": 1}",unclassified_source_item_metadata,[]
4357,other,CompiledRunner,r_8_16_16,METAL,0.11437502689659595,6656,8224,4357,4357,1,"{""other"": 1}",unclassified_source_item_metadata,[]
4358,other,CompiledRunner,E_16_2_16_4,METAL,0.047749956138432026,37888,16928,4358,4358,1,"{""other"": 1}",unclassified_source_item_metadata,[]
4359,other,CompiledRunner,r_4_32_4_2_4_32,METAL,0.15924999024719,2097152,548864,4359,4359,1,"{""other"": 1}",unclassified_source_item_metadata,[]
4360,other,CompiledRunner,r_8_16_32,METAL,0.1296249683946371,12288,16416,4360,4360,1,"{""other"": 1}",unclassified_source_item_metadata,[]
4361,other,CompiledRunner,r_8_16_32n1,METAL,0.42099994607269764,18560,16448,4361,4361,1,"{""other"": 1}",unclassified_source_item_metadata,[]
4362,other,CompiledRunner,r_2_32_4_2_4_64,METAL,0.04112499300390482,2197504,548928,4362,4362,1,"{""other"": 1}",unclassified_source_item_metadata,[]
4363,other,CompiledRunner,r_1536_16_128,METAL,0.022416701540350914,6709248,3166208,4363,4363,1,"{""other"": 1}",unclassified_source_item_metadata,[]
4364,other,CompiledRunner,r_16_96,METAL,0.006875023245811462,3392,6148,4364,4364,1,"{""other"": 1}",unclassified_source_item_metadata,[]
4365,other,CompiledRunner,E_16_32_3,METAL,0.005125068128108978,4608,21508,4365,4365,1,"{""other"": 1}",unclassified_source_item_metadata,[]
4366,other,CompiledRunner,r_16_96,METAL,0.006583286449313164,3392,6148,4366,4366,1,"{""other"": 1}",unclassified_source_item_metadata,[]
4367,other,CompiledRunner,r_128_32_3_384_4,METAL,0.10724994353950024,44064768,18981892,4367,4367,1,"{""other"": 1}",unclassified_source_item_metadata,[]
4368,other,CompiledRunner,r_1536_16_384,METAL,0.10212499182671309,113664000,9498624,4368,4368,1,"{""other"": 1}",unclassified_source_item_metadata,[]
4369,other,CompiledRunner,r_16_96,METAL,0.006749993190169334,3392,6148,4369,4369,1,"{""other"": 1}",unclassified_source_item_metadata,[]
4370,other,CompiledRunner,E_16_32_3,METAL,0.005208305083215237,4608,21508,4370,4370,1,"{""other"": 1}",unclassified_source_item_metadata,[]
4371,other,CompiledRunner,r_256_16_96n7,METAL,0.009541632607579231,897024,417792,4371,4371,1,"{""other"": 1}",unclassified_source_item_metadata,[]
4372,other,CompiledRunner,r_1536_16_16n1,METAL,0.007291673682630062,1204224,406528,4372,4372,1,"{""other"": 1}",unclassified_source_item_metadata,[]
4373,other,CompiledRunner,r_16_96,METAL,0.006624963134527206,3392,6148,4373,4373,1,"{""other"": 1}",unclassified_source_item_metadata,[]
4374,other,CompiledRunner,E_16_32_3n1,METAL,0.005125068128108978,6144,21510,4374,4374,1,"{""other"": 1}",unclassified_source_item_metadata,[]
4375,other,CompiledRunner,r_16_96,METAL,0.006624963134527206,3392,6148,4375,4375,1,"{""other"": 1}",unclassified_source_item_metadata,[]
4376,other,CompiledRunner,r_2048_16_96,METAL,0.02174999099224806,10027008,3171332,4376,4376,1,"{""other"": 1}",unclassified_source_item_metadata,[]
4377,other,CompiledRunner,r_8_16_16,METAL,0.004874891601502895,6656,8224,4377,4377,1,"{""other"": 1}",unclassified_source_item_metadata,[]
4378,other,CompiledRunner,E_16_2_16_4,METAL,0.00700005330145359,37888,16928,4378,4378,1,"{""other"": 1}",unclassified_source_item_metadata,[]
4379,other,CompiledRunner,r_4_32_4_2_4_32,METAL,0.01833331771194935,2097152,548864,4379,4379,1,"{""other"": 1}",unclassified_source_item_metadata,[]
4380,other,CompiledRunner,r_8_16_32,METAL,0.00500003807246685,12288,16416,4380,4380,1,"{""other"": 1}",unclassified_source_item_metadata,[]
4381,other,CompiledRunner,r_8_16_32n1,METAL,0.006208312697708607,18560,16448,4381,4381,1,"{""other"": 1}",unclassified_source_item_metadata,[]
4382,other,CompiledRunner,r_2_32_4_2_4_64,METAL,0.03300001844763756,2197504,548928,4382,4382,1,"{""other"": 1}",unclassified_source_item_metadata,[]
4383,other,CompiledRunner,r_1536_16_128,METAL,0.02062495332211256,6709248,3166208,4383,4383,1,"{""other"": 1}",unclassified_source_item_metadata,[]
4384,other,CompiledRunner,r_16_96,METAL,0.00783335417509079,3392,6148,4384,4384,1,"{""other"": 1}",unclassified_source_item_metadata,[]
4385,other,CompiledRunner,E_16_32_3,METAL,0.03929168451577425,4608,21508,4385,4385,1,"{""other"": 1}",unclassified_source_item_metadata,[]
4386,other,CompiledRunner,r_16_96,METAL,0.09824999142438173,3392,6148,4386,4386,1,"{""other"": 1}",unclassified_source_item_metadata,[]
4387,other,CompiledRunner,r_128_32_3_384_4,METAL,0.17929170280694962,44064768,18981892,4387,4387,1,"{""other"": 1}",unclassified_source_item_metadata,[]
4388,other,CompiledRunner,r_1536_16_384,METAL,0.34354161471128464,113664000,9498624,4388,4388,1,"{""other"": 1}",unclassified_source_item_metadata,[]
4389,other,CompiledRunner,r_16_96,METAL,0.36904169246554375,3392,6148,4389,4389,1,"{""other"": 1}",unclassified_source_item_metadata,[]
4390,other,CompiledRunner,E_16_32_3,METAL,0.006624963134527206,4608,21508,4390,4390,1,"{""other"": 1}",unclassified_source_item_metadata,[]
4391,other,CompiledRunner,r_256_16_96n8,METAL,0.012875068932771683,897024,417792,4391,4391,1,"{""other"": 1}",unclassified_source_item_metadata,[]
4392,other,CompiledRunner,r_1536_16_16n1,METAL,0.00925001222640276,1204224,406528,4392,4392,1,"{""other"": 1}",unclassified_source_item_metadata,[]
4393,other,CompiledRunner,r_16_96,METAL,0.00866665504872799,3392,6148,4393,4393,1,"{""other"": 1}",unclassified_source_item_metadata,[]
4394,other,CompiledRunner,E_16_32_3n1,METAL,0.00500003807246685,6144,21510,4394,4394,1,"{""other"": 1}",unclassified_source_item_metadata,[]
4395,other,CompiledRunner,r_16_96,METAL,0.006958260200917721,3392,6148,4395,4395,1,"{""other"": 1}",unclassified_source_item_metadata,[]
4396,other,CompiledRunner,r_2048_16_96,METAL,0.02191669773310423,10027008,3171332,4396,4396,1,"{""other"": 1}",unclassified_source_item_metadata,[]
4397,other,CompiledRunner,r_8_16_16,METAL,0.005041714757680893,6656,8224,4397,4397,1,"{""other"": 1}",unclassified_source_item_metadata,[]
4398,other,CompiledRunner,E_16_2_16_4,METAL,0.0072499969974160194,37888,16928,4398,4398,1,"{""other"": 1}",unclassified_source_item_metadata,[]
4399,other,CompiledRunner,r_4_32_4_2_4_32,METAL,0.018125050701200962,2097152,548864,4399,4399,1,"{""other"": 1}",unclassified_source_item_metadata,[]
4400,other,CompiledRunner,r_8_16_32,METAL,0.005124951712787151,12288,16416,4400,4400,1,"{""other"": 1}",unclassified_source_item_metadata,[]
4401,other,CompiledRunner,r_8_16_32n1,METAL,0.006249989382922649,18560,16448,4401,4401,1,"{""other"": 1}",unclassified_source_item_metadata,[]
4402,other,CompiledRunner,r_2_32_4_2_4_64,METAL,0.032625044696033,2197504,548928,4402,4402,1,"{""other"": 1}",unclassified_source_item_metadata,[]
4403,other,CompiledRunner,r_1536_16_128,METAL,0.018000020645558834,6709248,3166208,4403,4403,1,"{""other"": 1}",unclassified_source_item_metadata,[]
4404,other,CompiledRunner,r_16_96,METAL,0.006749993190169334,3392,6148,4404,4404,1,"{""other"": 1}",unclassified_source_item_metadata,[]
4405,other,CompiledRunner,E_16_32_3,METAL,0.004916684702038765,4608,21508,4405,4405,1,"{""other"": 1}",unclassified_source_item_metadata,[]
4406,other,CompiledRunner,r_16_96,METAL,0.006541609764099121,3392,6148,4406,4406,1,"{""other"": 1}",unclassified_source_item_metadata,[]
4407,other,CompiledRunner,r_128_32_3_384_4,METAL,0.10533328168094158,44064768,18981892,4407,4407,1,"{""other"": 1}",unclassified_source_item_metadata,[]
4408,other,CompiledRunner,r_1536_16_384,METAL,0.10262499563395977,113664000,9498624,4408,4408,1,"{""other"": 1}",unclassified_source_item_metadata,[]
4409,other,CompiledRunner,r_16_96,METAL,0.006624963134527206,3392,6148,4409,4409,1,"{""other"": 1}",unclassified_source_item_metadata,[]
4410,other,CompiledRunner,E_16_32_3,METAL,0.004875008016824722,4608,21508,4410,4410,1,"{""other"": 1}",unclassified_source_item_metadata,[]
4411,other,CompiledRunner,r_256_16_96n9,METAL,0.00941671896725893,897024,417792,4411,4411,1,"{""other"": 1}",unclassified_source_item_metadata,[]
4412,other,CompiledRunner,r_1536_16_16n1,METAL,0.007333350367844105,1204224,406528,4412,4412,1,"{""other"": 1}",unclassified_source_item_metadata,[]
4413,other,CompiledRunner,r_16_96,METAL,0.006499933078885078,3392,6148,4413,4413,1,"{""other"": 1}",unclassified_source_item_metadata,[]
4414,other,CompiledRunner,E_16_32_3n1,METAL,0.07262500002980232,6144,21510,4414,4414,1,"{""other"": 1}",unclassified_source_item_metadata,[]
4415,other,CompiledRunner,r_16_96,METAL,0.018000020645558834,3392,6148,4415,4415,1,"{""other"": 1}",unclassified_source_item_metadata,[]
4416,other,CompiledRunner,r_32_32_4_384_4,METAL,0.21512492094188929,14163968,6333444,4416,4416,1,"{""other"": 1}",unclassified_source_item_metadata,[]
4417,other,CompiledRunner,r_8_16_32n2,METAL,0.2851249882951379,10752,16416,4417,4417,1,"{""other"": 1}",unclassified_source_item_metadata,[]
4418,other,CompiledRunner,E_8_2_16_4_4,METAL,0.014125020243227482,95488,33824,4418,4418,1,"{""other"": 1}",unclassified_source_item_metadata,[]
4419,other,CompiledRunner,r_8_(gemma_start_pos_window+1)_16_32,METAL,0.013999990187585354,7208960,1482784,4419,4419,1,"{""other"": 1}",unclassified_source_item_metadata,[]
4420,other,CompiledRunner,r_2_4_(gemma_start_pos_window+1),METAL,0.171625055372715,11266,22560,4420,4420,1,"{""other"": 1}",unclassified_source_item_metadata,[]
4421,other,CompiledRunner,r_2_4_(gemma_start_pos_window+1)n1,METAL,0.1862082863226533,22538,22592,4421,4421,1,"{""other"": 1}",unclassified_source_item_metadata,[]
4422,other,CompiledRunner,E_(gemma_start_pos_window+1)_2_4,METAL,0.004708301275968552,22528,45120,4422,4422,1,"{""other"": 1}",unclassified_source_item_metadata,[]
4423,other,CompiledRunner,r_8_2_16_4_4_(gemma_start_pos_window+1),METAL,0.3274583723396063,5767424,1482784,4423,4423,1,"{""other"": 1}",unclassified_source_item_metadata,[]
4424,other,CompiledRunner,r_1536_16_256,METAL,0.023625092580914497,13000704,6320128,4424,4424,1,"{""other"": 1}",unclassified_source_item_metadata,[]
4425,other,CompiledRunner,r_16_96,METAL,0.005500041879713535,3392,6148,4425,4425,1,"{""other"": 1}",unclassified_source_item_metadata,[]
4426,other,CompiledRunner,E_16_32_3,METAL,0.004041590727865696,4608,21508,4426,4426,1,"{""other"": 1}",unclassified_source_item_metadata,[]
4427,other,CompiledRunner,r_16_96,METAL,0.005624955520033836,3392,6148,4427,4427,1,"{""other"": 1}",unclassified_source_item_metadata,[]
4428,other,CompiledRunner,r_128_32_3_384_4,METAL,0.08687505032867193,44064768,18981892,4428,4428,1,"{""other"": 1}",unclassified_source_item_metadata,[]
4429,other,CompiledRunner,r_1536_16_384,METAL,0.08229166269302368,113664000,9498624,4429,4429,1,"{""other"": 1}",unclassified_source_item_metadata,[]
4430,other,CompiledRunner,r_16_96,METAL,0.005416572093963623,3392,6148,4430,4430,1,"{""other"": 1}",unclassified_source_item_metadata,[]
4431,other,CompiledRunner,E_16_32_3,METAL,0.004250090569257736,4608,21508,4431,4431,1,"{""other"": 1}",unclassified_source_item_metadata,[]
4432,other,CompiledRunner,r_256_16_96n10,METAL,0.00825000461190939,897024,417792,4432,4432,1,"{""other"": 1}",unclassified_source_item_metadata,[]
4433,other,CompiledRunner,r_1536_16_16n1,METAL,0.005958252586424351,1204224,406528,4433,4433,1,"{""other"": 1}",unclassified_source_item_metadata,[]
4434,other,CompiledRunner,r_16_96,METAL,0.005499925464391708,3392,6148,4434,4434,1,"{""other"": 1}",unclassified_source_item_metadata,[]
4435,other,CompiledRunner,E_16_32_3n1,METAL,0.004125060513615608,6144,21510,4435,4435,1,"{""other"": 1}",unclassified_source_item_metadata,[]
4436,other,CompiledRunner,r_16_96,METAL,0.005624955520033836,3392,6148,4436,4436,1,"{""other"": 1}",unclassified_source_item_metadata,[]
4437,other,CompiledRunner,r_2048_16_96,METAL,0.01825008075684309,10027008,3171332,4437,4437,1,"{""other"": 1}",unclassified_source_item_metadata,[]
4438,other,CompiledRunner,r_8_16_16,METAL,0.004125060513615608,6656,8224,4438,4438,1,"{""other"": 1}",unclassified_source_item_metadata,[]
4439,other,CompiledRunner,E_16_2_16_4,METAL,0.005749985575675964,37888,16928,4439,4439,1,"{""other"": 1}",unclassified_source_item_metadata,[]
4440,other,CompiledRunner,r_4_32_4_2_4_32,METAL,0.015291618183255196,2097152,548864,4440,4440,1,"{""other"": 1}",unclassified_source_item_metadata,[]
4441,other,CompiledRunner,r_8_16_32,METAL,0.0048334477469325066,12288,16416,4441,4441,1,"{""other"": 1}",unclassified_source_item_metadata,[]
4442,other,CompiledRunner,r_8_16_32n1,METAL,0.014291610568761826,18560,16448,4442,4442,1,"{""other"": 1}",unclassified_source_item_metadata,[]
4443,other,CompiledRunner,r_2_32_4_2_4_64,METAL,0.10504166129976511,2197504,548928,4443,4443,1,"{""other"": 1}",unclassified_source_item_metadata,[]
4444,other,CompiledRunner,r_1536_16_128,METAL,0.32383331563323736,6709248,3166208,4444,4444,1,"{""other"": 1}",unclassified_source_item_metadata,[]
4445,other,CompiledRunner,r_16_96,METAL,0.2549999626353383,3392,6148,4445,4445,1,"{""other"": 1}",unclassified_source_item_metadata,[]
4446,other,CompiledRunner,E_16_32_3,METAL,0.004375004209578037,4608,21508,4446,4446,1,"{""other"": 1}",unclassified_source_item_metadata,[]
4447,other,CompiledRunner,r_16_96,METAL,0.005624955520033836,3392,6148,4447,4447,1,"{""other"": 1}",unclassified_source_item_metadata,[]
4448,other,CompiledRunner,r_128_32_3_384_4,METAL,0.08937495294958353,44064768,18981892,4448,4448,1,"{""other"": 1}",unclassified_source_item_metadata,[]
4449,other,CompiledRunner,r_1536_16_384,METAL,0.08308328688144684,113664000,9498624,4449,4449,1,"{""other"": 1}",unclassified_source_item_metadata,[]
4450,other,CompiledRunner,r_16_96,METAL,0.005624955520033836,3392,6148,4450,4450,1,"{""other"": 1}",unclassified_source_item_metadata,[]
4451,other,CompiledRunner,E_16_32_3,METAL,0.004125060513615608,4608,21508,4451,4451,1,"{""other"": 1}",unclassified_source_item_metadata,[]
4452,other,CompiledRunner,r_256_16_96n11,METAL,0.008375034667551517,897024,417792,4452,4452,1,"{""other"": 1}",unclassified_source_item_metadata,[]
4453,other,CompiledRunner,r_1536_16_16n1,METAL,0.00600004568696022,1204224,406528,4453,4453,1,"{""other"": 1}",unclassified_source_item_metadata,[]
4454,other,CompiledRunner,r_16_96,METAL,0.00583333894610405,3392,6148,4454,4454,1,"{""other"": 1}",unclassified_source_item_metadata,[]
4455,other,CompiledRunner,E_16_32_3n1,METAL,0.004249974153935909,6144,21510,4455,4455,1,"{""other"": 1}",unclassified_source_item_metadata,[]
4456,other,CompiledRunner,r_16_96,METAL,0.005583278834819794,3392,6148,4456,4456,1,"{""other"": 1}",unclassified_source_item_metadata,[]
4457,other,CompiledRunner,r_2048_16_96,METAL,0.01862493809312582,10027008,3171332,4457,4457,1,"{""other"": 1}",unclassified_source_item_metadata,[]
4458,other,CompiledRunner,r_8_16_16,METAL,0.0040833838284015656,6656,8224,4458,4458,1,"{""other"": 1}",unclassified_source_item_metadata,[]
4459,other,CompiledRunner,E_16_2_16_4,METAL,0.006083399057388306,37888,16928,4459,4459,1,"{""other"": 1}",unclassified_source_item_metadata,[]
4460,other,CompiledRunner,r_4_32_4_2_4_32,METAL,0.015125027857720852,2097152,548864,4460,4460,1,"{""other"": 1}",unclassified_source_item_metadata,[]
4461,other,CompiledRunner,r_8_16_32,METAL,0.004333327524363995,12288,16416,4461,4461,1,"{""other"": 1}",unclassified_source_item_metadata,[]
4462,other,CompiledRunner,r_8_16_32n1,METAL,0.005083391442894936,18560,16448,4462,4462,1,"{""other"": 1}",unclassified_source_item_metadata,[]
4463,other,CompiledRunner,r_2_32_4_2_4_64,METAL,0.027499976567924023,2197504,548928,4463,4463,1,"{""other"": 1}",unclassified_source_item_metadata,[]
4464,other,CompiledRunner,r_1536_16_128,METAL,0.014416640624403954,6709248,3166208,4464,4464,1,"{""other"": 1}",unclassified_source_item_metadata,[]
4465,other,CompiledRunner,r_16_96,METAL,0.005541602149605751,3392,6148,4465,4465,1,"{""other"": 1}",unclassified_source_item_metadata,[]
4466,other,CompiledRunner,E_16_32_3,METAL,0.00400003045797348,4608,21508,4466,4466,1,"{""other"": 1}",unclassified_source_item_metadata,[]
4467,other,CompiledRunner,r_16_96,METAL,0.00541668850928545,3392,6148,4467,4467,1,"{""other"": 1}",unclassified_source_item_metadata,[]
4468,other,CompiledRunner,r_128_32_3_384_4,METAL,0.08812500163912773,44064768,18981892,4468,4468,1,"{""other"": 1}",unclassified_source_item_metadata,[]
4469,other,CompiledRunner,r_1536_16_384,METAL,0.08258339948952198,113664000,9498624,4469,4469,1,"{""other"": 1}",unclassified_source_item_metadata,[]
4470,other,CompiledRunner,r_16_96,METAL,0.005583278834819794,3392,6148,4470,4470,1,"{""other"": 1}",unclassified_source_item_metadata,[]
4471,other,CompiledRunner,E_16_32_3,METAL,0.004166620783507824,4608,21508,4471,4471,1,"{""other"": 1}",unclassified_source_item_metadata,[]
4472,other,CompiledRunner,r_256_16_96n12,METAL,0.024374923668801785,897024,417792,4472,4472,1,"{""other"": 1}",unclassified_source_item_metadata,[]
4473,other,CompiledRunner,r_1536_16_16n1,METAL,0.018000020645558834,1204224,406528,4473,4473,1,"{""other"": 1}",unclassified_source_item_metadata,[]
4474,other,CompiledRunner,r_16_96,METAL,0.025666668079793453,3392,6148,4474,4474,1,"{""other"": 1}",unclassified_source_item_metadata,[]
4475,other,CompiledRunner,E_16_32_3n1,METAL,0.06991671398282051,6144,21510,4475,4475,1,"{""other"": 1}",unclassified_source_item_metadata,[]
4476,other,CompiledRunner,r_16_96,METAL,0.09362492710351944,3392,6148,4476,4476,1,"{""other"": 1}",unclassified_source_item_metadata,[]
4477,other,CompiledRunner,r_2048_16_96,METAL,0.29966665897518396,10027008,3171332,4477,4477,1,"{""other"": 1}",unclassified_source_item_metadata,[]
4478,other,CompiledRunner,r_8_16_16,METAL,0.004041707143187523,6656,8224,4478,4478,1,"{""other"": 1}",unclassified_source_item_metadata,[]
4479,other,CompiledRunner,E_16_2_16_4,METAL,0.00583333894610405,37888,16928,4479,4479,1,"{""other"": 1}",unclassified_source_item_metadata,[]
4480,other,CompiledRunner,r_4_32_4_2_4_32,METAL,0.015291734598577023,2097152,548864,4480,4480,1,"{""other"": 1}",unclassified_source_item_metadata,[]
4481,other,CompiledRunner,r_8_16_32,METAL,0.004125060513615608,12288,16416,4481,4481,1,"{""other"": 1}",unclassified_source_item_metadata,[]
4482,other,CompiledRunner,r_8_16_32n1,METAL,0.00500003807246685,18560,16448,4482,4482,1,"{""other"": 1}",unclassified_source_item_metadata,[]
4483,other,CompiledRunner,r_2_32_4_2_4_64,METAL,0.02787495031952858,2197504,548928,4483,4483,1,"{""other"": 1}",unclassified_source_item_metadata,[]
4484,other,CompiledRunner,r_1536_16_128,METAL,0.014958321116864681,6709248,3166208,4484,4484,1,"{""other"": 1}",unclassified_source_item_metadata,[]
4485,other,CompiledRunner,r_16_96,METAL,0.005708308890461922,3392,6148,4485,4485,1,"{""other"": 1}",unclassified_source_item_metadata,[]
4486,other,CompiledRunner,E_16_32_3,METAL,0.00400003045797348,4608,21508,4486,4486,1,"{""other"": 1}",unclassified_source_item_metadata,[]
4487,other,CompiledRunner,r_16_96,METAL,0.00541668850928545,3392,6148,4487,4487,1,"{""other"": 1}",unclassified_source_item_metadata,[]
4488,other,CompiledRunner,r_128_32_3_384_4,METAL,0.08712499402463436,44064768,18981892,4488,4488,1,"{""other"": 1}",unclassified_source_item_metadata,[]
4489,other,CompiledRunner,r_1536_16_384,METAL,0.08229166269302368,113664000,9498624,4489,4489,1,"{""other"": 1}",unclassified_source_item_metadata,[]
4490,other,CompiledRunner,r_16_96,METAL,0.005583395250141621,3392,6148,4490,4490,1,"{""other"": 1}",unclassified_source_item_metadata,[]
4491,other,CompiledRunner,E_16_32_3,METAL,0.0043334439396858215,4608,21508,4491,4491,1,"{""other"": 1}",unclassified_source_item_metadata,[]
4492,other,CompiledRunner,r_256_16_96n13,METAL,0.008124974556267262,897024,417792,4492,4492,1,"{""other"": 1}",unclassified_source_item_metadata,[]
4493,other,CompiledRunner,r_1536_16_16n1,METAL,0.006124959327280521,1204224,406528,4493,4493,1,"{""other"": 1}",unclassified_source_item_metadata,[]
4494,other,CompiledRunner,r_16_96,METAL,0.005749985575675964,3392,6148,4494,4494,1,"{""other"": 1}",unclassified_source_item_metadata,[]
4495,other,CompiledRunner,E_16_32_3n1,METAL,0.003999914042651653,6144,21510,4495,4495,1,"{""other"": 1}",unclassified_source_item_metadata,[]
4496,other,CompiledRunner,r_16_96,METAL,0.005624955520033836,3392,6148,4496,4496,1,"{""other"": 1}",unclassified_source_item_metadata,[]
4497,other,CompiledRunner,r_2048_16_96,METAL,0.017416663467884064,10027008,3171332,4497,4497,1,"{""other"": 1}",unclassified_source_item_metadata,[]
4498,other,CompiledRunner,r_8_16_16,METAL,0.00400003045797348,6656,8224,4498,4498,1,"{""other"": 1}",unclassified_source_item_metadata,[]
4499,other,CompiledRunner,E_16_2_16_4,METAL,0.005708308890461922,37888,16928,4499,4499,1,"{""other"": 1}",unclassified_source_item_metadata,[]
4500,other,CompiledRunner,r_4_32_4_2_4_32,METAL,0.015041674487292767,2097152,548864,4500,4500,1,"{""other"": 1}",unclassified_source_item_metadata,[]
4501,other,CompiledRunner,r_8_16_32,METAL,0.004166620783507824,12288,16416,4501,4501,1,"{""other"": 1}",unclassified_source_item_metadata,[]
4502,other,CompiledRunner,r_8_16_32n1,METAL,0.005166628398001194,18560,16448,4502,4502,1,"{""other"": 1}",unclassified_source_item_metadata,[]
4503,other,CompiledRunner,r_2_32_4_2_4_64,METAL,0.027291709557175636,2197504,548928,4503,4503,1,"{""other"": 1}",unclassified_source_item_metadata,[]
4504,other,CompiledRunner,r_1536_16_128,METAL,0.014625024050474167,6709248,3166208,4504,4504,1,"{""other"": 1}",unclassified_source_item_metadata,[]
4505,other,CompiledRunner,r_16_96,METAL,0.012499978765845299,3392,6148,4505,4505,1,"{""other"": 1}",unclassified_source_item_metadata,[]
4506,other,CompiledRunner,E_16_32_3,METAL,0.02962502185255289,4608,21508,4506,4506,1,"{""other"": 1}",unclassified_source_item_metadata,[]
4507,other,CompiledRunner,r_16_96,METAL,0.004875008016824722,3392,6148,4507,4507,1,"{""other"": 1}",unclassified_source_item_metadata,[]
4508,other,CompiledRunner,r_128_32_3_384_4,METAL,0.0968750100582838,44064768,18981892,4508,4508,1,"{""other"": 1}",unclassified_source_item_metadata,[]
4509,other,CompiledRunner,r_1536_16_384,METAL,0.34437503200024366,113664000,9498624,4509,4509,1,"{""other"": 1}",unclassified_source_item_metadata,[]
4510,other,CompiledRunner,r_16_96,METAL,0.005166628398001194,3392,6148,4510,4510,1,"{""other"": 1}",unclassified_source_item_metadata,[]
4511,other,CompiledRunner,E_16_32_3,METAL,0.0037499703466892242,4608,21508,4511,4511,1,"{""other"": 1}",unclassified_source_item_metadata,[]
4512,other,CompiledRunner,r_256_16_96n14,METAL,0.007333350367844105,897024,417792,4512,4512,1,"{""other"": 1}",unclassified_source_item_metadata,[]
4513,other,CompiledRunner,r_1536_16_16n1,METAL,0.005541602149605751,1204224,406528,4513,4513,1,"{""other"": 1}",unclassified_source_item_metadata,[]
4514,other,CompiledRunner,r_16_96,METAL,0.004791654646396637,3392,6148,4514,4514,1,"{""other"": 1}",unclassified_source_item_metadata,[]
4515,other,CompiledRunner,E_16_32_3n1,METAL,0.004041707143187523,6144,21510,4515,4515,1,"{""other"": 1}",unclassified_source_item_metadata,[]
4516,other,CompiledRunner,r_16_96,METAL,0.004249974153935909,3392,6148,4516,4516,1,"{""other"": 1}",unclassified_source_item_metadata,[]
4517,other,CompiledRunner,r_512_16_96,METAL,0.007166643626987934,2506752,799748,4517,4517,1,"{""other"": 1}",unclassified_source_item_metadata,[]
4518,other,CompiledRunner,r_16_32,METAL,0.0037082936614751816,1344,2052,4518,4518,1,"{""other"": 1}",unclassified_source_item_metadata,[]
4519,other,CompiledRunner,E_4_32_4n1,METAL,0.003166729584336281,512,4100,4519,4519,1,"{""other"": 1}",unclassified_source_item_metadata,[]
4520,other,CompiledRunner,E_192_4_8_16_4,METAL,0.004708301275968552,0,3145732,4520,4520,1,"{""other"": 1}",unclassified_source_item_metadata,[]
4521,other,CompiledRunner,E_1120_4_8_16_4,METAL,0.00937492586672306,0,18350084,4521,4521,1,"{""other"": 1}",unclassified_source_item_metadata,[]
4522,other,CompiledRunner,r_1536_16_16,METAL,0.005124951712787151,811008,1579008,4522,4522,1,"{""other"": 1}",unclassified_source_item_metadata,[]
4523,other,CompiledRunner,r_16_96,METAL,0.004583387635648251,3392,6148,4523,4523,1,"{""other"": 1}",unclassified_source_item_metadata,[]
4524,other,CompiledRunner,r_70_32_4_384_4,METAL,0.07629173342138529,27543040,13840384,4524,4524,1,"{""other"": 1}",unclassified_source_item_metadata,[]
4525,other,CompiledRunner,r_2048_16_96,METAL,0.016124919056892395,10027008,3171332,4525,4525,1,"{""other"": 1}",unclassified_source_item_metadata,[]
4526,other,CompiledRunner,r_35_16_16,METAL,0.00341667328029871,29120,35980,4526,4526,1,"{""other"": 1}",unclassified_source_item_metadata,[]
4527,other,CompiledRunner,r_8_16_16,METAL,0.0034583499655127525,6656,8224,4527,4527,1,"{""other"": 1}",unclassified_source_item_metadata,[]
4528,other,CompiledRunner,r_35_4_16_4_64_4,METAL,0.017000013031065464,2338560,9247372,4528,4528,1,"{""other"": 1}",unclassified_source_item_metadata,[]
4529,other,CompiledRunner,E_16_2_16_4,METAL,0.004874891601502895,37888,16928,4529,4529,1,"{""other"": 1}",unclassified_source_item_metadata,[]
4530,other,CompiledRunner,r_4_32_4_2_4_32,METAL,0.012625008821487427,2097152,548864,4530,4530,1,"{""other"": 1}",unclassified_source_item_metadata,[]
4531,other,CompiledRunner,r_8_16_32,METAL,0.003625056706368923,12288,16416,4531,4531,1,"{""other"": 1}",unclassified_source_item_metadata,[]
4532,other,CompiledRunner,r_8_16_32n1,METAL,0.004249974153935909,18560,16448,4532,4532,1,"{""other"": 1}",unclassified_source_item_metadata,[]
4533,other,CompiledRunner,r_2_32_4_2_4_64,METAL,0.02287491224706173,2197504,548928,4533,4533,1,"{""other"": 1}",unclassified_source_item_metadata,[]
4534,other,CompiledRunner,r_1536_16_128,METAL,0.01279159914702177,6709248,3166208,4534,4534,1,"{""other"": 1}",unclassified_source_item_metadata,[]
4535,other,CompiledRunner,r_16_96,METAL,0.004583271220326424,3392,6148,4535,4535,1,"{""other"": 1}",unclassified_source_item_metadata,[]
4536,other,CompiledRunner,E_16_32_3,METAL,0.00341667328029871,4608,21508,4536,4536,1,"{""other"": 1}",unclassified_source_item_metadata,[]
4537,other,CompiledRunner,r_16_96,METAL,0.004625064320862293,3392,6148,4537,4537,1,"{""other"": 1}",unclassified_source_item_metadata,[]
4538,other,CompiledRunner,r_128_32_3_384_4,METAL,0.09124993812292814,44064768,18981892,4538,4538,1,"{""other"": 1}",unclassified_source_item_metadata,[]
4539,other,CompiledRunner,r_1536_16_384,METAL,0.09362504351884127,113664000,9498624,4539,4539,1,"{""other"": 1}",unclassified_source_item_metadata,[]
4540,other,CompiledRunner,r_16_96,METAL,0.09433331433683634,3392,6148,4540,4540,1,"{""other"": 1}",unclassified_source_item_metadata,[]
4541,other,CompiledRunner,E_16_32_3,METAL,0.1969583099707961,4608,21508,4541,4541,1,"{""other"": 1}",unclassified_source_item_metadata,[]
4542,other,CompiledRunner,r_256_16_96n1,METAL,0.0072499969974160194,897024,417792,4542,4542,1,"{""other"": 1}",unclassified_source_item_metadata,[]
4543,other,CompiledRunner,r_1536_16_16n1,METAL,0.005249981768429279,1204224,406528,4543,4543,1,"{""other"": 1}",unclassified_source_item_metadata,[]
4544,other,CompiledRunner,r_16_96,METAL,0.004999921657145023,3392,6148,4544,4544,1,"{""other"": 1}",unclassified_source_item_metadata,[]
4545,other,CompiledRunner,E_16_32_3n1,METAL,0.0037499703466892242,6144,21510,4545,4545,1,"{""other"": 1}",unclassified_source_item_metadata,[]
4546,other,CompiledRunner,r_16_96,METAL,0.004916568286716938,3392,6148,4546,4546,1,"{""other"": 1}",unclassified_source_item_metadata,[]
4547,other,CompiledRunner,r_2048_16_96,METAL,0.017166719771921635,10027008,3171332,4547,4547,1,"{""other"": 1}",unclassified_source_item_metadata,[]
4548,other,CompiledRunner,r_8_16_16,METAL,0.003500026650726795,6656,8224,4548,4548,1,"{""other"": 1}",unclassified_source_item_metadata,[]
4549,other,CompiledRunner,E_16_2_16_4,METAL,0.00537489540874958,37888,16928,4549,4549,1,"{""other"": 1}",unclassified_source_item_metadata,[]
4550,other,CompiledRunner,r_4_32_4_2_4_32,METAL,0.012999982573091984,2097152,548864,4550,4550,1,"{""other"": 1}",unclassified_source_item_metadata,[]
4551,other,CompiledRunner,r_8_16_32,METAL,0.0035832636058330536,12288,16416,4551,4551,1,"{""other"": 1}",unclassified_source_item_metadata,[]
4552,other,CompiledRunner,r_8_16_32n1,METAL,0.004375004209578037,18560,16448,4552,4552,1,"{""other"": 1}",unclassified_source_item_metadata,[]
4553,other,CompiledRunner,r_2_32_4_2_4_64,METAL,0.02337503246963024,2197504,548928,4553,4553,1,"{""other"": 1}",unclassified_source_item_metadata,[]
4554,other,CompiledRunner,r_1536_16_128,METAL,0.01325004268437624,6709248,3166208,4554,4554,1,"{""other"": 1}",unclassified_source_item_metadata,[]
4555,other,CompiledRunner,r_16_96,METAL,0.004541594535112381,3392,6148,4555,4555,1,"{""other"": 1}",unclassified_source_item_metadata,[]
4556,other,CompiledRunner,E_16_32_3,METAL,0.003374996595084667,4608,21508,4556,4556,1,"{""other"": 1}",unclassified_source_item_metadata,[]
4557,other,CompiledRunner,r_16_96,METAL,0.004666741006076336,3392,6148,4557,4557,1,"{""other"": 1}",unclassified_source_item_metadata,[]
4558,other,CompiledRunner,r_128_32_3_384_4,METAL,0.08987495675683022,44064768,18981892,4558,4558,1,"{""other"": 1}",unclassified_source_item_metadata,[]
4559,other,CompiledRunner,r_1536_16_384,METAL,0.06829167250543833,113664000,9498624,4559,4559,1,"{""other"": 1}",unclassified_source_item_metadata,[]
4560,other,CompiledRunner,r_16_96,METAL,0.004625064320862293,3392,6148,4560,4560,1,"{""other"": 1}",unclassified_source_item_metadata,[]
4561,other,CompiledRunner,E_16_32_3,METAL,0.09545835200697184,4608,21508,4561,4561,1,"{""other"": 1}",unclassified_source_item_metadata,[]
4562,other,CompiledRunner,r_256_16_96n2,METAL,0.006749993190169334,897024,417792,4562,4562,1,"{""other"": 1}",unclassified_source_item_metadata,[]
4563,other,CompiledRunner,r_1536_16_16n1,METAL,0.16050005797296762,1204224,406528,4563,4563,1,"{""other"": 1}",unclassified_source_item_metadata,[]
4564,other,CompiledRunner,r_16_96,METAL,0.004708417691290379,3392,6148,4564,4564,1,"{""other"": 1}",unclassified_source_item_metadata,[]
4565,other,CompiledRunner,E_16_32_3n1,METAL,0.003750086762011051,6144,21510,4565,4565,1,"{""other"": 1}",unclassified_source_item_metadata,[]
4566,other,CompiledRunner,r_16_96,METAL,0.004583387635648251,3392,6148,4566,4566,1,"{""other"": 1}",unclassified_source_item_metadata,[]
4567,other,CompiledRunner,r_2048_16_96,METAL,0.01654168590903282,10027008,3171332,4567,4567,1,"{""other"": 1}",unclassified_source_item_metadata,[]
4568,other,CompiledRunner,r_8_16_16,METAL,0.0034583499655127525,6656,8224,4568,4568,1,"{""other"": 1}",unclassified_source_item_metadata,[]
4569,other,CompiledRunner,E_16_2_16_4,METAL,0.004875008016824722,37888,16928,4569,4569,1,"{""other"": 1}",unclassified_source_item_metadata,[]
4570,other,CompiledRunner,r_4_32_4_2_4_32,METAL,0.01300009898841381,2097152,548864,4570,4570,1,"{""other"": 1}",unclassified_source_item_metadata,[]
4571,other,CompiledRunner,r_8_16_32,METAL,0.00683334656059742,12288,16416,4571,4571,1,"{""other"": 1}",unclassified_source_item_metadata,[]
4572,other,CompiledRunner,r_8_16_32n1,METAL,0.05212507676333189,18560,16448,4572,4572,1,"{""other"": 1}",unclassified_source_item_metadata,[]
4573,other,CompiledRunner,r_2_32_4_2_4_64,METAL,0.05262496415525675,2197504,548928,4573,4573,1,"{""other"": 1}",unclassified_source_item_metadata,[]
4574,other,CompiledRunner,r_1536_16_128,METAL,0.23337500169873238,6709248,3166208,4574,4574,1,"{""other"": 1}",unclassified_source_item_metadata,[]
4575,other,CompiledRunner,r_16_96,METAL,0.004250090569257736,3392,6148,4575,4575,1,"{""other"": 1}",unclassified_source_item_metadata,[]
4576,other,CompiledRunner,E_16_32_3,METAL,0.003374996595084667,4608,21508,4576,4576,1,"{""other"": 1}",unclassified_source_item_metadata,[]
4577,other,CompiledRunner,r_16_96,METAL,0.004166737198829651,3392,6148,4577,4577,1,"{""other"": 1}",unclassified_source_item_metadata,[]
4578,other,CompiledRunner,r_128_32_3_384_4,METAL,0.07037504110485315,44064768,18981892,4578,4578,1,"{""other"": 1}",unclassified_source_item_metadata,[]
4579,other,CompiledRunner,r_1536_16_384,METAL,0.061875092796981335,113664000,9498624,4579,4579,1,"{""other"": 1}",unclassified_source_item_metadata,[]
4580,other,CompiledRunner,r_16_96,METAL,0.0039583537727594376,3392,6148,4580,4580,1,"{""other"": 1}",unclassified_source_item_metadata,[]
4581,other,CompiledRunner,E_16_32_3,METAL,0.0032084062695503235,4608,21508,4581,4581,1,"{""other"": 1}",unclassified_source_item_metadata,[]
4582,other,CompiledRunner,r_256_16_96n3,METAL,0.00600004568696022,897024,417792,4582,4582,1,"{""other"": 1}",unclassified_source_item_metadata,[]
4583,other,CompiledRunner,r_1536_16_16n1,METAL,0.004875008016824722,1204224,406528,4583,4583,1,"{""other"": 1}",unclassified_source_item_metadata,[]
4584,other,CompiledRunner,r_16_96,METAL,0.003916677087545395,3392,6148,4584,4584,1,"{""other"": 1}",unclassified_source_item_metadata,[]
4585,other,CompiledRunner,E_16_32_3n1,METAL,0.0031249364838004112,6144,21510,4585,4585,1,"{""other"": 1}",unclassified_source_item_metadata,[]
4586,other,CompiledRunner,r_16_96,METAL,0.003916677087545395,3392,6148,4586,4586,1,"{""other"": 1}",unclassified_source_item_metadata,[]
4587,other,CompiledRunner,r_2048_16_96,METAL,0.013999990187585354,10027008,3171332,4587,4587,1,"{""other"": 1}",unclassified_source_item_metadata,[]
4588,other,CompiledRunner,r_8_16_16,METAL,0.002874992787837982,6656,8224,4588,4588,1,"{""other"": 1}",unclassified_source_item_metadata,[]
4589,other,CompiledRunner,E_16_2_16_4,METAL,0.004500034265220165,37888,16928,4589,4589,1,"{""other"": 1}",unclassified_source_item_metadata,[]
4590,other,CompiledRunner,r_4_32_4_2_4_32,METAL,0.0116666778922081,2097152,548864,4590,4590,1,"{""other"": 1}",unclassified_source_item_metadata,[]
4591,other,CompiledRunner,r_8_16_32,METAL,0.003125052899122238,12288,16416,4591,4591,1,"{""other"": 1}",unclassified_source_item_metadata,[]
4592,other,CompiledRunner,r_8_16_32n1,METAL,0.003750086762011051,18560,16448,4592,4592,1,"{""other"": 1}",unclassified_source_item_metadata,[]
4593,other,CompiledRunner,r_2_32_4_2_4_64,METAL,0.01995835918933153,2197504,548928,4593,4593,1,"{""other"": 1}",unclassified_source_item_metadata,[]
4594,other,CompiledRunner,r_1536_16_128,METAL,0.011124997399747372,6709248,3166208,4594,4594,1,"{""other"": 1}",unclassified_source_item_metadata,[]
4595,other,CompiledRunner,r_16_96,METAL,0.003916677087545395,3392,6148,4595,4595,1,"{""other"": 1}",unclassified_source_item_metadata,[]
4596,other,CompiledRunner,E_16_32_3,METAL,0.002791639417409897,4608,21508,4596,4596,1,"{""other"": 1}",unclassified_source_item_metadata,[]
4597,other,CompiledRunner,r_16_96,METAL,0.004041707143187523,3392,6148,4597,4597,1,"{""other"": 1}",unclassified_source_item_metadata,[]
4598,other,CompiledRunner,r_128_32_3_384_4,METAL,0.06629177369177341,44064768,18981892,4598,4598,1,"{""other"": 1}",unclassified_source_item_metadata,[]
4599,other,CompiledRunner,r_1536_16_384,METAL,0.057249912060797215,113664000,9498624,4599,4599,1,"{""other"": 1}",unclassified_source_item_metadata,[]
4600,other,CompiledRunner,r_16_96,METAL,0.0039583537727594376,3392,6148,4600,4600,1,"{""other"": 1}",unclassified_source_item_metadata,[]
4601,other,CompiledRunner,E_16_32_3,METAL,0.0031249364838004112,4608,21508,4601,4601,1,"{""other"": 1}",unclassified_source_item_metadata,[]
4602,other,CompiledRunner,r_256_16_96n4,METAL,0.008624978363513947,897024,417792,4602,4602,1,"{""other"": 1}",unclassified_source_item_metadata,[]
4603,other,CompiledRunner,r_1536_16_16n1,METAL,0.03791670314967632,1204224,406528,4603,4603,1,"{""other"": 1}",unclassified_source_item_metadata,[]
4604,other,CompiledRunner,r_16_96,METAL,0.09654171299189329,3392,6148,4604,4604,1,"{""other"": 1}",unclassified_source_item_metadata,[]
4605,other,CompiledRunner,E_16_32_3n1,METAL,0.13295840471982956,6144,21510,4605,4605,1,"{""other"": 1}",unclassified_source_item_metadata,[]
4606,other,CompiledRunner,r_16_96,METAL,0.00400003045797348,3392,6148,4606,4606,1,"{""other"": 1}",unclassified_source_item_metadata,[]
4607,other,CompiledRunner,r_32_32_4_384_4,METAL,0.08279166650027037,14163968,6333444,4607,4607,1,"{""other"": 1}",unclassified_source_item_metadata,[]
4608,other,CompiledRunner,r_8_16_32n2,METAL,0.0038333237171173096,10752,16416,4608,4608,1,"{""other"": 1}",unclassified_source_item_metadata,[]
4609,other,CompiledRunner,E_8_2_16_4_4,METAL,0.010874937288463116,95488,33824,4609,4609,1,"{""other"": 1}",unclassified_source_item_metadata,[]
4610,other,CompiledRunner,r_8_(gemma_start_pos_window+1)_16_32,METAL,0.010083313100039959,7208960,1482784,4610,4610,1,"{""other"": 1}",unclassified_source_item_metadata,[]
4611,other,CompiledRunner,r_2_4_(gemma_start_pos_window+1),METAL,0.12824998702853918,11266,22560,4611,4611,1,"{""other"": 1}",unclassified_source_item_metadata,[]
4612,other,CompiledRunner,r_2_4_(gemma_start_pos_window+1)n1,METAL,0.14070840552449226,22538,22592,4612,4612,1,"{""other"": 1}",unclassified_source_item_metadata,[]
4613,other,CompiledRunner,E_(gemma_start_pos_window+1)_2_4,METAL,0.0034583499655127525,22528,45120,4613,4613,1,"{""other"": 1}",unclassified_source_item_metadata,[]
4614,other,CompiledRunner,r_8_2_16_4_4_(gemma_start_pos_window+1),METAL,0.24995836429297924,5767424,1482784,4614,4614,1,"{""other"": 1}",unclassified_source_item_metadata,[]
4615,other,CompiledRunner,r_1536_16_256,METAL,0.019583385437726974,13000704,6320128,4615,4615,1,"{""other"": 1}",unclassified_source_item_metadata,[]
4616,other,CompiledRunner,r_16_96,METAL,0.0038333237171173096,3392,6148,4616,4616,1,"{""other"": 1}",unclassified_source_item_metadata,[]
4617,other,CompiledRunner,E_16_32_3,METAL,0.002916669473052025,4608,21508,4617,4617,1,"{""other"": 1}",unclassified_source_item_metadata,[]
4618,other,CompiledRunner,r_16_96,METAL,0.0038750004023313522,3392,6148,4618,4618,1,"{""other"": 1}",unclassified_source_item_metadata,[]
4619,other,CompiledRunner,r_128_32_3_384_4,METAL,0.06612506695091724,44064768,18981892,4619,4619,1,"{""other"": 1}",unclassified_source_item_metadata,[]
4620,other,CompiledRunner,r_1536_16_384,METAL,0.056833261623978615,113664000,9498624,4620,4620,1,"{""other"": 1}",unclassified_source_item_metadata,[]
4621,other,CompiledRunner,r_16_96,METAL,0.003916560672223568,3392,6148,4621,4621,1,"{""other"": 1}",unclassified_source_item_metadata,[]
4622,other,CompiledRunner,E_16_32_3,METAL,0.0032082898542284966,4608,21508,4622,4622,1,"{""other"": 1}",unclassified_source_item_metadata,[]
4623,other,CompiledRunner,r_256_16_96n5,METAL,0.005916692316532135,897024,417792,4623,4623,1,"{""other"": 1}",unclassified_source_item_metadata,[]
4624,other,CompiledRunner,r_1536_16_16n1,METAL,0.004375004209578037,1204224,406528,4624,4624,1,"{""other"": 1}",unclassified_source_item_metadata,[]
4625,other,CompiledRunner,r_16_96,METAL,0.003916560672223568,3392,6148,4625,4625,1,"{""other"": 1}",unclassified_source_item_metadata,[]
4626,other,CompiledRunner,E_16_32_3n1,METAL,0.0031249364838004112,6144,21510,4626,4626,1,"{""other"": 1}",unclassified_source_item_metadata,[]
4627,other,CompiledRunner,r_16_96,METAL,0.0038333237171173096,3392,6148,4627,4627,1,"{""other"": 1}",unclassified_source_item_metadata,[]
4628,other,CompiledRunner,r_2048_16_96,METAL,0.014249933883547783,10027008,3171332,4628,4628,1,"{""other"": 1}",unclassified_source_item_metadata,[]
4629,other,CompiledRunner,r_8_16_16,METAL,0.0029999064281582832,6656,8224,4629,4629,1,"{""other"": 1}",unclassified_source_item_metadata,[]
4630,other,CompiledRunner,E_16_2_16_4,METAL,0.004291767254471779,37888,16928,4630,4630,1,"{""other"": 1}",unclassified_source_item_metadata,[]
4631,other,CompiledRunner,r_4_32_4_2_4_32,METAL,0.011124997399747372,2097152,548864,4631,4631,1,"{""other"": 1}",unclassified_source_item_metadata,[]
4632,other,CompiledRunner,r_8_16_32,METAL,0.0030832597985863686,12288,16416,4632,4632,1,"{""other"": 1}",unclassified_source_item_metadata,[]
4633,other,CompiledRunner,r_8_16_32n1,METAL,0.003666616976261139,18560,16448,4633,4633,1,"{""other"": 1}",unclassified_source_item_metadata,[]
4634,other,CompiledRunner,r_2_32_4_2_4_64,METAL,0.06137497257441282,2197504,548928,4634,4634,1,"{""other"": 1}",unclassified_source_item_metadata,[]
4635,other,CompiledRunner,r_1536_16_128,METAL,0.04824995994567871,6709248,3166208,4635,4635,1,"{""other"": 1}",unclassified_source_item_metadata,[]
4636,other,CompiledRunner,r_16_96,METAL,0.01337495632469654,3392,6148,4636,4636,1,"{""other"": 1}",unclassified_source_item_metadata,[]
4637,other,CompiledRunner,E_16_32_3,METAL,0.12550002429634333,4608,21508,4637,4637,1,"{""other"": 1}",unclassified_source_item_metadata,[]
4638,other,CompiledRunner,r_16_96,METAL,0.00400003045797348,3392,6148,4638,4638,1,"{""other"": 1}",unclassified_source_item_metadata,[]
4639,other,CompiledRunner,r_128_32_3_384_4,METAL,0.07062498480081558,44064768,18981892,4639,4639,1,"{""other"": 1}",unclassified_source_item_metadata,[]
4640,other,CompiledRunner,r_1536_16_384,METAL,0.06162503268569708,113664000,9498624,4640,4640,1,"{""other"": 1}",unclassified_source_item_metadata,[]
4641,other,CompiledRunner,r_16_96,METAL,0.004124944098293781,3392,6148,4641,4641,1,"{""other"": 1}",unclassified_source_item_metadata,[]
4642,other,CompiledRunner,E_16_32_3,METAL,0.0031249364838004112,4608,21508,4642,4642,1,"{""other"": 1}",unclassified_source_item_metadata,[]
4643,other,CompiledRunner,r_256_16_96n6,METAL,0.006041722372174263,897024,417792,4643,4643,1,"{""other"": 1}",unclassified_source_item_metadata,[]
4644,other,CompiledRunner,r_1536_16_16n1,METAL,0.004499917849898338,1204224,406528,4644,4644,1,"{""other"": 1}",unclassified_source_item_metadata,[]
4645,other,CompiledRunner,r_16_96,METAL,0.004124944098293781,3392,6148,4645,4645,1,"{""other"": 1}",unclassified_source_item_metadata,[]
4646,other,CompiledRunner,E_16_32_3n1,METAL,0.003125052899122238,6144,21510,4646,4646,1,"{""other"": 1}",unclassified_source_item_metadata,[]
4647,other,CompiledRunner,r_16_96,METAL,0.004125060513615608,3392,6148,4647,4647,1,"{""other"": 1}",unclassified_source_item_metadata,[]
4648,other,CompiledRunner,r_2048_16_96,METAL,0.015291618183255196,10027008,3171332,4648,4648,1,"{""other"": 1}",unclassified_source_item_metadata,[]
4649,other,CompiledRunner,r_8_16_16,METAL,0.002874992787837982,6656,8224,4649,4649,1,"{""other"": 1}",unclassified_source_item_metadata,[]
4650,other,CompiledRunner,E_16_2_16_4,METAL,0.004999921657145023,37888,16928,4650,4650,1,"{""other"": 1}",unclassified_source_item_metadata,[]
4651,other,CompiledRunner,r_4_32_4_2_4_32,METAL,0.011124997399747372,2097152,548864,4651,4651,1,"{""other"": 1}",unclassified_source_item_metadata,[]
4652,other,CompiledRunner,r_8_16_32,METAL,0.002916669473052025,12288,16416,4652,4652,1,"{""other"": 1}",unclassified_source_item_metadata,[]
4653,other,CompiledRunner,r_8_16_32n1,METAL,0.003750086762011051,18560,16448,4653,4653,1,"{""other"": 1}",unclassified_source_item_metadata,[]
4654,other,CompiledRunner,r_2_32_4_2_4_64,METAL,0.020124949514865875,2197504,548928,4654,4654,1,"{""other"": 1}",unclassified_source_item_metadata,[]
4655,other,CompiledRunner,r_1536_16_128,METAL,0.011375057511031628,6709248,3166208,4655,4655,1,"{""other"": 1}",unclassified_source_item_metadata,[]
4656,other,CompiledRunner,r_16_96,METAL,0.0038750004023313522,3392,6148,4656,4656,1,"{""other"": 1}",unclassified_source_item_metadata,[]
4657,other,CompiledRunner,E_16_32_3,METAL,0.002916669473052025,4608,21508,4657,4657,1,"{""other"": 1}",unclassified_source_item_metadata,[]
4658,other,CompiledRunner,r_16_96,METAL,0.004125060513615608,3392,6148,4658,4658,1,"{""other"": 1}",unclassified_source_item_metadata,[]
4659,other,CompiledRunner,r_128_32_3_384_4,METAL,0.06724998820573092,44064768,18981892,4659,4659,1,"{""other"": 1}",unclassified_source_item_metadata,[]
4660,other,CompiledRunner,r_1536_16_384,METAL,0.056833261623978615,113664000,9498624,4660,4660,1,"{""other"": 1}",unclassified_source_item_metadata,[]
4661,other,CompiledRunner,r_16_96,METAL,0.003916677087545395,3392,6148,4661,4661,1,"{""other"": 1}",unclassified_source_item_metadata,[]
4662,other,CompiledRunner,E_16_32_3,METAL,0.003249966539442539,4608,21508,4662,4662,1,"{""other"": 1}",unclassified_source_item_metadata,[]
4663,other,CompiledRunner,r_256_16_96n7,METAL,0.006249989382922649,897024,417792,4663,4663,1,"{""other"": 1}",unclassified_source_item_metadata,[]
4664,other,CompiledRunner,r_1536_16_16n1,METAL,0.004458357580006123,1204224,406528,4664,4664,1,"{""other"": 1}",unclassified_source_item_metadata,[]
4665,other,CompiledRunner,r_16_96,METAL,0.00400003045797348,3392,6148,4665,4665,1,"{""other"": 1}",unclassified_source_item_metadata,[]
4666,other,CompiledRunner,E_16_32_3n1,METAL,0.0030833762139081955,6144,21510,4666,4666,1,"{""other"": 1}",unclassified_source_item_metadata,[]
4667,other,CompiledRunner,r_16_96,METAL,0.003999914042651653,3392,6148,4667,4667,1,"{""other"": 1}",unclassified_source_item_metadata,[]
4668,other,CompiledRunner,r_2048_16_96,METAL,0.014249933883547783,10027008,3171332,4668,4668,1,"{""other"": 1}",unclassified_source_item_metadata,[]
4669,other,CompiledRunner,r_8_16_16,METAL,0.002916553057730198,6656,8224,4669,4669,1,"{""other"": 1}",unclassified_source_item_metadata,[]
4670,other,CompiledRunner,E_16_2_16_4,METAL,0.004875008016824722,37888,16928,4670,4670,1,"{""other"": 1}",unclassified_source_item_metadata,[]
4671,other,CompiledRunner,r_4_32_4_2_4_32,METAL,0.04620826803147793,2097152,548864,4671,4671,1,"{""other"": 1}",unclassified_source_item_metadata,[]
4672,other,CompiledRunner,r_8_16_32,METAL,0.0963334459811449,12288,16416,4672,4672,1,"{""other"": 1}",unclassified_source_item_metadata,[]
4673,other,CompiledRunner,r_8_16_32n1,METAL,0.13575004413723946,18560,16448,4673,4673,1,"{""other"": 1}",unclassified_source_item_metadata,[]
4674,other,CompiledRunner,r_2_32_4_2_4_64,METAL,0.01995835918933153,2197504,548928,4674,4674,1,"{""other"": 1}",unclassified_source_item_metadata,[]
4675,other,CompiledRunner,r_1536_16_128,METAL,0.011375057511031628,6709248,3166208,4675,4675,1,"{""other"": 1}",unclassified_source_item_metadata,[]
4676,other,CompiledRunner,r_16_96,METAL,0.0036249402910470963,3392,6148,4676,4676,1,"{""other"": 1}",unclassified_source_item_metadata,[]
4677,other,CompiledRunner,E_16_32_3,METAL,0.0028333161026239395,4608,21508,4677,4677,1,"{""other"": 1}",unclassified_source_item_metadata,[]
4678,other,CompiledRunner,r_16_96,METAL,0.003625056706368923,3392,6148,4678,4678,1,"{""other"": 1}",unclassified_source_item_metadata,[]
4679,other,CompiledRunner,r_128_32_3_384_4,METAL,0.06941671017557383,44064768,18981892,4679,4679,1,"{""other"": 1}",unclassified_source_item_metadata,[]
4680,other,CompiledRunner,r_1536_16_384,METAL,0.05349994171410799,113664000,9498624,4680,4680,1,"{""other"": 1}",unclassified_source_item_metadata,[]
4681,other,CompiledRunner,r_16_96,METAL,0.00341667328029871,3392,6148,4681,4681,1,"{""other"": 1}",unclassified_source_item_metadata,[]
4682,other,CompiledRunner,E_16_32_3,METAL,0.002750079147517681,4608,21508,4682,4682,1,"{""other"": 1}",unclassified_source_item_metadata,[]
4683,other,CompiledRunner,r_256_16_96n8,METAL,0.00583333894610405,897024,417792,4683,4683,1,"{""other"": 1}",unclassified_source_item_metadata,[]
4684,other,CompiledRunner,r_1536_16_16n1,METAL,0.004083267413079739,1204224,406528,4684,4684,1,"{""other"": 1}",unclassified_source_item_metadata,[]
4685,other,CompiledRunner,r_16_96,METAL,0.0034999102354049683,3392,6148,4685,4685,1,"{""other"": 1}",unclassified_source_item_metadata,[]
4686,other,CompiledRunner,E_16_32_3n1,METAL,0.002750079147517681,6144,21510,4686,4686,1,"{""other"": 1}",unclassified_source_item_metadata,[]
4687,other,CompiledRunner,r_16_96,METAL,0.003625056706368923,3392,6148,4687,4687,1,"{""other"": 1}",unclassified_source_item_metadata,[]
4688,other,CompiledRunner,r_2048_16_96,METAL,0.012874952517449856,10027008,3171332,4688,4688,1,"{""other"": 1}",unclassified_source_item_metadata,[]
4689,other,CompiledRunner,r_8_16_16,METAL,0.002541695721447468,6656,8224,4689,4689,1,"{""other"": 1}",unclassified_source_item_metadata,[]
4690,other,CompiledRunner,E_16_2_16_4,METAL,0.003999914042651653,37888,16928,4690,4690,1,"{""other"": 1}",unclassified_source_item_metadata,[]
4691,other,CompiledRunner,r_4_32_4_2_4_32,METAL,0.010166666470468044,2097152,548864,4691,4691,1,"{""other"": 1}",unclassified_source_item_metadata,[]
4692,other,CompiledRunner,r_8_16_32,METAL,0.0027082860469818115,12288,16416,4692,4692,1,"{""other"": 1}",unclassified_source_item_metadata,[]
4693,other,CompiledRunner,r_8_16_32n1,METAL,0.003291759639978409,18560,16448,4693,4693,1,"{""other"": 1}",unclassified_source_item_metadata,[]
4694,other,CompiledRunner,r_2_32_4_2_4_64,METAL,0.01762493047863245,2197504,548928,4694,4694,1,"{""other"": 1}",unclassified_source_item_metadata,[]
4695,other,CompiledRunner,r_1536_16_128,METAL,0.010499963536858559,6709248,3166208,4695,4695,1,"{""other"": 1}",unclassified_source_item_metadata,[]
4696,other,CompiledRunner,r_16_96,METAL,0.003541703335940838,3392,6148,4696,4696,1,"{""other"": 1}",unclassified_source_item_metadata,[]
4697,other,CompiledRunner,E_16_32_3,METAL,0.002624932676553726,4608,21508,4697,4697,1,"{""other"": 1}",unclassified_source_item_metadata,[]
4698,other,CompiledRunner,r_16_96,METAL,0.003541703335940838,3392,6148,4698,4698,1,"{""other"": 1}",unclassified_source_item_metadata,[]
4699,other,CompiledRunner,r_128_32_3_384_4,METAL,0.06750004831701517,44064768,18981892,4699,4699,1,"{""other"": 1}",unclassified_source_item_metadata,[]
4700,other,CompiledRunner,r_1536_16_384,METAL,0.049749971367418766,113664000,9498624,4700,4700,1,"{""other"": 1}",unclassified_source_item_metadata,[]
4701,other,CompiledRunner,r_16_96,METAL,0.003541703335940838,3392,6148,4701,4701,1,"{""other"": 1}",unclassified_source_item_metadata,[]
4702,other,CompiledRunner,E_16_32_3,METAL,0.002749962732195854,4608,21508,4702,4702,1,"{""other"": 1}",unclassified_source_item_metadata,[]
4703,other,CompiledRunner,r_256_16_96n9,METAL,0.00700005330145359,897024,417792,4703,4703,1,"{""other"": 1}",unclassified_source_item_metadata,[]
4704,other,CompiledRunner,r_1536_16_16n1,METAL,0.007916591130197048,1204224,406528,4704,4704,1,"{""other"": 1}",unclassified_source_item_metadata,[]
4705,other,CompiledRunner,r_16_96,METAL,0.0819165725260973,3392,6148,4705,4705,1,"{""other"": 1}",unclassified_source_item_metadata,[]
4706,other,CompiledRunner,E_16_32_3n1,METAL,0.10616669896990061,6144,21510,4706,4706,1,"{""other"": 1}",unclassified_source_item_metadata,[]
4707,other,CompiledRunner,r_16_96,METAL,0.003625056706368923,3392,6148,4707,4707,1,"{""other"": 1}",unclassified_source_item_metadata,[]
4708,other,CompiledRunner,r_32_32_4_384_4,METAL,0.06924988701939583,14163968,6333444,4708,4708,1,"{""other"": 1}",unclassified_source_item_metadata,[]
4709,other,CompiledRunner,r_8_16_32n2,METAL,0.003249966539442539,10752,16416,4709,4709,1,"{""other"": 1}",unclassified_source_item_metadata,[]
4710,other,CompiledRunner,E_8_2_16_4_4,METAL,0.010166666470468044,95488,33824,4710,4710,1,"{""other"": 1}",unclassified_source_item_metadata,[]
4711,other,CompiledRunner,r_8_(gemma_start_pos_window+1)_16_32,METAL,0.008958275429904461,7208960,1482784,4711,4711,1,"{""other"": 1}",unclassified_source_item_metadata,[]
4712,other,CompiledRunner,r_2_4_(gemma_start_pos_window+1),METAL,0.11475000064820051,11266,22560,4712,4712,1,"{""other"": 1}",unclassified_source_item_metadata,[]
4713,other,CompiledRunner,r_2_4_(gemma_start_pos_window+1)n1,METAL,0.12554170098155737,22538,22592,4713,4713,1,"{""other"": 1}",unclassified_source_item_metadata,[]
4714,other,CompiledRunner,E_(gemma_start_pos_window+1)_2_4,METAL,0.003249966539442539,22528,45120,4714,4714,1,"{""other"": 1}",unclassified_source_item_metadata,[]
4715,other,CompiledRunner,r_8_2_16_4_4_(gemma_start_pos_window+1),METAL,0.2305415691807866,5767424,1482784,4715,4715,1,"{""other"": 1}",unclassified_source_item_metadata,[]
4716,other,CompiledRunner,r_1536_16_256,METAL,0.020000035874545574,13000704,6320128,4716,4716,1,"{""other"": 1}",unclassified_source_item_metadata,[]
4717,other,CompiledRunner,r_16_96,METAL,0.003541586920619011,3392,6148,4717,4717,1,"{""other"": 1}",unclassified_source_item_metadata,[]
4718,other,CompiledRunner,E_16_32_3,METAL,0.002624932676553726,4608,21508,4718,4718,1,"{""other"": 1}",unclassified_source_item_metadata,[]
4719,other,CompiledRunner,r_16_96,METAL,0.003541703335940838,3392,6148,4719,4719,1,"{""other"": 1}",unclassified_source_item_metadata,[]
4720,other,CompiledRunner,r_128_32_3_384_4,METAL,0.06837502587586641,44064768,18981892,4720,4720,1,"{""other"": 1}",unclassified_source_item_metadata,[]
4721,other,CompiledRunner,r_1536_16_384,METAL,0.05025009158998728,113664000,9498624,4721,4721,1,"{""other"": 1}",unclassified_source_item_metadata,[]
4722,other,CompiledRunner,r_16_96,METAL,0.003500026650726795,3392,6148,4722,4722,1,"{""other"": 1}",unclassified_source_item_metadata,[]
4723,other,CompiledRunner,E_16_32_3,METAL,0.0028333161026239395,4608,21508,4723,4723,1,"{""other"": 1}",unclassified_source_item_metadata,[]
4724,other,CompiledRunner,r_256_16_96n10,METAL,0.005166628398001194,897024,417792,4724,4724,1,"{""other"": 1}",unclassified_source_item_metadata,[]
4725,other,CompiledRunner,r_1536_16_16n1,METAL,0.004041707143187523,1204224,406528,4725,4725,1,"{""other"": 1}",unclassified_source_item_metadata,[]
4726,other,CompiledRunner,r_16_96,METAL,0.003500026650726795,3392,6148,4726,4726,1,"{""other"": 1}",unclassified_source_item_metadata,[]
4727,other,CompiledRunner,E_16_32_3n1,METAL,0.0029583461582660675,6144,21510,4727,4727,1,"{""other"": 1}",unclassified_source_item_metadata,[]
4728,other,CompiledRunner,r_16_96,METAL,0.003541703335940838,3392,6148,4728,4728,1,"{""other"": 1}",unclassified_source_item_metadata,[]
4729,other,CompiledRunner,r_2048_16_96,METAL,0.013999990187585354,10027008,3171332,4729,4729,1,"{""other"": 1}",unclassified_source_item_metadata,[]
4730,other,CompiledRunner,r_8_16_16,METAL,0.002666609361767769,6656,8224,4730,4730,1,"{""other"": 1}",unclassified_source_item_metadata,[]
4731,other,CompiledRunner,E_16_2_16_4,METAL,0.0038333237171173096,37888,16928,4731,4731,1,"{""other"": 1}",unclassified_source_item_metadata,[]
4732,other,CompiledRunner,r_4_32_4_2_4_32,METAL,0.010708346962928772,2097152,548864,4732,4732,1,"{""other"": 1}",unclassified_source_item_metadata,[]
4733,other,CompiledRunner,r_8_16_32,METAL,0.002750079147517681,12288,16416,4733,4733,1,"{""other"": 1}",unclassified_source_item_metadata,[]
4734,other,CompiledRunner,r_8_16_32n1,METAL,0.003291643224656582,18560,16448,4734,4734,1,"{""other"": 1}",unclassified_source_item_metadata,[]
4735,other,CompiledRunner,r_2_32_4_2_4_64,METAL,0.018125050701200962,2197504,548928,4735,4735,1,"{""other"": 1}",unclassified_source_item_metadata,[]
4736,other,CompiledRunner,r_1536_16_128,METAL,0.04475004971027374,6709248,3166208,4736,4736,1,"{""other"": 1}",unclassified_source_item_metadata,[]
4737,other,CompiledRunner,r_16_96,METAL,0.03020837903022766,3392,6148,4737,4737,1,"{""other"": 1}",unclassified_source_item_metadata,[]
4738,other,CompiledRunner,E_16_32_3,METAL,0.17499993555247784,4608,21508,4738,4738,1,"{""other"": 1}",unclassified_source_item_metadata,[]
4739,other,CompiledRunner,r_16_96,METAL,0.003500026650726795,3392,6148,4739,4739,1,"{""other"": 1}",unclassified_source_item_metadata,[]
4740,other,CompiledRunner,r_128_32_3_384_4,METAL,0.06895838305354118,44064768,18981892,4740,4740,1,"{""other"": 1}",unclassified_source_item_metadata,[]
4741,other,CompiledRunner,r_1536_16_384,METAL,0.05000003147870302,113664000,9498624,4741,4741,1,"{""other"": 1}",unclassified_source_item_metadata,[]
4742,other,CompiledRunner,r_16_96,METAL,0.0037082936614751816,3392,6148,4742,4742,1,"{""other"": 1}",unclassified_source_item_metadata,[]
4743,other,CompiledRunner,E_16_32_3,METAL,0.004958361387252808,4608,21508,4743,4743,1,"{""other"": 1}",unclassified_source_item_metadata,[]
4744,other,CompiledRunner,r_256_16_96n11,METAL,0.00925001222640276,897024,417792,4744,4744,1,"{""other"": 1}",unclassified_source_item_metadata,[]
4745,other,CompiledRunner,r_1536_16_16n1,METAL,0.006875023245811462,1204224,406528,4745,4745,1,"{""other"": 1}",unclassified_source_item_metadata,[]
4746,other,CompiledRunner,r_16_96,METAL,0.006791669875383377,3392,6148,4746,4746,1,"{""other"": 1}",unclassified_source_item_metadata,[]
4747,other,CompiledRunner,E_16_32_3n1,METAL,0.005124951712787151,6144,21510,4747,4747,1,"{""other"": 1}",unclassified_source_item_metadata,[]
4748,other,CompiledRunner,r_16_96,METAL,0.006875023245811462,3392,6148,4748,4748,1,"{""other"": 1}",unclassified_source_item_metadata,[]
4749,other,CompiledRunner,r_2048_16_96,METAL,0.02575002145022154,10027008,3171332,4749,4749,1,"{""other"": 1}",unclassified_source_item_metadata,[]
4750,other,CompiledRunner,r_8_16_16,METAL,0.005083391442894936,6656,8224,4750,4750,1,"{""other"": 1}",unclassified_source_item_metadata,[]
4751,other,CompiledRunner,E_16_2_16_4,METAL,0.0071249669417738914,37888,16928,4751,4751,1,"{""other"": 1}",unclassified_source_item_metadata,[]
4752,other,CompiledRunner,r_4_32_4_2_4_32,METAL,0.018874998204410076,2097152,548864,4752,4752,1,"{""other"": 1}",unclassified_source_item_metadata,[]
4753,other,CompiledRunner,r_8_16_32,METAL,0.00537489540874958,12288,16416,4753,4753,1,"{""other"": 1}",unclassified_source_item_metadata,[]
4754,other,CompiledRunner,r_8_16_32n1,METAL,0.006500049494206905,18560,16448,4754,4754,1,"{""other"": 1}",unclassified_source_item_metadata,[]
4755,other,CompiledRunner,r_2_32_4_2_4_64,METAL,0.0341667328029871,2197504,548928,4755,4755,1,"{""other"": 1}",unclassified_source_item_metadata,[]
4756,other,CompiledRunner,r_1536_16_128,METAL,0.020000035874545574,6709248,3166208,4756,4756,1,"{""other"": 1}",unclassified_source_item_metadata,[]
4757,other,CompiledRunner,r_16_96,METAL,0.0072499969974160194,3392,6148,4757,4757,1,"{""other"": 1}",unclassified_source_item_metadata,[]
4758,other,CompiledRunner,E_16_32_3,METAL,0.005375011824071407,4608,21508,4758,4758,1,"{""other"": 1}",unclassified_source_item_metadata,[]
4759,other,CompiledRunner,r_16_96,METAL,0.007458380423486233,3392,6148,4759,4759,1,"{""other"": 1}",unclassified_source_item_metadata,[]
4760,other,CompiledRunner,r_128_32_3_384_4,METAL,0.13450009282678366,44064768,18981892,4760,4760,1,"{""other"": 1}",unclassified_source_item_metadata,[]
4761,other,CompiledRunner,r_1536_16_384,METAL,0.13316655531525612,113664000,9498624,4761,4761,1,"{""other"": 1}",unclassified_source_item_metadata,[]
4762,other,CompiledRunner,r_16_96,METAL,0.008541624993085861,3392,6148,4762,4762,1,"{""other"": 1}",unclassified_source_item_metadata,[]
4763,other,CompiledRunner,E_16_32_3,METAL,0.0063749030232429504,4608,21508,4763,4763,1,"{""other"": 1}",unclassified_source_item_metadata,[]
4764,other,CompiledRunner,r_256_16_96n12,METAL,0.012375065125524998,897024,417792,4764,4764,1,"{""other"": 1}",unclassified_source_item_metadata,[]
4765,other,CompiledRunner,r_1536_16_16n1,METAL,0.04700000863522291,1204224,406528,4765,4765,1,"{""other"": 1}",unclassified_source_item_metadata,[]
4766,other,CompiledRunner,r_16_96,METAL,0.1128750154748559,3392,6148,4766,4766,1,"{""other"": 1}",unclassified_source_item_metadata,[]
4767,other,CompiledRunner,E_16_32_3n1,METAL,0.05683337803930044,6144,21510,4767,4767,1,"{""other"": 1}",unclassified_source_item_metadata,[]
4768,other,CompiledRunner,r_16_96,METAL,0.13841665349900723,3392,6148,4768,4768,1,"{""other"": 1}",unclassified_source_item_metadata,[]
4769,other,CompiledRunner,r_2048_16_96,METAL,0.6705416599288583,10027008,3171332,4769,4769,1,"{""other"": 1}",unclassified_source_item_metadata,[]
4770,other,CompiledRunner,r_8_16_16,METAL,0.005166628398001194,6656,8224,4770,4770,1,"{""other"": 1}",unclassified_source_item_metadata,[]
4771,other,CompiledRunner,E_16_2_16_4,METAL,0.007999944500625134,37888,16928,4771,4771,1,"{""other"": 1}",unclassified_source_item_metadata,[]
4772,other,CompiledRunner,r_4_32_4_2_4_32,METAL,0.021458370611071587,2097152,548864,4772,4772,1,"{""other"": 1}",unclassified_source_item_metadata,[]
4773,other,CompiledRunner,r_8_16_32,METAL,0.005958369001746178,12288,16416,4773,4773,1,"{""other"": 1}",unclassified_source_item_metadata,[]
4774,other,CompiledRunner,r_8_16_32n1,METAL,0.0071249669417738914,18560,16448,4774,4774,1,"{""other"": 1}",unclassified_source_item_metadata,[]
4775,other,CompiledRunner,r_2_32_4_2_4_64,METAL,0.03829167690128088,2197504,548928,4775,4775,1,"{""other"": 1}",unclassified_source_item_metadata,[]
4776,other,CompiledRunner,r_1536_16_128,METAL,0.021249987185001373,6709248,3166208,4776,4776,1,"{""other"": 1}",unclassified_source_item_metadata,[]
4777,other,CompiledRunner,r_16_96,METAL,0.007833237759768963,3392,6148,4777,4777,1,"{""other"": 1}",unclassified_source_item_metadata,[]
4778,other,CompiledRunner,E_16_32_3,METAL,0.005624955520033836,4608,21508,4778,4778,1,"{""other"": 1}",unclassified_source_item_metadata,[]
4779,other,CompiledRunner,r_16_96,METAL,0.00783335417509079,3392,6148,4779,4779,1,"{""other"": 1}",unclassified_source_item_metadata,[]
4780,other,CompiledRunner,r_128_32_3_384_4,METAL,0.13225001748651266,44064768,18981892,4780,4780,1,"{""other"": 1}",unclassified_source_item_metadata,[]
4781,other,CompiledRunner,r_1536_16_384,METAL,0.13262499123811722,113664000,9498624,4781,4781,1,"{""other"": 1}",unclassified_source_item_metadata,[]
4782,other,CompiledRunner,r_16_96,METAL,0.008583301678299904,3392,6148,4782,4782,1,"{""other"": 1}",unclassified_source_item_metadata,[]
4783,other,CompiledRunner,E_16_32_3,METAL,0.006124959327280521,4608,21508,4783,4783,1,"{""other"": 1}",unclassified_source_item_metadata,[]
4784,other,CompiledRunner,r_256_16_96n13,METAL,0.012083328329026699,897024,417792,4784,4784,1,"{""other"": 1}",unclassified_source_item_metadata,[]
4785,other,CompiledRunner,r_1536_16_16n1,METAL,0.009166658855974674,1204224,406528,4785,4785,1,"{""other"": 1}",unclassified_source_item_metadata,[]
4786,other,CompiledRunner,r_16_96,METAL,0.008458271622657776,3392,6148,4786,4786,1,"{""other"": 1}",unclassified_source_item_metadata,[]
4787,other,CompiledRunner,E_16_32_3n1,METAL,0.006333226338028908,6144,21510,4787,4787,1,"{""other"": 1}",unclassified_source_item_metadata,[]
4788,other,CompiledRunner,r_16_96,METAL,0.008375034667551517,3392,6148,4788,4788,1,"{""other"": 1}",unclassified_source_item_metadata,[]
4789,other,CompiledRunner,r_2048_16_96,METAL,0.02704164944589138,10027008,3171332,4789,4789,1,"{""other"": 1}",unclassified_source_item_metadata,[]
4790,other,CompiledRunner,r_8_16_16,METAL,0.006083282642066479,6656,8224,4790,4790,1,"{""other"": 1}",unclassified_source_item_metadata,[]
4791,other,CompiledRunner,E_16_2_16_4,METAL,0.008875038474798203,37888,16928,4791,4791,1,"{""other"": 1}",unclassified_source_item_metadata,[]
4792,other,CompiledRunner,r_4_32_4_2_4_32,METAL,0.023000058718025684,2097152,548864,4792,4792,1,"{""other"": 1}",unclassified_source_item_metadata,[]
4793,other,CompiledRunner,r_8_16_32,METAL,0.006500049494206905,12288,16416,4793,4793,1,"{""other"": 1}",unclassified_source_item_metadata,[]
4794,other,CompiledRunner,r_8_16_32n1,METAL,0.007916707545518875,18560,16448,4794,4794,1,"{""other"": 1}",unclassified_source_item_metadata,[]
4795,other,CompiledRunner,r_2_32_4_2_4_64,METAL,0.08591660298407078,2197504,548928,4795,4795,1,"{""other"": 1}",unclassified_source_item_metadata,[]
4796,other,CompiledRunner,r_1536_16_128,METAL,0.11641660239547491,6709248,3166208,4796,4796,1,"{""other"": 1}",unclassified_source_item_metadata,[]
4797,other,CompiledRunner,r_16_96,METAL,0.01779163721948862,3392,6148,4797,4797,1,"{""other"": 1}",unclassified_source_item_metadata,[]
4798,other,CompiledRunner,E_16_32_3,METAL,0.13266666792333126,4608,21508,4798,4798,1,"{""other"": 1}",unclassified_source_item_metadata,[]
4799,other,CompiledRunner,r_16_96,METAL,0.14429166913032532,3392,6148,4799,4799,1,"{""other"": 1}",unclassified_source_item_metadata,[]
4800,other,CompiledRunner,r_128_32_3_384_4,METAL,0.5422499962151051,44064768,18981892,4800,4800,1,"{""other"": 1}",unclassified_source_item_metadata,[]
4801,other,CompiledRunner,r_1536_16_384,METAL,0.10274990927428007,113664000,9498624,4801,4801,1,"{""other"": 1}",unclassified_source_item_metadata,[]
4802,other,CompiledRunner,r_16_96,METAL,0.008083414286375046,3392,6148,4802,4802,1,"{""other"": 1}",unclassified_source_item_metadata,[]
4803,other,CompiledRunner,E_16_32_3,METAL,0.005958369001746178,4608,21508,4803,4803,1,"{""other"": 1}",unclassified_source_item_metadata,[]
4804,other,CompiledRunner,r_256_16_96n14,METAL,0.011124997399747372,897024,417792,4804,4804,1,"{""other"": 1}",unclassified_source_item_metadata,[]
4805,other,CompiledRunner,r_1536_16_16n1,METAL,0.008083297871053219,1204224,406528,4805,4805,1,"{""other"": 1}",unclassified_source_item_metadata,[]
4806,other,CompiledRunner,r_16_96,METAL,0.00795826781541109,3392,6148,4806,4806,1,"{""other"": 1}",unclassified_source_item_metadata,[]
4807,other,CompiledRunner,E_16_32_3n1,METAL,0.006499933078885078,6144,21510,4807,4807,1,"{""other"": 1}",unclassified_source_item_metadata,[]
4808,other,CompiledRunner,r_16_96,METAL,0.00783335417509079,3392,6148,4808,4808,1,"{""other"": 1}",unclassified_source_item_metadata,[]
4809,other,CompiledRunner,r_32_32_4_384_4,METAL,0.15908339992165565,14163968,6333444,4809,4809,1,"{""other"": 1}",unclassified_source_item_metadata,[]
4810,other,CompiledRunner,r_8_16_32n2,METAL,0.006958376616239548,10752,16416,4810,4810,1,"{""other"": 1}",unclassified_source_item_metadata,[]
4811,other,CompiledRunner,E_8_2_16_4_4,METAL,0.018499908037483692,95488,33824,4811,4811,1,"{""other"": 1}",unclassified_source_item_metadata,[]
4812,other,CompiledRunner,r_8_(gemma_start_pos_window+1)_16_32,METAL,0.02187490463256836,7208960,1482784,4812,4812,1,"{""other"": 1}",unclassified_source_item_metadata,[]
4813,other,CompiledRunner,r_2_4_(gemma_start_pos_window+1),METAL,0.25512499269098043,11266,22560,4813,4813,1,"{""other"": 1}",unclassified_source_item_metadata,[]
4814,other,CompiledRunner,r_2_4_(gemma_start_pos_window+1)n1,METAL,0.2832915633916855,22538,22592,4814,4814,1,"{""other"": 1}",unclassified_source_item_metadata,[]
4815,other,CompiledRunner,E_(gemma_start_pos_window+1)_2_4,METAL,0.0072499969974160194,22528,45120,4815,4815,1,"{""other"": 1}",unclassified_source_item_metadata,[]
4816,other,CompiledRunner,r_8_2_16_4_4_(gemma_start_pos_window+1),METAL,0.48087502364069223,5767424,1482784,4816,4816,1,"{""other"": 1}",unclassified_source_item_metadata,[]
4817,other,CompiledRunner,r_1536_16_256,METAL,0.03658328205347061,13000704,6320128,4817,4817,1,"{""other"": 1}",unclassified_source_item_metadata,[]
4818,other,CompiledRunner,r_16_96,METAL,0.008500064723193645,3392,6148,4818,4818,1,"{""other"": 1}",unclassified_source_item_metadata,[]
4819,other,CompiledRunner,E_16_32_3,METAL,0.04312500823289156,4608,21508,4819,4819,1,"{""other"": 1}",unclassified_source_item_metadata,[]
4820,other,CompiledRunner,r_16_96,METAL,0.11045834980905056,3392,6148,4820,4820,1,"{""other"": 1}",unclassified_source_item_metadata,[]
4821,other,CompiledRunner,r_128_32_3_384_4,METAL,0.18004165031015873,44064768,18981892,4821,4821,1,"{""other"": 1}",unclassified_source_item_metadata,[]
4822,other,CompiledRunner,r_1536_16_384,METAL,0.8955833036452532,113664000,9498624,4822,4822,1,"{""other"": 1}",unclassified_source_item_metadata,[]
4823,other,CompiledRunner,r_16_96,METAL,0.006958260200917721,3392,6148,4823,4823,1,"{""other"": 1}",unclassified_source_item_metadata,[]
4824,other,CompiledRunner,E_16_32_3,METAL,0.007375027053058147,4608,21508,4824,4824,1,"{""other"": 1}",unclassified_source_item_metadata,[]
4825,other,CompiledRunner,r_256_16_96n15,METAL,0.013999990187585354,897024,417792,4825,4825,1,"{""other"": 1}",unclassified_source_item_metadata,[]
4826,other,CompiledRunner,r_1536_16_16n1,METAL,0.011124997399747372,1204224,406528,4826,4826,1,"{""other"": 1}",unclassified_source_item_metadata,[]
4827,other,CompiledRunner,r_16_96,METAL,0.011750031262636185,3392,6148,4827,4827,1,"{""other"": 1}",unclassified_source_item_metadata,[]
4828,other,CompiledRunner,E_16_32_3n1,METAL,0.006458372808992863,6144,21510,4828,4828,1,"{""other"": 1}",unclassified_source_item_metadata,[]
4829,other,CompiledRunner,r_16_96,METAL,0.008500064723193645,3392,6148,4829,4829,1,"{""other"": 1}",unclassified_source_item_metadata,[]
4830,other,CompiledRunner,r_2048_16_96,METAL,0.028499984182417393,10027008,3171332,4830,4830,1,"{""other"": 1}",unclassified_source_item_metadata,[]
4831,other,CompiledRunner,r_8_16_16,METAL,0.006416579708456993,6656,8224,4831,4831,1,"{""other"": 1}",unclassified_source_item_metadata,[]
4832,other,CompiledRunner,E_16_2_16_4,METAL,0.008624978363513947,37888,16928,4832,4832,1,"{""other"": 1}",unclassified_source_item_metadata,[]
4833,other,CompiledRunner,r_4_32_4_2_4_32,METAL,0.023125088773667812,2097152,548864,4833,4833,1,"{""other"": 1}",unclassified_source_item_metadata,[]
4834,other,CompiledRunner,r_8_16_32,METAL,0.006458256393671036,12288,16416,4834,4834,1,"{""other"": 1}",unclassified_source_item_metadata,[]
4835,other,CompiledRunner,r_8_16_32n1,METAL,0.007458380423486233,18560,16448,4835,4835,1,"{""other"": 1}",unclassified_source_item_metadata,[]
4836,other,CompiledRunner,r_2_32_4_2_4_64,METAL,0.04170835018157959,2197504,548928,4836,4836,1,"{""other"": 1}",unclassified_source_item_metadata,[]
4837,other,CompiledRunner,r_1536_16_128,METAL,0.022416701540350914,6709248,3166208,4837,4837,1,"{""other"": 1}",unclassified_source_item_metadata,[]
4838,other,CompiledRunner,r_16_96,METAL,0.008625094778835773,3392,6148,4838,4838,1,"{""other"": 1}",unclassified_source_item_metadata,[]
4839,other,CompiledRunner,E_16_32_3,METAL,0.00600004568696022,4608,21508,4839,4839,1,"{""other"": 1}",unclassified_source_item_metadata,[]
4840,other,CompiledRunner,r_16_96,METAL,0.008499948307871819,3392,6148,4840,4840,1,"{""other"": 1}",unclassified_source_item_metadata,[]
4841,other,CompiledRunner,r_256_32_3_384_4,METAL,0.16425002831965685,88129536,37954564,4841,4841,1,"{""other"": 1}",unclassified_source_item_metadata,[]
4842,other,CompiledRunner,r_1536_16_768,METAL,0.27487496845424175,226910208,18984960,4842,4842,1,"{""other"": 1}",unclassified_source_item_metadata,[]
4843,other,CompiledRunner,r_16_96,METAL,0.052999937906861305,3392,6148,4843,4843,1,"{""other"": 1}",unclassified_source_item_metadata,[]
4844,other,CompiledRunner,E_16_32_3,METAL,0.04425004590302706,4608,21508,4844,4844,1,"{""other"": 1}",unclassified_source_item_metadata,[]
4845,other,CompiledRunner,r_256_16_96n16,METAL,0.11987495236098766,897024,417792,4845,4845,1,"{""other"": 1}",unclassified_source_item_metadata,[]
4846,other,CompiledRunner,r_1536_16_16n1,METAL,0.6556250154972076,1204224,406528,4846,4846,1,"{""other"": 1}",unclassified_source_item_metadata,[]
4847,other,CompiledRunner,r_16_96,METAL,0.00866665504872799,3392,6148,4847,4847,1,"{""other"": 1}",unclassified_source_item_metadata,[]
4848,other,CompiledRunner,E_16_32_3n1,METAL,0.006458372808992863,6144,21510,4848,4848,1,"{""other"": 1}",unclassified_source_item_metadata,[]
4849,other,CompiledRunner,r_16_96,METAL,0.008541624993085861,3392,6148,4849,4849,1,"{""other"": 1}",unclassified_source_item_metadata,[]
4850,other,CompiledRunner,r_2048_16_96,METAL,0.027125002816319466,10027008,3171332,4850,4850,1,"{""other"": 1}",unclassified_source_item_metadata,[]
4851,other,CompiledRunner,r_8_16_16,METAL,0.007500057108700275,6656,8224,4851,4851,1,"{""other"": 1}",unclassified_source_item_metadata,[]
4852,other,CompiledRunner,E_16_2_16_4,METAL,0.011124997399747372,37888,16928,4852,4852,1,"{""other"": 1}",unclassified_source_item_metadata,[]
4853,other,CompiledRunner,r_4_32_4_2_4_32,METAL,0.029749935492873192,2097152,548864,4853,4853,1,"{""other"": 1}",unclassified_source_item_metadata,[]
4854,other,CompiledRunner,r_8_16_32,METAL,0.00883336178958416,12288,16416,4854,4854,1,"{""other"": 1}",unclassified_source_item_metadata,[]
4855,other,CompiledRunner,r_8_16_32n1,METAL,0.010874937288463116,18560,16448,4855,4855,1,"{""other"": 1}",unclassified_source_item_metadata,[]
4856,other,CompiledRunner,r_2_32_4_2_4_64,METAL,0.04199997056275606,2197504,548928,4856,4856,1,"{""other"": 1}",unclassified_source_item_metadata,[]
4857,other,CompiledRunner,r_1536_16_128,METAL,0.022583408281207085,6709248,3166208,4857,4857,1,"{""other"": 1}",unclassified_source_item_metadata,[]
4858,other,CompiledRunner,r_16_96,METAL,0.008541624993085861,3392,6148,4858,4858,1,"{""other"": 1}",unclassified_source_item_metadata,[]
4859,other,CompiledRunner,E_16_32_3,METAL,0.006124959327280521,4608,21508,4859,4859,1,"{""other"": 1}",unclassified_source_item_metadata,[]
4860,other,CompiledRunner,r_16_96,METAL,0.008875038474798203,3392,6148,4860,4860,1,"{""other"": 1}",unclassified_source_item_metadata,[]
4861,other,CompiledRunner,r_256_32_3_384_4,METAL,0.16195839270949364,88129536,37954564,4861,4861,1,"{""other"": 1}",unclassified_source_item_metadata,[]
4862,other,CompiledRunner,r_1536_16_768,METAL,0.2601250307634473,226910208,18984960,4862,4862,1,"{""other"": 1}",unclassified_source_item_metadata,[]
4863,other,CompiledRunner,r_16_96,METAL,0.008624978363513947,3392,6148,4863,4863,1,"{""other"": 1}",unclassified_source_item_metadata,[]
4864,other,CompiledRunner,E_16_32_3,METAL,0.007208320312201977,4608,21508,4864,4864,1,"{""other"": 1}",unclassified_source_item_metadata,[]
4865,other,CompiledRunner,r_256_16_96n17,METAL,0.08475000504404306,897024,417792,4865,4865,1,"{""other"": 1}",unclassified_source_item_metadata,[]
4866,other,CompiledRunner,r_1536_16_16n1,METAL,0.37062494084239006,1204224,406528,4866,4866,1,"{""other"": 1}",unclassified_source_item_metadata,[]
4867,other,CompiledRunner,r_16_96,METAL,0.335208373144269,3392,6148,4867,4867,1,"{""other"": 1}",unclassified_source_item_metadata,[]
4868,other,CompiledRunner,E_16_32_3n1,METAL,0.006500049494206905,6144,21510,4868,4868,1,"{""other"": 1}",unclassified_source_item_metadata,[]
4869,other,CompiledRunner,r_16_96,METAL,0.008583301678299904,3392,6148,4869,4869,1,"{""other"": 1}",unclassified_source_item_metadata,[]
4870,other,CompiledRunner,r_2048_16_96,METAL,0.012625008821487427,10027008,3171332,4870,4870,1,"{""other"": 1}",unclassified_source_item_metadata,[]
4871,other,CompiledRunner,r_8_16_16,METAL,0.0024583423510193825,6656,8224,4871,4871,1,"{""other"": 1}",unclassified_source_item_metadata,[]
4872,other,CompiledRunner,E_16_2_16_4,METAL,0.0036249402910470963,37888,16928,4872,4872,1,"{""other"": 1}",unclassified_source_item_metadata,[]
4873,other,CompiledRunner,r_4_32_4_2_4_32,METAL,0.009500072337687016,2097152,548864,4873,4873,1,"{""other"": 1}",unclassified_source_item_metadata,[]
4874,other,CompiledRunner,r_8_16_32,METAL,0.002500019036233425,12288,16416,4874,4874,1,"{""other"": 1}",unclassified_source_item_metadata,[]
4875,other,CompiledRunner,r_8_16_32n1,METAL,0.003125052899122238,18560,16448,4875,4875,1,"{""other"": 1}",unclassified_source_item_metadata,[]
4876,other,CompiledRunner,r_2_32_4_2_4_64,METAL,0.01637497916817665,2197504,548928,4876,4876,1,"{""other"": 1}",unclassified_source_item_metadata,[]
4877,other,CompiledRunner,r_1536_16_128,METAL,0.010208343155682087,6709248,3166208,4877,4877,1,"{""other"": 1}",unclassified_source_item_metadata,[]
4878,other,CompiledRunner,r_16_96,METAL,0.0033333199098706245,3392,6148,4878,4878,1,"{""other"": 1}",unclassified_source_item_metadata,[]
4879,other,CompiledRunner,E_16_32_3,METAL,0.002374988980591297,4608,21508,4879,4879,1,"{""other"": 1}",unclassified_source_item_metadata,[]
4880,other,CompiledRunner,r_16_96,METAL,0.0032084062695503235,3392,6148,4880,4880,1,"{""other"": 1}",unclassified_source_item_metadata,[]
4881,other,CompiledRunner,r_256_32_3_384_4,METAL,0.09837502148002386,88129536,37954564,4881,4881,1,"{""other"": 1}",unclassified_source_item_metadata,[]
4882,other,CompiledRunner,r_1536_16_768,METAL,0.08329167030751705,226910208,18984960,4882,4882,1,"{""other"": 1}",unclassified_source_item_metadata,[]
4883,other,CompiledRunner,r_16_96,METAL,0.003249966539442539,3392,6148,4883,4883,1,"{""other"": 1}",unclassified_source_item_metadata,[]
4884,other,CompiledRunner,E_16_32_3,METAL,0.008375034667551517,4608,21508,4884,4884,1,"{""other"": 1}",unclassified_source_item_metadata,[]
4885,other,CompiledRunner,r_256_16_96n18,METAL,0.05054171197116375,897024,417792,4885,4885,1,"{""other"": 1}",unclassified_source_item_metadata,[]
4886,other,CompiledRunner,r_1536_16_16n1,METAL,0.1188749447464943,1204224,406528,4886,4886,1,"{""other"": 1}",unclassified_source_item_metadata,[]
4887,other,CompiledRunner,r_16_96,METAL,0.003291643224656582,3392,6148,4887,4887,1,"{""other"": 1}",unclassified_source_item_metadata,[]
4888,other,CompiledRunner,E_16_32_3n1,METAL,0.0028333161026239395,6144,21510,4888,4888,1,"{""other"": 1}",unclassified_source_item_metadata,[]
4889,other,CompiledRunner,r_16_96,METAL,0.003291643224656582,3392,6148,4889,4889,1,"{""other"": 1}",unclassified_source_item_metadata,[]
4890,other,CompiledRunner,r_2048_16_96,METAL,0.012749922461807728,10027008,3171332,4890,4890,1,"{""other"": 1}",unclassified_source_item_metadata,[]
4891,other,CompiledRunner,r_8_16_16,METAL,0.002374988980591297,6656,8224,4891,4891,1,"{""other"": 1}",unclassified_source_item_metadata,[]
4892,other,CompiledRunner,E_16_2_16_4,METAL,0.003625056706368923,37888,16928,4892,4892,1,"{""other"": 1}",unclassified_source_item_metadata,[]
4893,other,CompiledRunner,r_4_32_4_2_4_32,METAL,0.009375042282044888,2097152,548864,4893,4893,1,"{""other"": 1}",unclassified_source_item_metadata,[]
4894,other,CompiledRunner,r_8_16_32,METAL,0.002500019036233425,12288,16416,4894,4894,1,"{""other"": 1}",unclassified_source_item_metadata,[]
4895,other,CompiledRunner,r_8_16_32n1,METAL,0.003249966539442539,18560,16448,4895,4895,1,"{""other"": 1}",unclassified_source_item_metadata,[]
4896,other,CompiledRunner,r_2_32_4_2_4_64,METAL,0.01625006552785635,2197504,548928,4896,4896,1,"{""other"": 1}",unclassified_source_item_metadata,[]
4897,other,CompiledRunner,r_1536_16_128,METAL,0.010333373211324215,6709248,3166208,4897,4897,1,"{""other"": 1}",unclassified_source_item_metadata,[]
4898,other,CompiledRunner,r_16_96,METAL,0.003250082954764366,3392,6148,4898,4898,1,"{""other"": 1}",unclassified_source_item_metadata,[]
4899,other,CompiledRunner,E_16_32_3,METAL,0.002500019036233425,4608,21508,4899,4899,1,"{""other"": 1}",unclassified_source_item_metadata,[]
4900,other,CompiledRunner,r_16_96,METAL,0.003250082954764366,3392,6148,4900,4900,1,"{""other"": 1}",unclassified_source_item_metadata,[]
4901,other,CompiledRunner,r_256_32_3_384_4,METAL,0.10566669516265392,88129536,37954564,4901,4901,1,"{""other"": 1}",unclassified_source_item_metadata,[]
4902,other,CompiledRunner,r_1536_16_768,METAL,0.08262507617473602,226910208,18984960,4902,4902,1,"{""other"": 1}",unclassified_source_item_metadata,[]
4903,other,CompiledRunner,r_16_96,METAL,0.003374996595084667,3392,6148,4903,4903,1,"{""other"": 1}",unclassified_source_item_metadata,[]
4904,other,CompiledRunner,E_16_32_3,METAL,0.002541695721447468,4608,21508,4904,4904,1,"{""other"": 1}",unclassified_source_item_metadata,[]
4905,other,CompiledRunner,r_256_16_96n19,METAL,0.004875008016824722,897024,417792,4905,4905,1,"{""other"": 1}",unclassified_source_item_metadata,[]
4906,other,CompiledRunner,r_1536_16_16n1,METAL,0.0037499703466892242,1204224,406528,4906,4906,1,"{""other"": 1}",unclassified_source_item_metadata,[]
4907,other,CompiledRunner,r_16_96,METAL,0.00341667328029871,3392,6148,4907,4907,1,"{""other"": 1}",unclassified_source_item_metadata,[]
4908,other,CompiledRunner,E_16_32_3n1,METAL,0.002500019036233425,6144,21510,4908,4908,1,"{""other"": 1}",unclassified_source_item_metadata,[]
4909,other,CompiledRunner,r_16_96,METAL,0.003291759639978409,3392,6148,4909,4909,1,"{""other"": 1}",unclassified_source_item_metadata,[]
4910,other,CompiledRunner,r_32_32_4_384_4,METAL,0.06345834117382765,14163968,6333444,4910,4910,1,"{""other"": 1}",unclassified_source_item_metadata,[]
4911,other,CompiledRunner,r_8_16_32n2,METAL,0.002916669473052025,10752,16416,4911,4911,1,"{""other"": 1}",unclassified_source_item_metadata,[]
4912,other,CompiledRunner,E_8_2_16_4_4,METAL,0.05937507376074791,95488,33824,4912,4912,1,"{""other"": 1}",unclassified_source_item_metadata,[]
4913,other,CompiledRunner,r_8_(gemma_start_pos_window+1)_16_32,METAL,0.0576250022277236,7208960,1482784,4913,4913,1,"{""other"": 1}",unclassified_source_item_metadata,[]
4914,other,CompiledRunner,r_2_4_(gemma_start_pos_window+1),METAL,0.10437506716698408,11266,22560,4914,4914,1,"{""other"": 1}",unclassified_source_item_metadata,[]
4915,other,CompiledRunner,r_2_4_(gemma_start_pos_window+1)n1,METAL,0.11220830492675304,22538,22592,4915,4915,1,"{""other"": 1}",unclassified_source_item_metadata,[]
4916,other,CompiledRunner,E_(gemma_start_pos_window+1)_2_4,METAL,0.0028333161026239395,22528,45120,4916,4916,1,"{""other"": 1}",unclassified_source_item_metadata,[]
4917,other,CompiledRunner,r_8_2_16_4_4_(gemma_start_pos_window+1),METAL,0.21349999587982893,5767424,1482784,4917,4917,1,"{""other"": 1}",unclassified_source_item_metadata,[]
4918,other,CompiledRunner,r_1536_16_256,METAL,0.01825008075684309,13000704,6320128,4918,4918,1,"{""other"": 1}",unclassified_source_item_metadata,[]
4919,other,CompiledRunner,r_16_96,METAL,0.0032082898542284966,3392,6148,4919,4919,1,"{""other"": 1}",unclassified_source_item_metadata,[]
4920,other,CompiledRunner,E_16_32_3,METAL,0.002500019036233425,4608,21508,4920,4920,1,"{""other"": 1}",unclassified_source_item_metadata,[]
4921,other,CompiledRunner,r_16_96,METAL,0.003374996595084667,3392,6148,4921,4921,1,"{""other"": 1}",unclassified_source_item_metadata,[]
4922,other,CompiledRunner,r_256_32_3_384_4,METAL,0.09700004011392593,88129536,37954564,4922,4922,1,"{""other"": 1}",unclassified_source_item_metadata,[]
4923,other,CompiledRunner,r_1536_16_768,METAL,0.08324999362230301,226910208,18984960,4923,4923,1,"{""other"": 1}",unclassified_source_item_metadata,[]
4924,other,CompiledRunner,r_16_96,METAL,0.003249966539442539,3392,6148,4924,4924,1,"{""other"": 1}",unclassified_source_item_metadata,[]
4925,other,CompiledRunner,E_16_32_3,METAL,0.002541695721447468,4608,21508,4925,4925,1,"{""other"": 1}",unclassified_source_item_metadata,[]
4926,other,CompiledRunner,r_256_16_96n20,METAL,0.005291658453643322,897024,417792,4926,4926,1,"{""other"": 1}",unclassified_source_item_metadata,[]
4927,other,CompiledRunner,r_1536_16_16n1,METAL,0.0037499703466892242,1204224,406528,4927,4927,1,"{""other"": 1}",unclassified_source_item_metadata,[]
4928,other,CompiledRunner,r_16_96,METAL,0.003291643224656582,3392,6148,4928,4928,1,"{""other"": 1}",unclassified_source_item_metadata,[]
4929,other,CompiledRunner,E_16_32_3n1,METAL,0.002541695721447468,6144,21510,4929,4929,1,"{""other"": 1}",unclassified_source_item_metadata,[]
4930,other,CompiledRunner,r_16_96,METAL,0.0033333199098706245,3392,6148,4930,4930,1,"{""other"": 1}",unclassified_source_item_metadata,[]
4931,other,CompiledRunner,r_2048_16_96,METAL,0.012708362191915512,10027008,3171332,4931,4931,1,"{""other"": 1}",unclassified_source_item_metadata,[]
4932,other,CompiledRunner,r_8_16_16,METAL,0.002541695721447468,6656,8224,4932,4932,1,"{""other"": 1}",unclassified_source_item_metadata,[]
4933,other,CompiledRunner,E_16_2_16_4,METAL,0.003541703335940838,37888,16928,4933,4933,1,"{""other"": 1}",unclassified_source_item_metadata,[]
4934,other,CompiledRunner,r_4_32_4_2_4_32,METAL,0.009375042282044888,2097152,548864,4934,4934,1,"{""other"": 1}",unclassified_source_item_metadata,[]
4935,other,CompiledRunner,r_8_16_32,METAL,0.002541695721447468,12288,16416,4935,4935,1,"{""other"": 1}",unclassified_source_item_metadata,[]
4936,other,CompiledRunner,r_8_16_32n1,METAL,0.003041699528694153,18560,16448,4936,4936,1,"{""other"": 1}",unclassified_source_item_metadata,[]
4937,other,CompiledRunner,r_2_32_4_2_4_64,METAL,0.024499953724443913,2197504,548928,4937,4937,1,"{""other"": 1}",unclassified_source_item_metadata,[]
4938,other,CompiledRunner,r_1536_16_128,METAL,0.02862501423805952,6709248,3166208,4938,4938,1,"{""other"": 1}",unclassified_source_item_metadata,[]
4939,other,CompiledRunner,r_16_96,METAL,0.15945825725793839,3392,6148,4939,4939,1,"{""other"": 1}",unclassified_source_item_metadata,[]
4940,other,CompiledRunner,E_16_32_3,METAL,0.002541579306125641,4608,21508,4940,4940,1,"{""other"": 1}",unclassified_source_item_metadata,[]
4941,other,CompiledRunner,r_16_96,METAL,0.003291643224656582,3392,6148,4941,4941,1,"{""other"": 1}",unclassified_source_item_metadata,[]
4942,other,CompiledRunner,r_256_32_3_384_4,METAL,0.09337498340755701,88129536,37954564,4942,4942,1,"{""other"": 1}",unclassified_source_item_metadata,[]
4943,other,CompiledRunner,r_1536_16_768,METAL,0.08445838466286659,226910208,18984960,4943,4943,1,"{""other"": 1}",unclassified_source_item_metadata,[]
4944,other,CompiledRunner,r_16_96,METAL,0.0033333199098706245,3392,6148,4944,4944,1,"{""other"": 1}",unclassified_source_item_metadata,[]
4945,other,CompiledRunner,E_16_32_3,METAL,0.002625049091875553,4608,21508,4945,4945,1,"{""other"": 1}",unclassified_source_item_metadata,[]
4946,other,CompiledRunner,r_256_16_96n21,METAL,0.005208305083215237,897024,417792,4946,4946,1,"{""other"": 1}",unclassified_source_item_metadata,[]
4947,other,CompiledRunner,r_1536_16_16n1,METAL,0.0038750004023313522,1204224,406528,4947,4947,1,"{""other"": 1}",unclassified_source_item_metadata,[]
4948,other,CompiledRunner,r_16_96,METAL,0.003125052899122238,3392,6148,4948,4948,1,"{""other"": 1}",unclassified_source_item_metadata,[]
4949,other,CompiledRunner,E_16_32_3n1,METAL,0.002625049091875553,6144,21510,4949,4949,1,"{""other"": 1}",unclassified_source_item_metadata,[]
4950,other,CompiledRunner,r_16_96,METAL,0.0032082898542284966,3392,6148,4950,4950,1,"{""other"": 1}",unclassified_source_item_metadata,[]
4951,other,CompiledRunner,r_2048_16_96,METAL,0.01237494871020317,10027008,3171332,4951,4951,1,"{""other"": 1}",unclassified_source_item_metadata,[]
4952,other,CompiledRunner,r_8_16_16,METAL,0.002249958924949169,6656,8224,4952,4952,1,"{""other"": 1}",unclassified_source_item_metadata,[]
4953,other,CompiledRunner,E_16_2_16_4,METAL,0.003500026650726795,37888,16928,4953,4953,1,"{""other"": 1}",unclassified_source_item_metadata,[]
4954,other,CompiledRunner,r_4_32_4_2_4_32,METAL,0.009124982170760632,2097152,548864,4954,4954,1,"{""other"": 1}",unclassified_source_item_metadata,[]
4955,other,CompiledRunner,r_8_16_32,METAL,0.002375105395913124,12288,16416,4955,4955,1,"{""other"": 1}",unclassified_source_item_metadata,[]
4956,other,CompiledRunner,r_8_16_32n1,METAL,0.002916669473052025,18560,16448,4956,4956,1,"{""other"": 1}",unclassified_source_item_metadata,[]
4957,other,CompiledRunner,r_2_32_4_2_4_64,METAL,0.01595832873135805,2197504,548928,4957,4957,1,"{""other"": 1}",unclassified_source_item_metadata,[]
4958,other,CompiledRunner,r_1536_16_128,METAL,0.0100000761449337,6709248,3166208,4958,4958,1,"{""other"": 1}",unclassified_source_item_metadata,[]
4959,other,CompiledRunner,r_16_96,METAL,0.0031249364838004112,3392,6148,4959,4959,1,"{""other"": 1}",unclassified_source_item_metadata,[]
4960,other,CompiledRunner,E_16_32_3,METAL,0.002500019036233425,4608,21508,4960,4960,1,"{""other"": 1}",unclassified_source_item_metadata,[]
4961,other,CompiledRunner,r_16_96,METAL,0.003250082954764366,3392,6148,4961,4961,1,"{""other"": 1}",unclassified_source_item_metadata,[]
4962,other,CompiledRunner,r_256_32_3_384_4,METAL,0.09362492710351944,88129536,37954564,4962,4962,1,"{""other"": 1}",unclassified_source_item_metadata,[]
4963,other,CompiledRunner,r_1536_16_768,METAL,0.08124997839331627,226910208,18984960,4963,4963,1,"{""other"": 1}",unclassified_source_item_metadata,[]
4964,other,CompiledRunner,r_16_96,METAL,0.0032084062695503235,3392,6148,4964,4964,1,"{""other"": 1}",unclassified_source_item_metadata,[]
4965,other,CompiledRunner,E_16_32_3,METAL,0.002624932676553726,4608,21508,4965,4965,1,"{""other"": 1}",unclassified_source_item_metadata,[]
4966,other,CompiledRunner,r_256_16_96n22,METAL,0.005458365194499493,897024,417792,4966,4966,1,"{""other"": 1}",unclassified_source_item_metadata,[]
4967,other,CompiledRunner,r_1536_16_16n1,METAL,0.10616669896990061,1204224,406528,4967,4967,1,"{""other"": 1}",unclassified_source_item_metadata,[]
4968,other,CompiledRunner,r_16_96,METAL,0.07724994793534279,3392,6148,4968,4968,1,"{""other"": 1}",unclassified_source_item_metadata,[]
4969,other,CompiledRunner,E_16_32_3n1,METAL,0.002541695721447468,6144,21510,4969,4969,1,"{""other"": 1}",unclassified_source_item_metadata,[]
4970,other,CompiledRunner,r_16_96,METAL,0.003166613169014454,3392,6148,4970,4970,1,"{""other"": 1}",unclassified_source_item_metadata,[]
4971,other,CompiledRunner,r_2048_16_96,METAL,0.012750038877129555,10027008,3171332,4971,4971,1,"{""other"": 1}",unclassified_source_item_metadata,[]
4972,other,CompiledRunner,r_8_16_16,METAL,0.002374988980591297,6656,8224,4972,4972,1,"{""other"": 1}",unclassified_source_item_metadata,[]
4973,other,CompiledRunner,E_16_2_16_4,METAL,0.003374996595084667,37888,16928,4973,4973,1,"{""other"": 1}",unclassified_source_item_metadata,[]
4974,other,CompiledRunner,r_4_32_4_2_4_32,METAL,0.00925001222640276,2097152,548864,4974,4974,1,"{""other"": 1}",unclassified_source_item_metadata,[]
4975,other,CompiledRunner,r_8_16_32,METAL,0.002499902620911598,12288,16416,4975,4975,1,"{""other"": 1}",unclassified_source_item_metadata,[]
4976,other,CompiledRunner,r_8_16_32n1,METAL,0.002874992787837982,18560,16448,4976,4976,1,"{""other"": 1}",unclassified_source_item_metadata,[]
4977,other,CompiledRunner,r_2_32_4_2_4_64,METAL,0.016124919056892395,2197504,548928,4977,4977,1,"{""other"": 1}",unclassified_source_item_metadata,[]
4978,other,CompiledRunner,r_1536_16_128,METAL,0.010375049896538258,6709248,3166208,4978,4978,1,"{""other"": 1}",unclassified_source_item_metadata,[]
4979,other,CompiledRunner,r_16_96,METAL,0.00300002284348011,3392,6148,4979,4979,1,"{""other"": 1}",unclassified_source_item_metadata,[]
4980,other,CompiledRunner,E_16_32_3,METAL,0.002374988980591297,4608,21508,4980,4980,1,"{""other"": 1}",unclassified_source_item_metadata,[]
4981,other,CompiledRunner,r_16_96,METAL,0.0030832597985863686,3392,6148,4981,4981,1,"{""other"": 1}",unclassified_source_item_metadata,[]
4982,other,CompiledRunner,r_256_32_3_384_4,METAL,0.09437510743737221,88129536,37954564,4982,4982,1,"{""other"": 1}",unclassified_source_item_metadata,[]
4983,other,CompiledRunner,r_1536_16_768,METAL,0.08079165127128363,226910208,18984960,4983,4983,1,"{""other"": 1}",unclassified_source_item_metadata,[]
4984,other,CompiledRunner,r_16_96,METAL,0.0032082898542284966,3392,6148,4984,4984,1,"{""other"": 1}",unclassified_source_item_metadata,[]
4985,other,CompiledRunner,E_16_32_3,METAL,0.00241666566580534,4608,21508,4985,4985,1,"{""other"": 1}",unclassified_source_item_metadata,[]
4986,other,CompiledRunner,r_256_16_96n23,METAL,0.005041714757680893,897024,417792,4986,4986,1,"{""other"": 1}",unclassified_source_item_metadata,[]
4987,other,CompiledRunner,r_1536_16_16n1,METAL,0.0036249402910470963,1204224,406528,4987,4987,1,"{""other"": 1}",unclassified_source_item_metadata,[]
4988,other,CompiledRunner,r_16_96,METAL,0.003125052899122238,3392,6148,4988,4988,1,"{""other"": 1}",unclassified_source_item_metadata,[]
4989,other,CompiledRunner,E_16_32_3n1,METAL,0.002625049091875553,6144,21510,4989,4989,1,"{""other"": 1}",unclassified_source_item_metadata,[]
4990,other,CompiledRunner,r_16_96,METAL,0.0031249364838004112,3392,6148,4990,4990,1,"{""other"": 1}",unclassified_source_item_metadata,[]
4991,other,CompiledRunner,r_2048_16_96,METAL,0.011625001206994057,10027008,3171332,4991,4991,1,"{""other"": 1}",unclassified_source_item_metadata,[]
4992,other,CompiledRunner,r_8_16_16,METAL,0.002166605554521084,6656,8224,4992,4992,1,"{""other"": 1}",unclassified_source_item_metadata,[]
4993,other,CompiledRunner,E_16_2_16_4,METAL,0.0037082936614751816,37888,16928,4993,4993,1,"{""other"": 1}",unclassified_source_item_metadata,[]
4994,other,CompiledRunner,r_4_32_4_2_4_32,METAL,0.014833291061222553,2097152,548864,4994,4994,1,"{""other"": 1}",unclassified_source_item_metadata,[]
4995,other,CompiledRunner,r_8_16_32,METAL,0.002541695721447468,12288,16416,4995,4995,1,"{""other"": 1}",unclassified_source_item_metadata,[]
4996,other,CompiledRunner,r_8_16_32n1,METAL,0.02662499900907278,18560,16448,4996,4996,1,"{""other"": 1}",unclassified_source_item_metadata,[]
4997,other,CompiledRunner,r_2_32_4_2_4_64,METAL,0.07587496656924486,2197504,548928,4997,4997,1,"{""other"": 1}",unclassified_source_item_metadata,[]
4998,other,CompiledRunner,r_1536_16_128,METAL,0.010333373211324215,6709248,3166208,4998,4998,1,"{""other"": 1}",unclassified_source_item_metadata,[]
4999,other,CompiledRunner,r_16_96,METAL,0.003166613169014454,3392,6148,4999,4999,1,"{""other"": 1}",unclassified_source_item_metadata,[]
5000,other,CompiledRunner,E_16_32_3,METAL,0.002541695721447468,4608,21508,5000,5000,1,"{""other"": 1}",unclassified_source_item_metadata,[]
5001,other,CompiledRunner,r_16_96,METAL,0.0032084062695503235,3392,6148,5001,5001,1,"{""other"": 1}",unclassified_source_item_metadata,[]
5002,other,CompiledRunner,r_256_32_3_384_4,METAL,0.09775010403245687,88129536,37954564,5002,5002,1,"{""other"": 1}",unclassified_source_item_metadata,[]
5003,other,CompiledRunner,r_1536_16_768,METAL,0.08183333557099104,226910208,18984960,5003,5003,1,"{""other"": 1}",unclassified_source_item_metadata,[]
5004,other,CompiledRunner,r_16_96,METAL,0.003249966539442539,3392,6148,5004,5004,1,"{""other"": 1}",unclassified_source_item_metadata,[]
5005,other,CompiledRunner,E_16_32_3,METAL,0.002624932676553726,4608,21508,5005,5005,1,"{""other"": 1}",unclassified_source_item_metadata,[]
5006,other,CompiledRunner,r_256_16_96n24,METAL,0.004875008016824722,897024,417792,5006,5006,1,"{""other"": 1}",unclassified_source_item_metadata,[]
5007,other,CompiledRunner,r_1536_16_16n1,METAL,0.0035832636058330536,1204224,406528,5007,5007,1,"{""other"": 1}",unclassified_source_item_metadata,[]
5008,other,CompiledRunner,r_16_96,METAL,0.0033333199098706245,3392,6148,5008,5008,1,"{""other"": 1}",unclassified_source_item_metadata,[]
5009,other,CompiledRunner,E_16_32_3n1,METAL,0.0025832559913396835,6144,21510,5009,5009,1,"{""other"": 1}",unclassified_source_item_metadata,[]
5010,other,CompiledRunner,r_16_96,METAL,0.003249966539442539,3392,6148,5010,5010,1,"{""other"": 1}",unclassified_source_item_metadata,[]
5011,other,CompiledRunner,r_32_32_4_384_4,METAL,0.06283342372626066,14163968,6333444,5011,5011,1,"{""other"": 1}",unclassified_source_item_metadata,[]
5012,other,CompiledRunner,r_8_16_32n2,METAL,0.00300002284348011,10752,16416,5012,5012,1,"{""other"": 1}",unclassified_source_item_metadata,[]
5013,other,CompiledRunner,E_8_2_16_4_4,METAL,0.009124982170760632,95488,33824,5013,5013,1,"{""other"": 1}",unclassified_source_item_metadata,[]
5014,other,CompiledRunner,r_8_(gemma_start_pos_window+1)_16_32,METAL,0.0076249707490205765,7208960,1482784,5014,5014,1,"{""other"": 1}",unclassified_source_item_metadata,[]
5015,other,CompiledRunner,r_2_4_(gemma_start_pos_window+1),METAL,0.10208343155682087,11266,22560,5015,5015,1,"{""other"": 1}",unclassified_source_item_metadata,[]
5016,other,CompiledRunner,r_2_4_(gemma_start_pos_window+1)n1,METAL,0.11000002268701792,22538,22592,5016,5016,1,"{""other"": 1}",unclassified_source_item_metadata,[]
5017,other,CompiledRunner,E_(gemma_start_pos_window+1)_2_4,METAL,0.002749962732195854,22528,45120,5017,5017,1,"{""other"": 1}",unclassified_source_item_metadata,[]
5018,other,CompiledRunner,r_8_2_16_4_4_(gemma_start_pos_window+1),METAL,0.21154165733605623,5767424,1482784,5018,5018,1,"{""other"": 1}",unclassified_source_item_metadata,[]
5019,other,CompiledRunner,r_1536_16_256,METAL,0.018791761249303818,13000704,6320128,5019,5019,1,"{""other"": 1}",unclassified_source_item_metadata,[]
5020,other,CompiledRunner,r_16_96,METAL,0.00300002284348011,3392,6148,5020,5020,1,"{""other"": 1}",unclassified_source_item_metadata,[]
5021,other,CompiledRunner,E_16_32_3,METAL,0.00241666566580534,4608,21508,5021,5021,1,"{""other"": 1}",unclassified_source_item_metadata,[]
5022,other,CompiledRunner,r_16_96,METAL,0.03674998879432678,3392,6148,5022,5022,1,"{""other"": 1}",unclassified_source_item_metadata,[]
5023,other,CompiledRunner,r_256_32_3_384_4,METAL,0.10087492410093546,88129536,37954564,5023,5023,1,"{""other"": 1}",unclassified_source_item_metadata,[]
5024,other,CompiledRunner,r_1536_16_768,METAL,0.08154159877449274,226910208,18984960,5024,5024,1,"{""other"": 1}",unclassified_source_item_metadata,[]
5025,other,CompiledRunner,r_16_96,METAL,0.003166613169014454,3392,6148,5025,5025,1,"{""other"": 1}",unclassified_source_item_metadata,[]
5026,other,CompiledRunner,E_16_32_3,METAL,0.002500019036233425,4608,21508,5026,5026,1,"{""other"": 1}",unclassified_source_item_metadata,[]
5027,other,CompiledRunner,r_256_16_96n25,METAL,0.005083391442894936,897024,417792,5027,5027,1,"{""other"": 1}",unclassified_source_item_metadata,[]
5028,other,CompiledRunner,r_1536_16_16n1,METAL,0.0039583537727594376,1204224,406528,5028,5028,1,"{""other"": 1}",unclassified_source_item_metadata,[]
5029,other,CompiledRunner,r_16_96,METAL,0.003249966539442539,3392,6148,5029,5029,1,"{""other"": 1}",unclassified_source_item_metadata,[]
5030,other,CompiledRunner,E_16_32_3n1,METAL,0.002374988980591297,6144,21510,5030,5030,1,"{""other"": 1}",unclassified_source_item_metadata,[]
5031,other,CompiledRunner,r_16_96,METAL,0.0032084062695503235,3392,6148,5031,5031,1,"{""other"": 1}",unclassified_source_item_metadata,[]
5032,other,CompiledRunner,r_2048_16_96,METAL,0.011874944902956486,10027008,3171332,5032,5032,1,"{""other"": 1}",unclassified_source_item_metadata,[]
5033,other,CompiledRunner,r_8_16_16,METAL,0.002375105395913124,6656,8224,5033,5033,1,"{""other"": 1}",unclassified_source_item_metadata,[]
5034,other,CompiledRunner,E_16_2_16_4,METAL,0.0036249402910470963,37888,16928,5034,5034,1,"{""other"": 1}",unclassified_source_item_metadata,[]
5035,other,CompiledRunner,r_4_32_4_2_4_32,METAL,0.009375042282044888,2097152,548864,5035,5035,1,"{""other"": 1}",unclassified_source_item_metadata,[]
5036,other,CompiledRunner,r_8_16_32,METAL,0.002500019036233425,12288,16416,5036,5036,1,"{""other"": 1}",unclassified_source_item_metadata,[]
5037,other,CompiledRunner,r_8_16_32n1,METAL,0.002874992787837982,18560,16448,5037,5037,1,"{""other"": 1}",unclassified_source_item_metadata,[]
5038,other,CompiledRunner,r_2_32_4_2_4_64,METAL,0.016124919056892395,2197504,548928,5038,5038,1,"{""other"": 1}",unclassified_source_item_metadata,[]
5039,other,CompiledRunner,r_1536_16_128,METAL,0.01025001984089613,6709248,3166208,5039,5039,1,"{""other"": 1}",unclassified_source_item_metadata,[]
5040,other,CompiledRunner,r_16_96,METAL,0.0030832597985863686,3392,6148,5040,5040,1,"{""other"": 1}",unclassified_source_item_metadata,[]
5041,other,CompiledRunner,E_16_32_3,METAL,0.002291635610163212,4608,21508,5041,5041,1,"{""other"": 1}",unclassified_source_item_metadata,[]
5042,other,CompiledRunner,r_16_96,METAL,0.003249966539442539,3392,6148,5042,5042,1,"{""other"": 1}",unclassified_source_item_metadata,[]
5043,other,CompiledRunner,r_256_32_3_384_4,METAL,0.17662509344518185,88129536,37954564,5043,5043,1,"{""other"": 1}",unclassified_source_item_metadata,[]
5044,other,CompiledRunner,r_1536_16_768,METAL,0.08087500464171171,226910208,18984960,5044,5044,1,"{""other"": 1}",unclassified_source_item_metadata,[]
5045,other,CompiledRunner,r_16_96,METAL,0.003249966539442539,3392,6148,5045,5045,1,"{""other"": 1}",unclassified_source_item_metadata,[]
5046,other,CompiledRunner,E_16_32_3,METAL,0.0025832559913396835,4608,21508,5046,5046,1,"{""other"": 1}",unclassified_source_item_metadata,[]
5047,other,CompiledRunner,r_256_16_96n26,METAL,0.004958361387252808,897024,417792,5047,5047,1,"{""other"": 1}",unclassified_source_item_metadata,[]
5048,other,CompiledRunner,r_1536_16_16n1,METAL,0.0037082936614751816,1204224,406528,5048,5048,1,"{""other"": 1}",unclassified_source_item_metadata,[]
5049,other,CompiledRunner,r_16_96,METAL,0.003250082954764366,3392,6148,5049,5049,1,"{""other"": 1}",unclassified_source_item_metadata,[]
5050,other,CompiledRunner,E_16_32_3n1,METAL,0.0025833724066615105,6144,21510,5050,5050,1,"{""other"": 1}",unclassified_source_item_metadata,[]
5051,other,CompiledRunner,r_16_96,METAL,0.0031249364838004112,3392,6148,5051,5051,1,"{""other"": 1}",unclassified_source_item_metadata,[]
5052,other,CompiledRunner,r_2048_16_96,METAL,0.012125005014240742,10027008,3171332,5052,5052,1,"{""other"": 1}",unclassified_source_item_metadata,[]
5053,other,CompiledRunner,r_8_16_16,METAL,0.002374988980591297,6656,8224,5053,5053,1,"{""other"": 1}",unclassified_source_item_metadata,[]
5054,other,CompiledRunner,E_16_2_16_4,METAL,0.003625056706368923,37888,16928,5054,5054,1,"{""other"": 1}",unclassified_source_item_metadata,[]
5055,other,CompiledRunner,r_4_32_4_2_4_32,METAL,0.008958391845226288,2097152,548864,5055,5055,1,"{""other"": 1}",unclassified_source_item_metadata,[]
5056,other,CompiledRunner,r_8_16_32,METAL,0.00241666566580534,12288,16416,5056,5056,1,"{""other"": 1}",unclassified_source_item_metadata,[]
5057,other,CompiledRunner,r_8_16_32n1,METAL,0.0031249364838004112,18560,16448,5057,5057,1,"{""other"": 1}",unclassified_source_item_metadata,[]
5058,other,CompiledRunner,r_2_32_4_2_4_64,METAL,0.01579162199050188,2197504,548928,5058,5058,1,"{""other"": 1}",unclassified_source_item_metadata,[]
5059,other,CompiledRunner,r_1536_16_128,METAL,0.009583309292793274,6709248,3166208,5059,5059,1,"{""other"": 1}",unclassified_source_item_metadata,[]
5060,other,CompiledRunner,r_16_96,METAL,0.0031249364838004112,3392,6148,5060,5060,1,"{""other"": 1}",unclassified_source_item_metadata,[]
5061,other,CompiledRunner,E_16_32_3,METAL,0.002374988980591297,4608,21508,5061,5061,1,"{""other"": 1}",unclassified_source_item_metadata,[]
5062,other,CompiledRunner,r_16_96,METAL,0.003041699528694153,3392,6148,5062,5062,1,"{""other"": 1}",unclassified_source_item_metadata,[]
5063,other,CompiledRunner,r_256_32_3_384_4,METAL,0.08866668213158846,88129536,37954564,5063,5063,1,"{""other"": 1}",unclassified_source_item_metadata,[]
5064,other,CompiledRunner,r_1536_16_768,METAL,0.08124997839331627,226910208,18984960,5064,5064,1,"{""other"": 1}",unclassified_source_item_metadata,[]
5065,other,CompiledRunner,r_16_96,METAL,0.0032082898542284966,3392,6148,5065,5065,1,"{""other"": 1}",unclassified_source_item_metadata,[]
5066,other,CompiledRunner,E_16_32_3,METAL,0.0027082860469818115,4608,21508,5066,5066,1,"{""other"": 1}",unclassified_source_item_metadata,[]
5067,other,CompiledRunner,r_256_16_96n27,METAL,0.004749977961182594,897024,417792,5067,5067,1,"{""other"": 1}",unclassified_source_item_metadata,[]
5068,other,CompiledRunner,r_1536_16_16n1,METAL,0.003625056706368923,1204224,406528,5068,5068,1,"{""other"": 1}",unclassified_source_item_metadata,[]
5069,other,CompiledRunner,r_16_96,METAL,0.0032082898542284966,3392,6148,5069,5069,1,"{""other"": 1}",unclassified_source_item_metadata,[]
5070,other,CompiledRunner,E_16_32_3n1,METAL,0.0024583423510193825,6144,21510,5070,5070,1,"{""other"": 1}",unclassified_source_item_metadata,[]
5071,other,CompiledRunner,r_16_96,METAL,0.0031249364838004112,3392,6148,5071,5071,1,"{""other"": 1}",unclassified_source_item_metadata,[]
5072,other,CompiledRunner,r_2048_16_96,METAL,0.04579161759465933,10027008,3171332,5072,5072,1,"{""other"": 1}",unclassified_source_item_metadata,[]
5073,other,CompiledRunner,r_8_16_16,METAL,0.15395833179354668,6656,8224,5073,5073,1,"{""other"": 1}",unclassified_source_item_metadata,[]
5074,other,CompiledRunner,E_16_2_16_4,METAL,0.003500026650726795,37888,16928,5074,5074,1,"{""other"": 1}",unclassified_source_item_metadata,[]
5075,other,CompiledRunner,r_4_32_4_2_4_32,METAL,0.009041628800332546,2097152,548864,5075,5075,1,"{""other"": 1}",unclassified_source_item_metadata,[]
5076,other,CompiledRunner,r_8_16_32,METAL,0.002500019036233425,12288,16416,5076,5076,1,"{""other"": 1}",unclassified_source_item_metadata,[]
5077,other,CompiledRunner,r_8_16_32n1,METAL,0.0029999064281582832,18560,16448,5077,5077,1,"{""other"": 1}",unclassified_source_item_metadata,[]
5078,other,CompiledRunner,r_2_32_4_2_4_64,METAL,0.016416655853390694,2197504,548928,5078,5078,1,"{""other"": 1}",unclassified_source_item_metadata,[]
5079,other,CompiledRunner,r_1536_16_128,METAL,0.01025001984089613,6709248,3166208,5079,5079,1,"{""other"": 1}",unclassified_source_item_metadata,[]
5080,other,CompiledRunner,r_16_96,METAL,0.0033333199098706245,3392,6148,5080,5080,1,"{""other"": 1}",unclassified_source_item_metadata,[]
5081,other,CompiledRunner,E_16_32_3,METAL,0.002500019036233425,4608,21508,5081,5081,1,"{""other"": 1}",unclassified_source_item_metadata,[]
5082,other,CompiledRunner,r_16_96,METAL,0.0032082898542284966,3392,6148,5082,5082,1,"{""other"": 1}",unclassified_source_item_metadata,[]
5083,other,CompiledRunner,r_256_32_3_384_4,METAL,0.09566673543304205,88129536,37954564,5083,5083,1,"{""other"": 1}",unclassified_source_item_metadata,[]
5084,other,CompiledRunner,r_1536_16_768,METAL,0.08087500464171171,226910208,18984960,5084,5084,1,"{""other"": 1}",unclassified_source_item_metadata,[]
5085,other,CompiledRunner,r_16_96,METAL,0.003249966539442539,3392,6148,5085,5085,1,"{""other"": 1}",unclassified_source_item_metadata,[]
5086,other,CompiledRunner,E_16_32_3,METAL,0.002500019036233425,4608,21508,5086,5086,1,"{""other"": 1}",unclassified_source_item_metadata,[]
5087,other,CompiledRunner,r_256_16_96n28,METAL,0.004875008016824722,897024,417792,5087,5087,1,"{""other"": 1}",unclassified_source_item_metadata,[]
5088,other,CompiledRunner,r_1536_16_16n1,METAL,0.0037499703466892242,1204224,406528,5088,5088,1,"{""other"": 1}",unclassified_source_item_metadata,[]
5089,other,CompiledRunner,r_16_96,METAL,0.0032082898542284966,3392,6148,5089,5089,1,"{""other"": 1}",unclassified_source_item_metadata,[]
5090,other,CompiledRunner,E_16_32_3n1,METAL,0.0027084024623036385,6144,21510,5090,5090,1,"{""other"": 1}",unclassified_source_item_metadata,[]
5091,other,CompiledRunner,r_16_96,METAL,0.003250082954764366,3392,6148,5091,5091,1,"{""other"": 1}",unclassified_source_item_metadata,[]
5092,other,CompiledRunner,r_2048_16_96,METAL,0.011999974958598614,10027008,3171332,5092,5092,1,"{""other"": 1}",unclassified_source_item_metadata,[]
5093,other,CompiledRunner,r_8_16_16,METAL,0.0023334287106990814,6656,8224,5093,5093,1,"{""other"": 1}",unclassified_source_item_metadata,[]
5094,other,CompiledRunner,E_16_2_16_4,METAL,0.003541703335940838,37888,16928,5094,5094,1,"{""other"": 1}",unclassified_source_item_metadata,[]
5095,other,CompiledRunner,r_4_32_4_2_4_32,METAL,0.009124982170760632,2097152,548864,5095,5095,1,"{""other"": 1}",unclassified_source_item_metadata,[]
5096,other,CompiledRunner,r_8_16_32,METAL,0.0024583423510193825,12288,16416,5096,5096,1,"{""other"": 1}",unclassified_source_item_metadata,[]
5097,other,CompiledRunner,r_8_16_32n1,METAL,0.00300002284348011,18560,16448,5097,5097,1,"{""other"": 1}",unclassified_source_item_metadata,[]
5098,other,CompiledRunner,r_2_32_4_2_4_64,METAL,0.015874975360929966,2197504,548928,5098,5098,1,"{""other"": 1}",unclassified_source_item_metadata,[]
5099,other,CompiledRunner,r_1536_16_128,METAL,0.00966666266322136,6709248,3166208,5099,5099,1,"{""other"": 1}",unclassified_source_item_metadata,[]
5100,other,CompiledRunner,r_16_96,METAL,0.0031249364838004112,3392,6148,5100,5100,1,"{""other"": 1}",unclassified_source_item_metadata,[]
5101,other,CompiledRunner,E_16_32_3,METAL,0.00241666566580534,4608,21508,5101,5101,1,"{""other"": 1}",unclassified_source_item_metadata,[]
5102,other,CompiledRunner,r_16_96,METAL,0.008791685104370117,3392,6148,5102,5102,1,"{""other"": 1}",unclassified_source_item_metadata,[]
5103,other,CompiledRunner,r_256_32_3_384_4,METAL,0.25708333123475313,88129536,37954564,5103,5103,1,"{""other"": 1}",unclassified_source_item_metadata,[]
5104,other,CompiledRunner,r_1536_16_768,METAL,0.08124997839331627,226910208,18984960,5104,5104,1,"{""other"": 1}",unclassified_source_item_metadata,[]
5105,other,CompiledRunner,r_16_96,METAL,0.003166613169014454,3392,6148,5105,5105,1,"{""other"": 1}",unclassified_source_item_metadata,[]
5106,other,CompiledRunner,E_16_32_3,METAL,0.002500019036233425,4608,21508,5106,5106,1,"{""other"": 1}",unclassified_source_item_metadata,[]
5107,other,CompiledRunner,r_256_16_96n29,METAL,0.004916568286716938,897024,417792,5107,5107,1,"{""other"": 1}",unclassified_source_item_metadata,[]
5108,other,CompiledRunner,r_1536_16_16n1,METAL,0.0037082936614751816,1204224,406528,5108,5108,1,"{""other"": 1}",unclassified_source_item_metadata,[]
5109,other,CompiledRunner,r_16_96,METAL,0.003249966539442539,3392,6148,5109,5109,1,"{""other"": 1}",unclassified_source_item_metadata,[]
5110,other,CompiledRunner,E_16_32_3n1,METAL,0.002500019036233425,6144,21510,5110,5110,1,"{""other"": 1}",unclassified_source_item_metadata,[]
5111,other,CompiledRunner,r_16_96,METAL,0.0032082898542284966,3392,6148,5111,5111,1,"{""other"": 1}",unclassified_source_item_metadata,[]
5112,other,CompiledRunner,r_32_32_4_384_4,METAL,0.06179162301123142,14163968,6333444,5112,5112,1,"{""other"": 1}",unclassified_source_item_metadata,[]
5113,other,CompiledRunner,r_8_16_32n2,METAL,0.002874992787837982,10752,16416,5113,5113,1,"{""other"": 1}",unclassified_source_item_metadata,[]
5114,other,CompiledRunner,E_8_2_16_4_4,METAL,0.007916591130197048,95488,33824,5114,5114,1,"{""other"": 1}",unclassified_source_item_metadata,[]
5115,other,CompiledRunner,r_8_(gemma_start_pos_window+1)_16_32,METAL,0.007500057108700275,7208960,1482784,5115,5115,1,"{""other"": 1}",unclassified_source_item_metadata,[]
5116,other,CompiledRunner,r_2_4_(gemma_start_pos_window+1),METAL,0.10008341632783413,11266,22560,5116,5116,1,"{""other"": 1}",unclassified_source_item_metadata,[]
5117,other,CompiledRunner,r_2_4_(gemma_start_pos_window+1)n1,METAL,0.10837498120963573,22538,22592,5117,5117,1,"{""other"": 1}",unclassified_source_item_metadata,[]
5118,other,CompiledRunner,E_(gemma_start_pos_window+1)_2_4,METAL,0.002874992787837982,22528,45120,5118,5118,1,"{""other"": 1}",unclassified_source_item_metadata,[]
5119,other,CompiledRunner,r_8_2_16_4_4_(gemma_start_pos_window+1),METAL,0.20733335986733437,5767424,1482784,5119,5119,1,"{""other"": 1}",unclassified_source_item_metadata,[]
5120,other,CompiledRunner,r_1536_16_256,METAL,0.017291633412241936,13000704,6320128,5120,5120,1,"{""other"": 1}",unclassified_source_item_metadata,[]
5121,other,CompiledRunner,r_16_96,METAL,0.0029999064281582832,3392,6148,5121,5121,1,"{""other"": 1}",unclassified_source_item_metadata,[]
5122,other,CompiledRunner,E_16_32_3,METAL,0.0024583423510193825,4608,21508,5122,5122,1,"{""other"": 1}",unclassified_source_item_metadata,[]
5123,other,CompiledRunner,r_16_96,METAL,0.0032082898542284966,3392,6148,5123,5123,1,"{""other"": 1}",unclassified_source_item_metadata,[]
5124,other,CompiledRunner,r_256_32_3_384_4,METAL,0.08991663344204426,88129536,37954564,5124,5124,1,"{""other"": 1}",unclassified_source_item_metadata,[]
5125,other,CompiledRunner,r_1536_16_768,METAL,0.08158339187502861,226910208,18984960,5125,5125,1,"{""other"": 1}",unclassified_source_item_metadata,[]
5126,other,CompiledRunner,r_16_96,METAL,0.003125052899122238,3392,6148,5126,5126,1,"{""other"": 1}",unclassified_source_item_metadata,[]
5127,other,CompiledRunner,E_16_32_3,METAL,0.002541695721447468,4608,21508,5127,5127,1,"{""other"": 1}",unclassified_source_item_metadata,[]
5128,other,CompiledRunner,r_256_16_96n30,METAL,0.004749977961182594,897024,417792,5128,5128,1,"{""other"": 1}",unclassified_source_item_metadata,[]
5129,other,CompiledRunner,r_1536_16_16n1,METAL,0.019291648641228676,1204224,406528,5129,5129,1,"{""other"": 1}",unclassified_source_item_metadata,[]
5130,other,CompiledRunner,r_16_96,METAL,0.03016658592969179,3392,6148,5130,5130,1,"{""other"": 1}",unclassified_source_item_metadata,[]
5131,other,CompiledRunner,E_16_32_3n1,METAL,0.1541667152196169,6144,21510,5131,5131,1,"{""other"": 1}",unclassified_source_item_metadata,[]
5132,other,CompiledRunner,r_16_96,METAL,0.003125052899122238,3392,6148,5132,5132,1,"{""other"": 1}",unclassified_source_item_metadata,[]
5133,other,CompiledRunner,r_2048_16_96,METAL,0.012458418495953083,10027008,3171332,5133,5133,1,"{""other"": 1}",unclassified_source_item_metadata,[]
5134,other,CompiledRunner,r_8_16_16,METAL,0.0024583423510193825,6656,8224,5134,5134,1,"{""other"": 1}",unclassified_source_item_metadata,[]
5135,other,CompiledRunner,E_16_2_16_4,METAL,0.0035833800211548805,37888,16928,5135,5135,1,"{""other"": 1}",unclassified_source_item_metadata,[]
5136,other,CompiledRunner,r_4_32_4_2_4_32,METAL,0.00925001222640276,2097152,548864,5136,5136,1,"{""other"": 1}",unclassified_source_item_metadata,[]
5137,other,CompiledRunner,r_8_16_32,METAL,0.002499902620911598,12288,16416,5137,5137,1,"{""other"": 1}",unclassified_source_item_metadata,[]
5138,other,CompiledRunner,r_8_16_32n1,METAL,0.002916669473052025,18560,16448,5138,5138,1,"{""other"": 1}",unclassified_source_item_metadata,[]
5139,other,CompiledRunner,r_2_32_4_2_4_64,METAL,0.01579162199050188,2197504,548928,5139,5139,1,"{""other"": 1}",unclassified_source_item_metadata,[]
5140,other,CompiledRunner,r_1536_16_128,METAL,0.010124989785254002,6709248,3166208,5140,5140,1,"{""other"": 1}",unclassified_source_item_metadata,[]
5141,other,CompiledRunner,r_16_96,METAL,0.003166729584336281,3392,6148,5141,5141,1,"{""other"": 1}",unclassified_source_item_metadata,[]
5142,other,CompiledRunner,E_16_32_3,METAL,0.0024583423510193825,4608,21508,5142,5142,1,"{""other"": 1}",unclassified_source_item_metadata,[]
5143,other,CompiledRunner,r_16_96,METAL,0.0031249364838004112,3392,6148,5143,5143,1,"{""other"": 1}",unclassified_source_item_metadata,[]
5144,other,CompiledRunner,r_256_32_3_384_4,METAL,0.09437499102205038,88129536,37954564,5144,5144,1,"{""other"": 1}",unclassified_source_item_metadata,[]
5145,other,CompiledRunner,r_1536_16_768,METAL,0.08120830170810223,226910208,18984960,5145,5145,1,"{""other"": 1}",unclassified_source_item_metadata,[]
5146,other,CompiledRunner,r_16_96,METAL,0.0032084062695503235,3392,6148,5146,5146,1,"{""other"": 1}",unclassified_source_item_metadata,[]
5147,other,CompiledRunner,E_16_32_3,METAL,0.002500019036233425,4608,21508,5147,5147,1,"{""other"": 1}",unclassified_source_item_metadata,[]
5148,other,CompiledRunner,r_256_16_96n31,METAL,0.004875008016824722,897024,417792,5148,5148,1,"{""other"": 1}",unclassified_source_item_metadata,[]
5149,other,CompiledRunner,r_1536_16_16n1,METAL,0.003625056706368923,1204224,406528,5149,5149,1,"{""other"": 1}",unclassified_source_item_metadata,[]
5150,other,CompiledRunner,r_16_96,METAL,0.0032084062695503235,3392,6148,5150,5150,1,"{""other"": 1}",unclassified_source_item_metadata,[]
5151,other,CompiledRunner,E_16_32_3n1,METAL,0.002625049091875553,6144,21510,5151,5151,1,"{""other"": 1}",unclassified_source_item_metadata,[]
5152,other,CompiledRunner,r_16_96,METAL,0.0031249364838004112,3392,6148,5152,5152,1,"{""other"": 1}",unclassified_source_item_metadata,[]
5153,other,CompiledRunner,r_2048_16_96,METAL,0.011375057511031628,10027008,3171332,5153,5153,1,"{""other"": 1}",unclassified_source_item_metadata,[]
5154,other,CompiledRunner,r_8_16_16,METAL,0.0023333122953772545,6656,8224,5154,5154,1,"{""other"": 1}",unclassified_source_item_metadata,[]
5155,other,CompiledRunner,E_16_2_16_4,METAL,0.0036249402910470963,37888,16928,5155,5155,1,"{""other"": 1}",unclassified_source_item_metadata,[]
5156,other,CompiledRunner,r_4_32_4_2_4_32,METAL,0.009083305485546589,2097152,548864,5156,5156,1,"{""other"": 1}",unclassified_source_item_metadata,[]
5157,other,CompiledRunner,r_8_16_32,METAL,0.002499902620911598,12288,16416,5157,5157,1,"{""other"": 1}",unclassified_source_item_metadata,[]
5158,other,CompiledRunner,r_8_16_32n1,METAL,0.00300002284348011,18560,16448,5158,5158,1,"{""other"": 1}",unclassified_source_item_metadata,[]
5159,other,CompiledRunner,r_2_32_4_2_4_64,METAL,0.015500001609325409,2197504,548928,5159,5159,1,"{""other"": 1}",unclassified_source_item_metadata,[]
5160,other,CompiledRunner,r_1536_16_128,METAL,0.009291688911616802,6709248,3166208,5160,5160,1,"{""other"": 1}",unclassified_source_item_metadata,[]
5161,other,CompiledRunner,r_16_96,METAL,0.003125052899122238,3392,6148,5161,5161,1,"{""other"": 1}",unclassified_source_item_metadata,[]
5162,other,CompiledRunner,E_16_32_3,METAL,0.002374988980591297,4608,21508,5162,5162,1,"{""other"": 1}",unclassified_source_item_metadata,[]
5163,other,CompiledRunner,r_16_96,METAL,0.003249966539442539,3392,6148,5163,5163,1,"{""other"": 1}",unclassified_source_item_metadata,[]
5164,other,CompiledRunner,r_256_32_3_384_4,METAL,0.25649997405707836,88129536,37954564,5164,5164,1,"{""other"": 1}",unclassified_source_item_metadata,[]
5165,other,CompiledRunner,r_1536_16_768,METAL,0.08100003469735384,226910208,18984960,5165,5165,1,"{""other"": 1}",unclassified_source_item_metadata,[]
5166,other,CompiledRunner,r_16_96,METAL,0.0032084062695503235,3392,6148,5166,5166,1,"{""other"": 1}",unclassified_source_item_metadata,[]
5167,other,CompiledRunner,E_16_32_3,METAL,0.002541695721447468,4608,21508,5167,5167,1,"{""other"": 1}",unclassified_source_item_metadata,[]
5168,other,CompiledRunner,r_256_16_96n32,METAL,0.005208305083215237,897024,417792,5168,5168,1,"{""other"": 1}",unclassified_source_item_metadata,[]
5169,other,CompiledRunner,r_1536_16_16n1,METAL,0.0037082936614751816,1204224,406528,5169,5169,1,"{""other"": 1}",unclassified_source_item_metadata,[]
5170,other,CompiledRunner,r_16_96,METAL,0.003166729584336281,3392,6148,5170,5170,1,"{""other"": 1}",unclassified_source_item_metadata,[]
5171,other,CompiledRunner,E_16_32_3n1,METAL,0.002500019036233425,6144,21510,5171,5171,1,"{""other"": 1}",unclassified_source_item_metadata,[]
5172,other,CompiledRunner,r_16_96,METAL,0.003125052899122238,3392,6148,5172,5172,1,"{""other"": 1}",unclassified_source_item_metadata,[]
5173,other,CompiledRunner,r_2048_16_96,METAL,0.011875061318278313,10027008,3171332,5173,5173,1,"{""other"": 1}",unclassified_source_item_metadata,[]
5174,other,CompiledRunner,r_8_16_16,METAL,0.002374988980591297,6656,8224,5174,5174,1,"{""other"": 1}",unclassified_source_item_metadata,[]
5175,other,CompiledRunner,E_16_2_16_4,METAL,0.0034583499655127525,37888,16928,5175,5175,1,"{""other"": 1}",unclassified_source_item_metadata,[]
5176,other,CompiledRunner,r_4_32_4_2_4_32,METAL,0.00900006853044033,2097152,548864,5176,5176,1,"{""other"": 1}",unclassified_source_item_metadata,[]
5177,other,CompiledRunner,r_8_16_32,METAL,0.002500019036233425,12288,16416,5177,5177,1,"{""other"": 1}",unclassified_source_item_metadata,[]
5178,other,CompiledRunner,r_8_16_32n1,METAL,0.002874992787837982,18560,16448,5178,5178,1,"{""other"": 1}",unclassified_source_item_metadata,[]
5179,other,CompiledRunner,r_2_32_4_2_4_64,METAL,0.01579162199050188,2197504,548928,5179,5179,1,"{""other"": 1}",unclassified_source_item_metadata,[]
5180,other,CompiledRunner,r_1536_16_128,METAL,0.009583309292793274,6709248,3166208,5180,5180,1,"{""other"": 1}",unclassified_source_item_metadata,[]
5181,other,CompiledRunner,r_16_96,METAL,0.003125052899122238,3392,6148,5181,5181,1,"{""other"": 1}",unclassified_source_item_metadata,[]
5182,other,CompiledRunner,E_16_32_3,METAL,0.002374988980591297,4608,21508,5182,5182,1,"{""other"": 1}",unclassified_source_item_metadata,[]
5183,other,CompiledRunner,r_16_96,METAL,0.0029999064281582832,3392,6148,5183,5183,1,"{""other"": 1}",unclassified_source_item_metadata,[]
5184,other,CompiledRunner,r_256_32_3_384_4,METAL,0.0860416330397129,88129536,37954564,5184,5184,1,"{""other"": 1}",unclassified_source_item_metadata,[]
5185,other,CompiledRunner,r_1536_16_768,METAL,0.08074997458606958,226910208,18984960,5185,5185,1,"{""other"": 1}",unclassified_source_item_metadata,[]
5186,other,CompiledRunner,r_16_96,METAL,0.003041699528694153,3392,6148,5186,5186,1,"{""other"": 1}",unclassified_source_item_metadata,[]
5187,other,CompiledRunner,E_16_32_3,METAL,0.002500019036233425,4608,21508,5187,5187,1,"{""other"": 1}",unclassified_source_item_metadata,[]
5188,other,CompiledRunner,r_256_16_96n33,METAL,0.00483333133161068,897024,417792,5188,5188,1,"{""other"": 1}",unclassified_source_item_metadata,[]
5189,other,CompiledRunner,r_1536_16_16n1,METAL,0.0037499703466892242,1204224,406528,5189,5189,1,"{""other"": 1}",unclassified_source_item_metadata,[]
5190,other,CompiledRunner,r_16_96,METAL,0.003125052899122238,3392,6148,5190,5190,1,"{""other"": 1}",unclassified_source_item_metadata,[]
5191,other,CompiledRunner,E_16_32_3n1,METAL,0.002625049091875553,6144,21510,5191,5191,1,"{""other"": 1}",unclassified_source_item_metadata,[]
5192,other,CompiledRunner,r_16_96,METAL,0.003041583113372326,3392,6148,5192,5192,1,"{""other"": 1}",unclassified_source_item_metadata,[]
5193,other,CompiledRunner,r_2048_16_96,METAL,0.011874944902956486,10027008,3171332,5193,5193,1,"{""other"": 1}",unclassified_source_item_metadata,[]
5194,other,CompiledRunner,r_8_16_16,METAL,0.002374988980591297,6656,8224,5194,5194,1,"{""other"": 1}",unclassified_source_item_metadata,[]
5195,other,CompiledRunner,E_16_2_16_4,METAL,0.04962494131177664,37888,16928,5195,5195,1,"{""other"": 1}",unclassified_source_item_metadata,[]
5196,other,CompiledRunner,r_4_32_4_2_4_32,METAL,0.1526250271126628,2097152,548864,5196,5196,1,"{""other"": 1}",unclassified_source_item_metadata,[]
5197,other,CompiledRunner,r_8_16_32,METAL,0.002500019036233425,12288,16416,5197,5197,1,"{""other"": 1}",unclassified_source_item_metadata,[]
5198,other,CompiledRunner,r_8_16_32n1,METAL,0.0032082898542284966,18560,16448,5198,5198,1,"{""other"": 1}",unclassified_source_item_metadata,[]
5199,other,CompiledRunner,r_2_32_4_2_4_64,METAL,0.015750061720609665,2197504,548928,5199,5199,1,"{""other"": 1}",unclassified_source_item_metadata,[]
5200,other,CompiledRunner,r_1536_16_128,METAL,0.009999959729611874,6709248,3166208,5200,5200,1,"{""other"": 1}",unclassified_source_item_metadata,[]
5201,other,CompiledRunner,r_16_96,METAL,0.003249966539442539,3392,6148,5201,5201,1,"{""other"": 1}",unclassified_source_item_metadata,[]
5202,other,CompiledRunner,E_16_32_3,METAL,0.00241666566580534,4608,21508,5202,5202,1,"{""other"": 1}",unclassified_source_item_metadata,[]
5203,other,CompiledRunner,r_16_96,METAL,0.003249966539442539,3392,6148,5203,5203,1,"{""other"": 1}",unclassified_source_item_metadata,[]
5204,other,CompiledRunner,r_256_32_3_384_4,METAL,0.10062498040497303,88129536,37954564,5204,5204,1,"{""other"": 1}",unclassified_source_item_metadata,[]
5205,other,CompiledRunner,r_1536_16_768,METAL,0.08116674143821001,226910208,18984960,5205,5205,1,"{""other"": 1}",unclassified_source_item_metadata,[]
5206,other,CompiledRunner,r_16_96,METAL,0.003166613169014454,3392,6148,5206,5206,1,"{""other"": 1}",unclassified_source_item_metadata,[]
5207,other,CompiledRunner,E_16_32_3,METAL,0.002541695721447468,4608,21508,5207,5207,1,"{""other"": 1}",unclassified_source_item_metadata,[]
5208,other,CompiledRunner,r_256_16_96n34,METAL,0.00500003807246685,897024,417792,5208,5208,1,"{""other"": 1}",unclassified_source_item_metadata,[]
5209,other,CompiledRunner,r_1536_16_16n1,METAL,0.0037082936614751816,1204224,406528,5209,5209,1,"{""other"": 1}",unclassified_source_item_metadata,[]
5210,other,CompiledRunner,r_16_96,METAL,0.003041583113372326,3392,6148,5210,5210,1,"{""other"": 1}",unclassified_source_item_metadata,[]
5211,other,CompiledRunner,E_16_32_3n1,METAL,0.002500019036233425,6144,21510,5211,5211,1,"{""other"": 1}",unclassified_source_item_metadata,[]
5212,other,CompiledRunner,r_16_96,METAL,0.0032082898542284966,3392,6148,5212,5212,1,"{""other"": 1}",unclassified_source_item_metadata,[]
5213,other,CompiledRunner,r_32_32_4_384_4,METAL,0.06250001024454832,14163968,6333444,5213,5213,1,"{""other"": 1}",unclassified_source_item_metadata,[]
5214,other,CompiledRunner,r_8_16_32n2,METAL,0.0030833762139081955,10752,16416,5214,5214,1,"{""other"": 1}",unclassified_source_item_metadata,[]
5215,other,CompiledRunner,E_8_2_16_4_4,METAL,0.009083305485546589,95488,33824,5215,5215,1,"{""other"": 1}",unclassified_source_item_metadata,[]
5216,other,CompiledRunner,r_8_(gemma_start_pos_window+1)_16_32,METAL,0.0076249707490205765,7208960,1482784,5216,5216,1,"{""other"": 1}",unclassified_source_item_metadata,[]
5217,other,CompiledRunner,r_2_4_(gemma_start_pos_window+1),METAL,0.10212499182671309,11266,22560,5217,5217,1,"{""other"": 1}",unclassified_source_item_metadata,[]
5218,other,CompiledRunner,r_2_4_(gemma_start_pos_window+1)n1,METAL,0.11016672942787409,22538,22592,5218,5218,1,"{""other"": 1}",unclassified_source_item_metadata,[]
5219,other,CompiledRunner,E_(gemma_start_pos_window+1)_2_4,METAL,0.002875109203159809,22528,45120,5219,5219,1,"{""other"": 1}",unclassified_source_item_metadata,[]
5220,other,CompiledRunner,r_8_2_16_4_4_(gemma_start_pos_window+1),METAL,0.2109999768435955,5767424,1482784,5220,5220,1,"{""other"": 1}",unclassified_source_item_metadata,[]
5221,other,CompiledRunner,r_1536_16_256,METAL,0.015874975360929966,13000704,6320128,5221,5221,1,"{""other"": 1}",unclassified_source_item_metadata,[]
5222,other,CompiledRunner,r_16_96,METAL,0.0032084062695503235,3392,6148,5222,5222,1,"{""other"": 1}",unclassified_source_item_metadata,[]
5223,other,CompiledRunner,E_16_32_3,METAL,0.0024583423510193825,4608,21508,5223,5223,1,"{""other"": 1}",unclassified_source_item_metadata,[]
5224,other,CompiledRunner,r_16_96,METAL,0.009708339348435402,3392,6148,5224,5224,1,"{""other"": 1}",unclassified_source_item_metadata,[]
5225,other,CompiledRunner,r_256_32_3_384_4,METAL,0.2567500341683626,88129536,37954564,5225,5225,1,"{""other"": 1}",unclassified_source_item_metadata,[]
5226,other,CompiledRunner,r_1536_16_768,METAL,0.08087500464171171,226910208,18984960,5226,5226,1,"{""other"": 1}",unclassified_source_item_metadata,[]
5227,other,CompiledRunner,r_16_96,METAL,0.003250082954764366,3392,6148,5227,5227,1,"{""other"": 1}",unclassified_source_item_metadata,[]
5228,other,CompiledRunner,E_16_32_3,METAL,0.0025833724066615105,4608,21508,5228,5228,1,"{""other"": 1}",unclassified_source_item_metadata,[]
5229,other,CompiledRunner,r_256_16_96n35,METAL,0.004999921657145023,897024,417792,5229,5229,1,"{""other"": 1}",unclassified_source_item_metadata,[]
5230,other,CompiledRunner,r_1536_16_16n1,METAL,0.0037499703466892242,1204224,406528,5230,5230,1,"{""other"": 1}",unclassified_source_item_metadata,[]
5231,other,CompiledRunner,r_16_96,METAL,0.003041699528694153,3392,6148,5231,5231,1,"{""other"": 1}",unclassified_source_item_metadata,[]
5232,other,CompiledRunner,E_16_32_3n1,METAL,0.002541695721447468,6144,21510,5232,5232,1,"{""other"": 1}",unclassified_source_item_metadata,[]
5233,other,CompiledRunner,r_16_96,METAL,0.0032082898542284966,3392,6148,5233,5233,1,"{""other"": 1}",unclassified_source_item_metadata,[]
5234,other,CompiledRunner,r_2048_32_4_384_4,METAL,3.533500013872981,908066816,1611670532,5234,5234,1,"{""other"": 1}",unclassified_source_item_metadata,[]
5235,other,CompiledRunner,r_256_16_64,METAL,0.004791654646396637,655360,1049600,5235,5235,1,"{""other"": 1}",unclassified_source_item_metadata,[]
5236,other,CompiledRunner,r_16_16n1,METAL,0.002291635610163212,1024,1028,5236,5236,1,"{""other"": 1}",unclassified_source_item_metadata,[]
5237,other,CompiledRunner,r_256_16_64n1,METAL,0.004125060513615608,1441792,1049604,5237,5237,1,"{""other"": 1}",unclassified_source_item_metadata,[]
5238,other,CompiledRunner,r_16_16n2,METAL,0.027416623197495937,1040,1028,5238,5238,1,"{""other"": 1}",unclassified_source_item_metadata,[]
